time,Tmp Husillo,Tmp Nozzle,Diametro X,Diametro Y,RPM TRAC
2015-8-13 8:30:1,63.3,152.3,1.918,2.034608,3.5
2015-8-13 8:30:2,63.3,152.3,1.895061,2.057594,3.5
2015-8-13 8:30:4,63.3,152.3,1.883591,2.011622,3.5
2015-8-13 8:30:6,63.3,152.4,1.860651,1.977143,2.3875
2015-8-13 8:30:7,63.3,152.4,1.872121,1.988636,2.3875
2015-8-13 8:30:9,63.3,152.3,1.90653,1.96565,1.4975
2015-8-13 8:30:10,63.3,152.3,1.918,1.942664,1.4975
2015-8-13 8:30:12,63.2,152.3,1.94094,1.919678,3.5
2015-8-13 8:30:14,63.2,152.3,1.96388,1.896692,3.5
2015-8-13 8:30:15,63.2,152.3,1.98682,1.931171,3.5
2015-8-13 8:30:17,63.2,152.3,2.009759,1.988636,3.5
2015-8-13 8:30:18,63.2,152.2,2.009759,2.034608,3.5
2015-8-13 8:30:20,63.2,152.1,1.895061,2.057594,3.5
2015-8-13 8:30:22,63.2,152.1,1.734482,2.057594,3.5
2015-8-13 8:30:23,63.2,152,1.516554,2.057594,3.5
2015-8-13 8:30:25,63.2,151.9,1.298627,1.942664,2.3875
2015-8-13 8:30:26,63.2,151.9,1.183928,1.816241,2.3875
2015-8-13 8:30:28,63.2,151.8,1.126578,1.712803,1.4975
2015-8-13 8:30:30,63.2,151.7,1.138048,1.609366,1.4975
2015-8-13 8:30:31,63.2,151.7,1.149518,1.505929,1.4975
2015-8-13 8:30:33,63.2,151.6,1.149518,1.402492,1.4975
2015-8-13 8:30:34,63.1,151.5,1.138048,1.299054,1.4975
2015-8-13 8:30:36,63.1,151.5,1.103639,1.230096,1.4975
2015-8-13 8:30:38,63.1,151.4,1.264217,1.195617,1.4975
2015-8-13 8:30:39,63.1,151.4,1.654193,1.172631,1.4975
2015-8-13 8:30:41,63.1,151.3,1.814771,1.172631,1.4975
2015-8-13 8:30:42,63.1,151.3,1.711542,1.184124,1.4975
2015-8-13 8:30:44,63.1,151.2,1.367446,1.149645,2.3875
2015-8-13 8:30:46,63.1,151.2,1.034819,1.126659,2.3875
2015-8-13 8:30:47,63.1,151.2,1.01188,1.413985,1.4975
2015-8-13 8:30:49,63.1,151.3,1.138048,1.781762,1.4975
2015-8-13 8:30:50,63.1,151.3,1.619783,1.862213,1.4975
2015-8-13 8:30:52,63.1,151.3,1.860651,1.712803,1.4975
2015-8-13 8:30:54,63.1,151.3,1.92947,1.425478,2.61
2015-8-13 8:30:55,63,151.3,1.860651,1.080687,2.61
2015-8-13 8:30:57,63,151.4,1.562434,1.000236,3.5
2015-8-13 8:30:58,63,151.4,1.596844,1.563394,3.5
2015-8-13 8:31:0,63,151.5,1.619783,1.908185,2.3875
2015-8-13 8:31:2,63,151.5,1.585374,1.747282,2.3875
2015-8-13 8:31:3,63.1,151.5,1.791832,1.517422,3.5
2015-8-13 8:31:5,63.1,151.6,1.665663,1.666831,3.5
2015-8-13 8:31:6,63.1,151.6,1.631253,1.574887,3.5
2015-8-13 8:31:8,63.1,151.7,1.505085,1.758775,3.5
2015-8-13 8:31:10,63.1,151.7,1.562434,1.678324,1.4975
2015-8-13 8:31:11,63.1,151.7,1.700073,1.643845,1.4975
2015-8-13 8:31:13,63.1,151.7,1.768892,1.620859,1.4975
2015-8-13 8:31:14,63,151.7,1.791832,1.643845,1.4975
2015-8-13 8:31:16,63,151.7,1.768892,1.563394,2.3875
2015-8-13 8:31:18,63,151.7,1.745952,1.494436,2.3875
2015-8-13 8:31:19,63,151.7,1.700073,1.597873,3.2775
2015-8-13 8:31:21,63,151.7,1.677133,1.793254,3.2775
2015-8-13 8:31:22,63.1,151.7,1.642723,1.839227,2.165
2015-8-13 8:31:24,63.1,151.7,1.585374,1.781762,2.165
2015-8-13 8:31:26,63.1,151.6,1.505085,1.735789,1.4975
2015-8-13 8:31:27,63.1,151.6,1.470675,1.70131,1.4975
2015-8-13 8:31:29,63.1,151.5,1.447735,1.712803,1.4975
2015-8-13 8:31:30,63.1,151.5,1.436265,1.724296,1.4975
2015-8-13 8:31:32,63.1,151.5,1.436265,1.689817,1.4975
2015-8-13 8:31:34,63.1,151.4,1.424795,1.620859,1.4975
2015-8-13 8:31:35,63.1,151.4,1.436265,1.574887,1.4975
2015-8-13 8:31:37,63.1,151.3,1.493615,1.505929,1.4975
2015-8-13 8:31:38,63.1,151.2,1.505085,1.494436,1.4975
2015-8-13 8:31:40,63.2,151.2,1.516554,1.459957,1.4975
2015-8-13 8:31:42,63.1,151.1,1.482145,1.448464,1.4975
2015-8-13 8:31:43,63.1,151.1,1.493615,1.448464,1.4975
2015-8-13 8:31:45,63.1,151,1.516554,1.436971,1.4975
2015-8-13 8:31:46,63.1,151,1.516554,1.448464,1.4975
2015-8-13 8:31:48,63.1,150.9,1.550964,1.482943,1.4975
2015-8-13 8:31:50,63.1,150.9,1.562434,1.517422,1.4975
2015-8-13 8:31:51,63.1,150.8,1.573904,1.528915,1.4975
2015-8-13 8:31:53,63.1,150.8,1.619783,1.494436,1.4975
2015-8-13 8:31:54,63,150.7,1.631253,1.528915,1.4975
2015-8-13 8:31:56,63,150.7,1.608313,1.528915,1.4975
2015-8-13 8:31:58,63,150.7,1.585374,1.505929,2.61
2015-8-13 8:31:59,63,150.6,1.528024,1.528915,2.61
2015-8-13 8:32:1,63,150.6,1.539494,1.540408,1.4975
2015-8-13 8:32:2,63,150.6,1.539494,1.597873,1.4975
2015-8-13 8:32:4,63,150.6,1.528024,1.597873,1.4975
2015-8-13 8:32:6,63,150.6,1.539494,1.574887,1.4975
2015-8-13 8:32:7,63.1,150.6,1.505085,1.540408,1.4975
2015-8-13 8:32:9,63.1,150.6,1.550964,1.505929,1.4975
2015-8-13 8:32:10,63.1,150.7,1.631253,1.494436,1.4975
2015-8-13 8:32:12,63.1,150.7,1.700073,1.517422,1.4975
2015-8-13 8:32:14,63.1,150.7,1.757422,1.528915,2.61
2015-8-13 8:32:15,63.1,150.8,1.849181,1.517422,2.61
2015-8-13 8:32:17,63.1,150.8,1.94094,1.517422,3.5
2015-8-13 8:32:18,63.2,150.9,1.94094,1.620859,3.5
2015-8-13 8:32:20,63.1,150.9,1.97535,1.747282,3.5
2015-8-13 8:32:22,63.1,150.9,1.92947,1.873706,3.5
2015-8-13 8:32:23,63.1,150.9,1.837711,1.954157,3.5
2015-8-13 8:32:25,63.1,150.9,1.814771,2.011622,3.5
2015-8-13 8:32:26,63.1,150.9,1.883591,2.011622,2.3875
2015-8-13 8:32:28,63,150.9,1.883591,1.954157,2.3875
2015-8-13 8:32:30,63,150.9,1.918,1.919678,3.5
2015-8-13 8:32:31,63,150.9,2.078579,1.908185,3.5
2015-8-13 8:32:33,63,150.9,2.135928,1.931171,3.5
2015-8-13 8:32:34,63,150.9,2.101518,1.942664,3.5
2015-8-13 8:32:36,63,150.8,2.009759,2.069087,3.5
2015-8-13 8:32:38,63,150.8,1.90653,2.161031,3.5
2015-8-13 8:32:39,63,150.8,1.826241,2.161031,3.5
2015-8-13 8:32:41,63,150.7,1.745952,2.092073,3.5
2015-8-13 8:32:42,63,150.7,1.688603,1.988636,3.055
2015-8-13 8:32:44,63,150.6,1.665663,1.885199,3.055
2015-8-13 8:32:46,63,150.6,1.700073,1.816241,1.9425
2015-8-13 8:32:47,63,150.5,1.734482,1.781762,1.9425
2015-8-13 8:32:49,63,150.4,1.780362,1.758775,2.8325
2015-8-13 8:32:50,63,150.4,1.872121,1.724296,2.8325
2015-8-13 8:32:52,63,150.3,1.90653,1.712803,3.5
2015-8-13 8:32:54,63,150.3,1.90653,1.770268,3.5
2015-8-13 8:32:55,63,150.2,1.872121,1.839227,3.5
2015-8-13 8:32:57,63,150.1,1.860651,1.908185,3.5
2015-8-13 8:32:58,63,150.1,1.883591,1.919678,2.3875
2015-8-13 8:33:0,63,150,1.918,1.908185,2.3875
2015-8-13 8:33:2,63,150,1.90653,1.885199,3.5
2015-8-13 8:33:3,63,149.9,1.895061,1.873706,3.5
2015-8-13 8:33:5,63,149.9,1.90653,1.919678,3.5
2015-8-13 8:33:6,63,149.8,1.883591,1.931171,3.5
2015-8-13 8:33:8,63,149.8,1.872121,1.896692,3.5
2015-8-13 8:33:10,63,149.8,1.918,1.919678,3.5
2015-8-13 8:33:11,63,149.8,1.94094,1.896692,2.3875
2015-8-13 8:33:13,63,149.7,1.98682,1.885199,2.3875
2015-8-13 8:33:14,63,149.8,2.032699,1.885199,3.5
2015-8-13 8:33:16,63,149.8,2.090049,1.931171,3.5
2015-8-13 8:33:18,63,149.8,2.078579,1.977143,3.5
2015-8-13 8:33:19,63,149.9,2.009759,2.069087,3.5
2015-8-13 8:33:21,63,149.9,1.97535,2.149539,3.5
2015-8-13 8:33:22,63,150,1.998289,2.138045,3.5
2015-8-13 8:33:24,63,150.1,1.98682,2.115059,3.5
2015-8-13 8:33:26,63,150.2,1.92947,2.069087,3.5
2015-8-13 8:33:27,63,150.3,1.883591,2.092073,3.5
2015-8-13 8:33:29,63,150.4,1.849181,2.069087,3.5
2015-8-13 8:33:30,63,150.6,1.837711,2.046101,2.3875
2015-8-13 8:33:32,62.9,150.7,1.803301,2.011622,2.3875
2015-8-13 8:33:34,62.9,150.9,1.826241,1.954157,1.4975
2015-8-13 8:33:35,62.9,151,1.849181,1.908185,1.4975
2015-8-13 8:33:37,62.9,151.2,1.860651,1.885199,1.4975
2015-8-13 8:33:38,62.9,151.2,1.872121,1.873706,1.4975
2015-8-13 8:33:40,62.9,151.4,1.883591,1.839227,2.61
2015-8-13 8:33:42,62.9,151.5,1.860651,1.827734,2.61
2015-8-13 8:33:43,62.9,151.7,1.849181,1.873706,3.5
2015-8-13 8:33:45,62.9,151.8,1.791832,1.908185,3.5
2015-8-13 8:33:46,63,151.9,1.677133,1.896692,2.3875
2015-8-13 8:33:48,63,152,1.562434,1.873706,2.3875
2015-8-13 8:33:50,63,152.1,1.413326,1.827734,1.4975
2015-8-13 8:33:51,63,152.2,1.470675,1.793254,1.4975
2015-8-13 8:33:53,63,152.3,1.677133,1.735789,1.4975
2015-8-13 8:33:54,62.9,152.3,1.872121,1.747282,1.4975
2015-8-13 8:33:56,62.9,152.4,1.883591,1.632352,2.3875
2015-8-13 8:33:58,62.9,152.5,1.895061,1.574887,2.3875
2015-8-13 8:33:59,62.9,152.5,1.895061,1.425478,3.5
2015-8-13 8:34:1,62.9,152.5,1.895061,1.643845,3.5
2015-8-13 8:34:2,62.9,152.6,1.895061,2.023115,3.5
2015-8-13 8:34:4,63,152.6,1.883591,2.023115,3.5
2015-8-13 8:34:6,62.9,152.6,1.895061,1.942664,2.3875
2015-8-13 8:34:7,62.9,152.6,1.918,1.919678,2.3875
2015-8-13 8:34:9,62.9,152.6,1.94094,1.942664,3.5
2015-8-13 8:34:10,62.9,152.6,1.94094,1.931171,3.5
2015-8-13 8:34:12,62.9,152.6,1.95241,1.954157,3.5
2015-8-13 8:34:14,62.9,152.5,1.95241,1.988636,3.5
2015-8-13 8:34:15,63,152.4,1.92947,2.011622,3.5
2015-8-13 8:34:17,62.9,152.4,1.92947,2.000129,3.5
2015-8-13 8:34:18,62.9,152.3,1.95241,1.96565,3.5
2015-8-13 8:34:20,62.9,152.3,1.895061,1.96565,3.5
2015-8-13 8:34:22,62.9,152.3,1.883591,1.96565,3.5
2015-8-13 8:34:23,63,152.2,1.872121,2.000129,3.5
2015-8-13 8:34:25,63,152.1,1.803301,1.954157,2.3875
2015-8-13 8:34:26,63,152,1.642723,1.96565,2.3875
2015-8-13 8:34:28,63,152,1.642723,1.977143,1.9425
2015-8-13 8:34:30,63,151.9,1.95241,1.96565,1.9425
2015-8-13 8:34:31,63,151.9,1.918,1.942664,1.4975
2015-8-13 8:34:33,63,151.8,1.918,1.896692,1.4975
2015-8-13 8:34:34,63,151.7,1.895061,1.839227,3.5
2015-8-13 8:34:36,63,151.7,1.872121,1.689817,3.5
2015-8-13 8:34:38,63,151.7,1.803301,2.000129,2.3875
2015-8-13 8:34:39,63,151.6,1.791832,1.954157,2.3875
2015-8-13 8:34:41,63,151.6,1.757422,1.931171,1.4975
2015-8-13 8:34:42,63,151.5,1.768892,1.908185,1.4975
2015-8-13 8:34:44,63,151.5,1.791832,1.896692,1.4975
2015-8-13 8:34:46,63,151.5,1.803301,1.862213,1.4975
2015-8-13 8:34:47,63,151.5,1.803301,1.827734,2.3875
2015-8-13 8:34:49,63,151.5,1.826241,1.804748,2.3875
2015-8-13 8:34:50,63,151.5,1.791832,1.781762,3.5
2015-8-13 8:34:52,63,151.5,1.837711,1.781762,3.5
2015-8-13 8:34:54,63,151.6,1.872121,1.827734,2.3875
2015-8-13 8:34:55,63,151.6,1.883591,1.827734,2.3875
2015-8-13 8:34:57,63.1,151.7,1.872121,1.862213,3.5
2015-8-13 8:34:58,63,151.7,1.883591,1.873706,3.5
2015-8-13 8:35:0,63.1,151.7,1.883591,1.931171,2.3875
2015-8-13 8:35:2,63.1,151.7,1.872121,1.919678,2.3875
2015-8-13 8:35:3,63.1,151.7,1.837711,1.919678,3.5
2015-8-13 8:35:5,63.1,151.8,1.826241,1.908185,3.5
2015-8-13 8:35:6,63.1,151.7,1.826241,1.908185,2.3875
2015-8-13 8:35:8,63.1,151.8,1.849181,1.896692,2.3875
2015-8-13 8:35:10,63.1,151.8,1.849181,1.896692,3.5
2015-8-13 8:35:11,63.1,151.8,1.872121,1.885199,3.5
2015-8-13 8:35:13,63.1,151.8,1.918,1.919678,3.5
2015-8-13 8:35:14,63.1,151.7,1.918,1.942664,3.5
2015-8-13 8:35:16,63.1,151.8,1.98682,1.977143,3.5
2015-8-13 8:35:18,63.1,151.8,2.009759,2.000129,3.5
2015-8-13 8:35:19,63.1,151.7,2.032699,2.011622,3.5
2015-8-13 8:35:21,63.1,151.7,2.009759,2.069087,3.5
2015-8-13 8:35:22,63.1,151.7,1.97535,2.103566,3.5
2015-8-13 8:35:24,63,151.7,1.95241,2.103566,3.5
2015-8-13 8:35:26,63,151.6,1.92947,2.092073,3.5
2015-8-13 8:35:27,63.1,151.6,1.92947,2.046101,3.5
2015-8-13 8:35:29,63.1,151.5,1.918,2.023115,3.5
2015-8-13 8:35:30,63.1,151.5,1.97535,2.000129,3.5
2015-8-13 8:35:32,63.1,151.5,1.98682,1.977143,3.5
2015-8-13 8:35:34,63.1,151.4,1.96388,1.977143,3.5
2015-8-13 8:35:35,63.1,151.4,1.92947,2.011622,3.5
2015-8-13 8:35:37,63.1,151.3,1.92947,2.011622,3.5
2015-8-13 8:35:38,63.1,151.2,1.918,1.988636,3.5
2015-8-13 8:35:40,63.1,151.2,1.918,1.954157,3.5
2015-8-13 8:35:42,63.1,151.1,1.96388,1.96565,3.5
2015-8-13 8:35:43,63.1,151.1,1.998289,1.942664,3.5
2015-8-13 8:35:45,63.1,151,2.009759,1.942664,3.5
2015-8-13 8:35:46,63.1,151,2.009759,1.988636,3.5
2015-8-13 8:35:48,63.1,151,2.021229,2.034608,3.5
2015-8-13 8:35:50,63.1,150.9,1.98682,2.08058,3.5
2015-8-13 8:35:51,63.1,150.9,1.96388,2.115059,3.5
2015-8-13 8:35:53,63,150.9,1.92947,2.092073,3.5
2015-8-13 8:35:54,63,150.8,1.872121,2.092073,3.5
2015-8-13 8:35:56,63,150.8,1.860651,2.046101,3.5
2015-8-13 8:35:58,63,150.8,1.837711,1.988636,2.3875
2015-8-13 8:35:59,63,150.8,1.860651,1.942664,2.3875
2015-8-13 8:36:1,63,150.8,1.895061,1.873706,1.4975
2015-8-13 8:36:2,63,150.8,1.895061,1.85072,1.4975
2015-8-13 8:36:4,63,150.8,1.90653,1.85072,2.61
2015-8-13 8:36:6,63,150.8,1.872121,1.839227,2.61
2015-8-13 8:36:7,63,150.8,1.849181,1.862213,3.5
2015-8-13 8:36:9,63.1,150.9,1.837711,1.919678,3.5
2015-8-13 8:36:10,63,150.9,1.803301,2.011622,2.3875
2015-8-13 8:36:12,63.1,150.9,1.768892,2.103566,2.3875
2015-8-13 8:36:14,63.1,150.9,1.849181,2.126552,1.9425
2015-8-13 8:36:15,63.1,151,1.849181,2.126552,1.9425
2015-8-13 8:36:17,63.1,151,1.826241,2.115059,3.055
2015-8-13 8:36:18,63.1,151,1.745952,2.069087,3.055
2015-8-13 8:36:20,63.1,151,1.665663,1.988636,2.61
2015-8-13 8:36:22,63.1,151,1.619783,1.908185,2.61
2015-8-13 8:36:23,63.1,151,1.585374,1.827734,1.4975
2015-8-13 8:36:25,63.1,151,1.573904,1.781762,1.4975
2015-8-13 8:36:26,63.1,151,1.550964,1.724296,1.4975
2015-8-13 8:36:28,63.1,151,1.516554,1.666831,1.4975
2015-8-13 8:36:30,63.1,151,1.505085,1.632352,1.4975
2015-8-13 8:36:31,63.1,151,1.505085,1.609366,1.4975
2015-8-13 8:36:33,63.1,150.9,1.505085,1.58638,1.4975
2015-8-13 8:36:34,63.2,150.9,1.528024,1.58638,1.4975
2015-8-13 8:36:36,63.1,150.9,1.505085,1.540408,1.4975
2015-8-13 8:36:38,63.2,150.8,1.505085,1.540408,1.4975
2015-8-13 8:36:39,63.2,150.8,1.505085,1.517422,1.4975
2015-8-13 8:36:41,63.2,150.7,1.516554,1.505929,1.4975
2015-8-13 8:36:42,63.2,150.6,1.539494,1.517422,1.4975
2015-8-13 8:36:44,63.2,150.6,1.550964,1.517422,1.4975
2015-8-13 8:36:46,63.2,150.6,1.573904,1.551901,1.4975
2015-8-13 8:36:47,63.2,150.5,1.596844,1.517422,1.4975
2015-8-13 8:36:49,63.2,150.5,1.619783,1.528915,1.4975
2015-8-13 8:36:50,63.2,150.4,1.642723,1.540408,1.4975
2015-8-13 8:36:52,63.2,150.3,1.677133,1.528915,2.61
2015-8-13 8:36:54,63.2,150.3,1.700073,1.563394,2.61
2015-8-13 8:36:55,63.2,150.3,1.723012,1.597873,3.5
2015-8-13 8:36:57,63.2,150.2,1.711542,1.655338,3.5
2015-8-13 8:36:58,63.2,150.2,1.677133,1.678324,3.5
2015-8-13 8:37:0,63.2,150.1,1.631253,1.712803,3.5
2015-8-13 8:37:2,63.2,150.1,1.585374,1.712803,2.3875
2015-8-13 8:37:3,63.2,150.1,1.596844,1.70131,2.3875
2015-8-13 8:37:5,63.2,150,1.642723,1.666831,1.4975
2015-8-13 8:37:6,63.2,150,1.482145,1.643845,1.4975
2015-8-13 8:37:8,63.2,150,1.401856,1.655338,1.4975
2015-8-13 8:37:10,63.2,150,1.344506,1.632352,1.4975
2015-8-13 8:37:11,63.2,150,1.298627,1.609366,1.4975
2015-8-13 8:37:13,63.2,150,1.241277,1.609366,1.4975
2015-8-13 8:37:14,63.2,150,1.355976,1.666831,1.4975
2015-8-13 8:37:16,63.2,150.1,1.654193,1.666831,1.4975
2015-8-13 8:37:18,63.2,150.2,1.700073,1.494436,1.4975
2015-8-13 8:37:19,63.2,150.2,1.677133,1.436971,1.4975
2015-8-13 8:37:21,63.2,150.3,1.642723,1.356519,2.61
2015-8-13 8:37:22,63.2,150.4,1.654193,1.32204,2.61
2015-8-13 8:37:24,63.2,150.5,1.619783,1.287561,1.4975
2015-8-13 8:37:26,63.2,150.6,1.619783,1.620859,1.4975
2015-8-13 8:37:27,63.2,150.7,1.585374,1.70131,1.4975
2015-8-13 8:37:29,63.2,150.9,1.573904,1.678324,1.4975
2015-8-13 8:37:30,63.2,151,1.596844,1.655338,1.4975
2015-8-13 8:37:32,63.2,151.2,1.573904,1.655338,1.4975
2015-8-13 8:37:34,63.3,151.3,1.596844,1.643845,1.4975
2015-8-13 8:37:35,63.3,151.5,1.608313,1.597873,1.4975
2015-8-13 8:37:37,63.3,151.6,1.608313,1.574887,2.61
2015-8-13 8:37:38,63.3,151.7,1.619783,1.528915,2.61
2015-8-13 8:37:40,63.3,151.8,1.642723,1.563394,3.5
2015-8-13 8:37:42,63.2,151.9,1.734482,1.563394,3.5
2015-8-13 8:37:43,63.2,152,1.849181,1.574887,3.5
2015-8-13 8:37:45,63.2,152.1,1.90653,1.620859,3.5
2015-8-13 8:37:46,63.3,152.3,1.860651,1.70131,3.5
2015-8-13 8:37:48,63.2,152.4,1.814771,1.804748,3.5
2015-8-13 8:37:50,63.2,152.4,1.688603,1.908185,2.3875
2015-8-13 8:37:51,63.3,152.5,1.642723,1.873706,2.3875
2015-8-13 8:37:53,63.3,152.6,1.619783,1.816241,1.4975
2015-8-13 8:37:54,63.3,152.6,1.642723,1.804748,1.4975
2015-8-13 8:37:56,63.3,152.6,1.711542,1.747282,1.4975
2015-8-13 8:37:58,63.3,152.6,1.803301,1.70131,1.4975
2015-8-13 8:37:59,63.3,152.7,1.826241,1.655338,2.3875
2015-8-13 8:38:1,63.3,152.7,1.814771,1.58638,2.3875
2015-8-13 8:38:2,63.3,152.6,1.768892,1.563394,3.5
2015-8-13 8:38:4,63.3,152.7,1.723012,1.620859,3.5
2015-8-13 8:38:6,63.3,152.6,1.803301,1.747282,3.055
2015-8-13 8:38:7,63.3,152.6,1.95241,1.747282,3.055
2015-8-13 8:38:9,63.3,152.6,2.078579,1.689817,3.5
2015-8-13 8:38:10,63.3,152.6,2.147398,1.70131,3.5
2015-8-13 8:38:12,63.3,152.5,2.124458,1.862213,3.5
2015-8-13 8:38:14,63.3,152.5,2.067109,2.034608,3.5
2015-8-13 8:38:15,63.3,152.4,2.044169,2.115059,3.5
2015-8-13 8:38:17,63.3,152.4,2.021229,2.115059,3.5
2015-8-13 8:38:18,63.3,152.3,2.032699,2.057594,3.5
2015-8-13 8:38:20,63.3,152.3,1.998289,2.034608,3.5
2015-8-13 8:38:22,63.3,152.2,1.96388,2.000129,3.5
2015-8-13 8:38:23,63.4,152.2,1.849181,1.988636,3.5
2015-8-13 8:38:25,63.4,152.1,1.768892,1.954157,3.5
2015-8-13 8:38:26,63.4,152,1.734482,1.931171,3.5
2015-8-13 8:38:28,63.4,152,1.780362,1.85072,3.055
2015-8-13 8:38:30,63.4,151.9,1.918,1.770268,3.055
2015-8-13 8:38:31,63.4,151.8,2.009759,1.747282,3.5
2015-8-13 8:38:33,63.3,151.7,2.055639,1.747282,3.5
2015-8-13 8:38:34,63.3,151.7,2.021229,1.827734,3.5
2015-8-13 8:38:36,63.3,151.7,1.94094,2.000129,3.5
2015-8-13 8:38:38,63.3,151.6,2.239157,2.092073,3.5
2015-8-13 8:38:39,63.3,151.6,2.170338,2.103566,3.5
2015-8-13 8:38:41,63.3,151.5,2.112988,1.977143,3.5
2015-8-13 8:38:42,63.3,151.5,2.101518,2.333427,3.5
2015-8-13 8:38:44,63.3,151.5,2.067109,2.333427,3.5
2015-8-13 8:38:46,63.3,151.6,2.078579,2.252976,3.5
2015-8-13 8:38:47,63.3,151.6,2.090049,2.207004,3.5
2015-8-13 8:38:49,63.3,151.6,2.101518,2.184017,3.5
2015-8-13 8:38:50,63.3,151.7,2.078579,2.207004,3.5
2015-8-13 8:38:52,63.3,151.7,1.998289,2.218497,3.5
2015-8-13 8:38:54,63.4,151.8,1.90653,2.195511,3.5
2015-8-13 8:38:55,63.4,151.8,1.791832,2.126552,3.5
2015-8-13 8:38:57,63.4,151.8,1.665663,2.057594,2.3875
2015-8-13 8:38:58,63.4,151.9,1.585374,2.000129,2.3875
2015-8-13 8:39:0,63.4,152,1.608313,1.919678,1.4975
2015-8-13 8:39:2,63.4,152,1.688603,1.862213,1.4975
2015-8-13 8:39:3,63.4,152,1.837711,1.804748,1.4975
2015-8-13 8:39:5,63.4,152.2,1.918,1.747282,1.4975
2015-8-13 8:39:6,63.4,152.2,1.97535,1.724296,2.61
2015-8-13 8:39:8,63.4,152.2,2.044169,1.655338,2.61
2015-8-13 8:39:10,63.4,152.2,2.044169,1.643845,3.5
2015-8-13 8:39:11,63.4,152.3,1.998289,1.862213,3.5
2015-8-13 8:39:13,63.4,152.3,1.883591,1.96565,3.5
2015-8-13 8:39:14,63.4,152.3,1.803301,1.988636,3.5
2015-8-13 8:39:16,63.4,152.3,1.757422,1.896692,2.3875
2015-8-13 8:39:18,63.4,152.3,1.723012,1.862213,2.3875
2015-8-13 8:39:19,63.4,152.3,1.677133,1.885199,1.9425
2015-8-13 8:39:21,63.4,152.3,1.631253,1.85072,1.9425
2015-8-13 8:39:22,63.4,152.2,1.585374,1.804748,1.4975
2015-8-13 8:39:24,63.4,152.2,1.585374,1.758775,1.4975
2015-8-13 8:39:26,63.5,152.2,1.585374,1.747282,1.4975
2015-8-13 8:39:27,63.5,152.1,1.573904,1.70131,1.4975
2015-8-13 8:39:29,63.4,152.1,1.573904,1.666831,1.4975
2015-8-13 8:39:30,63.4,152,1.573904,1.632352,1.4975
2015-8-13 8:39:32,63.4,152,1.573904,1.609366,1.4975
2015-8-13 8:39:34,63.4,151.9,1.562434,1.574887,1.4975
2015-8-13 8:39:35,63.4,151.9,1.550964,1.551901,1.4975
2015-8-13 8:39:37,63.4,151.8,1.516554,1.563394,1.4975
2015-8-13 8:39:38,63.4,151.8,1.493615,1.563394,1.4975
2015-8-13 8:39:40,63.4,151.7,1.493615,1.563394,1.4975
2015-8-13 8:39:42,63.4,151.6,1.482145,1.574887,1.4975
2015-8-13 8:39:43,63.4,151.6,1.470675,1.563394,1.4975
2015-8-13 8:39:45,63.4,151.5,1.459205,1.563394,1.4975
2015-8-13 8:39:46,63.4,151.5,1.447735,1.540408,1.4975
2015-8-13 8:39:48,63.4,151.4,1.459205,1.505929,1.4975
2015-8-13 8:39:50,63.4,151.4,1.459205,1.494436,1.4975
2015-8-13 8:39:51,63.4,151.3,1.482145,1.482943,1.4975
2015-8-13 8:39:53,63.4,151.2,1.528024,1.47145,1.4975
2015-8-13 8:39:54,63.4,151.2,1.516554,1.47145,1.4975
2015-8-13 8:39:56,63.4,151.2,1.562434,1.47145,1.4975
2015-8-13 8:39:58,63.5,151.2,1.608313,1.47145,1.4975
2015-8-13 8:39:59,63.5,151.2,1.665663,1.448464,1.4975
2015-8-13 8:40:1,63.5,151.2,1.677133,1.436971,2.61
2015-8-13 8:40:2,63.5,151.2,1.700073,1.459957,2.61
2015-8-13 8:40:4,63.5,151.2,1.757422,1.482943,3.5
2015-8-13 8:40:6,63.5,151.2,1.803301,1.574887,3.5
2015-8-13 8:40:7,63.5,151.2,1.780362,1.666831,3.5
2015-8-13 8:40:9,63.5,151.2,1.642723,1.747282,3.5
2015-8-13 8:40:10,63.5,151.3,1.550964,1.781762,3.055
2015-8-13 8:40:12,63.5,151.3,1.505085,1.770268,3.055
2015-8-13 8:40:14,63.5,151.3,1.505085,1.70131,1.4975
2015-8-13 8:40:15,63.5,151.4,1.516554,1.632352,1.4975
2015-8-13 8:40:17,63.5,151.4,1.505085,1.58638,1.4975
2015-8-13 8:40:18,63.5,151.4,1.505085,1.540408,1.4975
2015-8-13 8:40:20,63.5,151.4,1.505085,1.528915,1.4975
2015-8-13 8:40:22,63.5,151.4,1.505085,1.505929,1.4975
2015-8-13 8:40:23,63.5,151.4,1.482145,1.482943,1.4975
2015-8-13 8:40:25,63.5,151.4,1.493615,1.505929,1.4975
2015-8-13 8:40:26,63.5,151.4,1.505085,1.494436,1.4975
2015-8-13 8:40:28,63.5,151.4,1.516554,1.47145,1.4975
2015-8-13 8:40:30,63.5,151.5,1.539494,1.459957,1.4975
2015-8-13 8:40:31,63.5,151.5,1.528024,1.47145,1.4975
2015-8-13 8:40:33,63.5,151.4,1.505085,1.47145,1.4975
2015-8-13 8:40:34,63.5,151.4,1.482145,1.459957,1.4975
2015-8-13 8:40:36,63.5,151.3,1.493615,1.459957,1.4975
2015-8-13 8:40:38,63.5,151.3,1.585374,1.47145,1.4975
2015-8-13 8:40:39,63.5,151.2,1.493615,1.494436,1.4975
2015-8-13 8:40:41,63.5,151.2,1.505085,1.528915,1.4975
2015-8-13 8:40:42,63.5,151.2,1.505085,1.505929,1.4975
2015-8-13 8:40:44,63.5,151.1,1.573904,1.494436,1.4975
2015-8-13 8:40:46,63.5,151,1.619783,1.47145,1.4975
2015-8-13 8:40:47,63.5,151,1.631253,1.494436,1.4975
2015-8-13 8:40:49,63.6,151,1.768892,1.563394,2.61
2015-8-13 8:40:50,63.6,150.9,1.95241,1.505929,2.61
2015-8-13 8:40:52,63.6,150.9,2.044169,1.528915,3.5
2015-8-13 8:40:54,63.6,150.9,2.078579,1.620859,3.5
2015-8-13 8:40:55,63.7,150.8,1.98682,1.85072,3.5
2015-8-13 8:40:57,63.6,150.7,1.883591,2.023115,3.5
2015-8-13 8:40:58,63.6,150.7,1.768892,2.069087,3.5
2015-8-13 8:41:0,63.6,150.7,1.677133,2.000129,3.5
2015-8-13 8:41:2,63.6,150.7,1.688603,1.908185,3.055
2015-8-13 8:41:3,63.6,150.6,1.860651,1.793254,3.055
2015-8-13 8:41:5,63.6,150.6,1.97535,1.70131,2.61
2015-8-13 8:41:6,63.6,150.6,2.090049,1.666831,2.61
2015-8-13 8:41:8,63.6,150.6,2.135928,1.712803,3.5
2015-8-13 8:41:10,63.6,150.6,2.204747,1.873706,3.5
2015-8-13 8:41:11,63.6,150.6,2.227687,2.034608,3.5
2015-8-13 8:41:13,63.6,150.6,2.227687,2.126552,3.5
2015-8-13 8:41:14,63.6,150.6,2.227687,2.172524,3.5
2015-8-13 8:41:16,63.6,150.6,2.147398,2.172524,3.5
2015-8-13 8:41:18,63.6,150.6,2.067109,2.22999,3.5
2015-8-13 8:41:19,63.6,150.6,2.032699,2.218497,3.5
2015-8-13 8:41:21,63.7,150.7,2.009759,2.161031,3.5
2015-8-13 8:41:22,63.7,150.6,2.021229,2.092073,3.5
2015-8-13 8:41:24,63.7,150.7,2.044169,2.034608,3.5
2015-8-13 8:41:26,63.7,150.6,2.124458,2.000129,3.5
2015-8-13 8:41:27,63.7,150.6,2.090049,2.000129,3.5
2015-8-13 8:41:29,63.7,150.6,1.998289,2.023115,3.5
2015-8-13 8:41:30,63.7,150.7,1.872121,2.092073,3.5
2015-8-13 8:41:32,63.7,150.6,1.791832,2.092073,3.5
2015-8-13 8:41:34,63.7,150.6,1.745952,2.011622,2.3875
2015-8-13 8:41:35,63.7,150.6,1.803301,1.96565,2.3875
2015-8-13 8:41:37,63.7,150.6,1.872121,1.885199,1.9425
2015-8-13 8:41:38,63.7,150.6,1.918,1.827734,1.9425
2015-8-13 8:41:40,63.7,150.6,1.95241,1.781762,3.055
2015-8-13 8:41:42,63.7,150.6,2.009759,1.758775,3.055
2015-8-13 8:41:43,63.7,150.5,2.124458,1.816241,3.5
2015-8-13 8:41:45,63.6,150.6,2.112988,1.919678,3.5
2015-8-13 8:41:46,63.7,150.5,2.124458,1.988636,3.5
2015-8-13 8:41:48,63.6,150.5,2.193277,2.103566,3.5
2015-8-13 8:41:50,63.7,150.4,2.239157,2.08058,3.5
2015-8-13 8:41:51,63.7,150.4,2.307976,2.08058,3.5
2015-8-13 8:41:53,63.6,150.4,2.285037,2.08058,3.5
2015-8-13 8:41:54,63.7,150.3,2.273566,2.115059,3.5
2015-8-13 8:41:56,63.6,150.3,2.101518,2.298948,3.5
2015-8-13 8:41:58,63.6,150.3,2.044169,2.333427,3.5
2015-8-13 8:41:59,63.6,150.2,2.009759,2.252976,3.5
2015-8-13 8:42:1,63.6,150.2,1.872121,2.172524,3.5
2015-8-13 8:42:2,63.6,150.1,1.665663,2.034608,3.5
2015-8-13 8:42:4,63.6,150.1,1.505085,1.96565,3.5
2015-8-13 8:42:6,63.6,150,1.424795,1.862213,2.3875
2015-8-13 8:42:7,63.6,150,1.447735,1.770268,2.3875
2015-8-13 8:42:9,63.6,150,1.562434,1.632352,1.4975
2015-8-13 8:42:10,63.6,150,1.608313,1.574887,1.4975
2015-8-13 8:42:12,63.6,149.9,1.619783,1.517422,1.4975
2015-8-13 8:42:14,63.6,149.9,1.619783,1.459957,1.4975
2015-8-13 8:42:15,63.6,150,1.654193,1.425478,2.61
2015-8-13 8:42:17,63.6,150,1.723012,1.436971,2.61
2015-8-13 8:42:18,63.6,150,1.757422,1.574887,3.5
2015-8-13 8:42:20,63.7,150,1.768892,1.597873,3.5
2015-8-13 8:42:22,63.7,150.1,1.734482,1.620859,3.5
2015-8-13 8:42:23,63.7,150.2,1.642723,1.712803,3.5
2015-8-13 8:42:25,63.7,150.2,1.539494,1.747282,3.055
2015-8-13 8:42:26,63.7,150.3,1.459205,1.735789,3.055
2015-8-13 8:42:28,63.7,150.5,1.447735,1.666831,1.4975
2015-8-13 8:42:30,63.8,150.6,1.470675,1.609366,1.4975
2015-8-13 8:42:31,63.7,150.7,1.470675,1.563394,1.4975
2015-8-13 8:42:33,63.8,150.8,1.470675,1.517422,1.4975
2015-8-13 8:42:34,63.8,151,1.482145,1.482943,1.4975
2015-8-13 8:42:36,63.8,151.1,1.470675,1.459957,1.4975
2015-8-13 8:42:38,63.7,151.2,1.505085,1.563394,1.4975
2015-8-13 8:42:39,63.8,151.3,1.470675,1.494436,1.4975
2015-8-13 8:42:41,63.7,151.5,1.447735,1.505929,1.4975
2015-8-13 8:42:42,63.7,151.5,1.424795,1.528915,1.4975
2015-8-13 8:42:44,63.7,151.6,1.390386,1.517422,1.4975
2015-8-13 8:42:46,63.8,151.7,1.344506,1.505929,1.4975
2015-8-13 8:42:47,63.8,151.8,1.344506,1.482943,1.4975
2015-8-13 8:42:49,63.8,151.9,1.333036,1.482943,1.4975
2015-8-13 8:42:50,63.8,151.9,1.367446,1.459957,1.4975
2015-8-13 8:42:52,63.8,152,1.390386,1.459957,1.4975
2015-8-13 8:42:54,63.8,152,1.413326,1.425478,1.4975
2015-8-13 8:42:55,63.8,152.1,1.470675,1.402492,1.4975
2015-8-13 8:42:57,63.8,152.1,1.493615,1.379506,1.4975
2015-8-13 8:42:58,63.8,152.2,1.585374,1.356519,1.4975
2015-8-13 8:43:0,63.8,152.2,1.596844,1.333533,1.4975
2015-8-13 8:43:2,63.9,152.2,1.654193,1.368012,1.4975
2015-8-13 8:43:3,63.9,152.2,1.711542,1.402492,2.61
2015-8-13 8:43:5,63.9,152.2,1.745952,1.482943,2.61
2015-8-13 8:43:6,63.9,152.1,1.860651,1.517422,3.5
2015-8-13 8:43:8,63.9,152.1,1.90653,1.597873,3.5
2015-8-13 8:43:10,63.8,152,1.803301,1.70131,3.5
2015-8-13 8:43:11,63.8,152,1.642723,1.839227,3.5
2015-8-13 8:43:13,63.8,152,1.505085,1.908185,3.055
2015-8-13 8:43:14,63.8,151.9,1.401856,1.839227,3.055
2015-8-13 8:43:16,63.8,151.9,1.355976,1.724296,1.4975
2015-8-13 8:43:18,63.8,151.8,1.367446,1.643845,1.4975
2015-8-13 8:43:19,63.8,151.8,1.401856,1.574887,1.4975
2015-8-13 8:43:21,63.8,151.7,1.436265,1.528915,1.4975
2015-8-13 8:43:22,63.8,151.7,1.447735,1.459957,1.4975
2015-8-13 8:43:24,63.9,151.6,1.470675,1.402492,1.4975
2015-8-13 8:43:26,63.9,151.6,1.482145,1.368012,1.4975
2015-8-13 8:43:27,63.9,151.5,1.470675,1.345026,1.4975
2015-8-13 8:43:29,63.9,151.5,1.470675,1.368012,1.4975
2015-8-13 8:43:30,63.9,151.5,1.447735,1.402492,1.4975
2015-8-13 8:43:32,63.9,151.5,1.447735,1.448464,1.4975
2015-8-13 8:43:34,63.9,151.4,1.436265,1.47145,1.4975
2015-8-13 8:43:35,63.9,151.4,1.424795,1.482943,1.4975
2015-8-13 8:43:37,63.9,151.3,1.436265,1.494436,1.4975
2015-8-13 8:43:38,63.9,151.3,1.482145,1.494436,1.4975
2015-8-13 8:43:40,63.9,151.3,1.482145,1.494436,1.4975
2015-8-13 8:43:42,63.9,151.2,1.516554,1.482943,1.4975
2015-8-13 8:43:43,63.9,151.2,1.516554,1.459957,1.4975
2015-8-13 8:43:45,63.9,151.2,1.516554,1.448464,1.4975
2015-8-13 8:43:46,64,151.2,1.539494,1.425478,1.4975
2015-8-13 8:43:48,64,151.2,1.596844,1.413985,1.4975
2015-8-13 8:43:50,64,151.2,1.619783,1.436971,1.4975
2015-8-13 8:43:51,64,151.2,1.677133,1.436971,1.4975
2015-8-13 8:43:53,64,151.2,1.711542,1.47145,1.4975
2015-8-13 8:43:54,64,151.2,1.780362,1.494436,2.61
2015-8-13 8:43:56,64.1,151.2,1.849181,1.517422,2.61
2015-8-13 8:43:58,64,151.3,1.90653,1.540408,3.5
2015-8-13 8:43:59,64,151.3,1.95241,1.58638,3.5
2015-8-13 8:44:1,64.1,151.3,1.895061,1.689817,3.5
2015-8-13 8:44:2,64.1,151.3,1.757422,1.816241,3.5
2015-8-13 8:44:4,64.1,151.3,1.608313,1.885199,2.3875
2015-8-13 8:44:6,64.1,151.3,1.493615,1.908185,2.3875
2015-8-13 8:44:7,64.1,151.3,1.401856,1.85072,1.4975
2015-8-13 8:44:9,64.1,151.3,1.355976,1.781762,1.4975
2015-8-13 8:44:10,64.1,151.3,1.367446,1.712803,1.4975
2015-8-13 8:44:12,64.1,151.3,1.333036,1.655338,1.4975
2015-8-13 8:44:14,64,151.2,1.275687,1.597873,1.4975
2015-8-13 8:44:15,64,151.2,1.229807,1.528915,1.4975
2015-8-13 8:44:17,64,151.2,1.287157,1.448464,1.4975
2015-8-13 8:44:18,64,151.1,1.378916,1.390998,1.4975
2015-8-13 8:44:20,64,151.1,1.516554,1.390998,1.4975
2015-8-13 8:44:22,64,151,1.654193,1.390998,1.4975
2015-8-13 8:44:23,64,151,1.780362,1.356519,1.4975
2015-8-13 8:44:25,64,150.9,1.895061,1.299054,1.4975
2015-8-13 8:44:26,64,150.9,1.94094,1.264575,2.61
2015-8-13 8:44:28,64,150.8,2.021229,1.379506,2.61
2015-8-13 8:44:30,64,150.7,2.009759,1.58638,3.5
2015-8-13 8:44:31,64,150.6,1.94094,1.781762,3.5
2015-8-13 8:44:33,64,150.5,1.860651,1.908185,3.5
2015-8-13 8:44:34,64,150.4,1.791832,2.011622,3.5
2015-8-13 8:44:36,64,150.4,1.814771,1.942664,2.3875
2015-8-13 8:44:38,64,150.3,1.791832,1.885199,2.3875
2015-8-13 8:44:39,64,150.3,1.757422,1.816241,1.4975
2015-8-13 8:44:41,64,150.2,1.780362,1.758775,1.4975
2015-8-13 8:44:42,64,150.2,1.803301,1.747282,1.4975
2015-8-13 8:44:44,64,150.2,1.803301,1.816241,1.4975
2015-8-13 8:44:46,64,150.2,1.757422,1.816241,2.3875
2015-8-13 8:44:47,64,150.2,1.700073,1.793254,2.3875
2015-8-13 8:44:49,64,150.1,1.619783,1.770268,1.9425
2015-8-13 8:44:50,64,150.2,1.550964,1.770268,1.9425
2015-8-13 8:44:52,64.1,150.2,1.482145,1.793254,1.4975
2015-8-13 8:44:54,64.1,150.3,1.436265,1.793254,1.4975
2015-8-13 8:44:55,64.1,150.3,1.436265,1.770268,1.4975
2015-8-13 8:44:57,64.1,150.3,1.436265,1.724296,1.4975
2015-8-13 8:44:58,64.1,150.4,1.401856,1.666831,1.4975
2015-8-13 8:45:0,64.1,150.5,1.367446,1.620859,1.4975
2015-8-13 8:45:2,64.1,150.6,1.378916,1.574887,1.4975
2015-8-13 8:45:3,64.1,150.6,1.424795,1.482943,1.4975
2015-8-13 8:45:5,64.1,150.7,1.482145,1.448464,1.4975
2015-8-13 8:45:6,64.1,150.8,1.550964,1.448464,1.4975
2015-8-13 8:45:8,64.1,150.9,1.642723,1.425478,1.4975
2015-8-13 8:45:10,64,151,1.723012,1.390998,1.4975
2015-8-13 8:45:11,64.1,151,1.826241,1.368012,2.61
2015-8-13 8:45:13,64,151.1,2.009759,1.413985,2.61
2015-8-13 8:45:14,64.1,151.2,2.067109,1.517422,3.5
2015-8-13 8:45:16,64.1,151.2,2.032699,1.724296,3.5
2015-8-13 8:45:18,64.1,151.3,2.078579,1.954157,3.5
2015-8-13 8:45:19,64.1,151.4,2.124458,2.115059,3.5
2015-8-13 8:45:21,64.1,151.4,2.112988,2.069087,3.5
2015-8-13 8:45:22,64,151.5,2.112988,2.08058,3.5
2015-8-13 8:45:24,64,151.5,2.055639,2.126552,3.5
2015-8-13 8:45:26,64,151.5,1.97535,2.092073,3.5
2015-8-13 8:45:27,64,151.5,1.780362,2.115059,3.5
2015-8-13 8:45:29,64,151.5,2.296506,2.08058,3.5
2015-8-13 8:45:30,64.1,151.5,2.204747,1.988636,3.5
2015-8-13 8:45:32,64.1,151.5,2.067109,1.816241,3.5
2015-8-13 8:45:34,64.1,151.5,1.860651,2.34492,3.5
2015-8-13 8:45:35,64.1,151.5,1.814771,2.264469,3.5
2015-8-13 8:45:37,64.1,151.5,1.734482,2.115059,2.3875
2015-8-13 8:45:38,64.1,151.4,1.826241,1.988636,2.3875
2015-8-13 8:45:40,64.1,151.4,1.95241,1.873706,1.9425
2015-8-13 8:45:42,64.1,151.4,2.090049,1.827734,1.9425
2015-8-13 8:45:43,64.1,151.3,2.239157,1.804748,3.5
2015-8-13 8:45:45,64.1,151.2,2.307976,1.781762,3.5
2015-8-13 8:45:46,64.1,151.2,2.296506,1.954157,3.5
2015-8-13 8:45:48,64.1,151.1,2.227687,2.184017,3.5
2015-8-13 8:45:50,64.2,151,2.170338,2.275962,3.5
2015-8-13 8:45:51,64.2,151,2.078579,2.264469,3.5
2015-8-13 8:45:53,64.2,150.9,1.98682,2.218497,3.5
2015-8-13 8:45:54,64.2,150.8,1.895061,2.195511,3.5
2015-8-13 8:45:56,64.2,150.7,1.791832,2.126552,3.5
2015-8-13 8:45:58,64.2,150.6,1.768892,2.034608,3.5
2015-8-13 8:45:59,64.2,150.6,1.918,1.942664,3.055
2015-8-13 8:46:1,64.2,150.5,2.101518,1.839227,3.055
2015-8-13 8:46:2,64.2,150.5,2.262097,1.747282,3.5
2015-8-13 8:46:4,64.2,150.4,2.193277,1.816241,3.5
2015-8-13 8:46:6,64.2,150.4,2.170338,2.034608,3.5
2015-8-13 8:46:7,64.2,150.3,2.112988,2.241483,3.5
2015-8-13 8:46:9,64.2,150.3,2.044169,2.241483,3.5
2015-8-13 8:46:10,64.2,150.3,1.95241,2.172524,3.5
2015-8-13 8:46:12,64.2,150.3,1.918,2.126552,3.5
2015-8-13 8:46:14,64.2,150.3,1.94094,2.034608,3.5
2015-8-13 8:46:15,64.2,150.3,1.96388,1.954157,3.5
2015-8-13 8:46:17,64.2,150.4,1.92947,1.919678,3.5
2015-8-13 8:46:18,64.2,150.4,1.92947,1.942664,3.5
2015-8-13 8:46:20,64.2,150.4,1.780362,2.22999,3.5
2015-8-13 8:46:22,64.2,150.5,1.619783,2.22999,2.3875
2015-8-13 8:46:23,64.2,150.5,1.528024,2.149539,2.3875
2015-8-13 8:46:25,64.2,150.5,1.470675,1.942664,1.4975
2015-8-13 8:46:26,64.2,150.6,1.447735,1.839227,1.4975
2015-8-13 8:46:28,64.2,150.6,1.436265,1.758775,1.4975
2015-8-13 8:46:30,64.3,150.6,1.482145,1.747282,1.4975
2015-8-13 8:46:31,64.3,150.6,1.516554,1.58638,1.4975
2015-8-13 8:46:33,64.2,150.7,1.550964,1.517422,1.4975
2015-8-13 8:46:34,64.3,150.7,1.596844,1.540408,1.4975
2015-8-13 8:46:36,64.2,150.7,1.619783,1.448464,1.4975
2015-8-13 8:46:38,64.3,150.7,1.642723,1.425478,2.61
2015-8-13 8:46:39,64.2,150.7,1.619783,1.425478,2.61
2015-8-13 8:46:41,64.2,150.7,1.562434,1.482943,3.5
2015-8-13 8:46:42,64.2,150.7,1.482145,1.551901,3.5
2015-8-13 8:46:44,64.2,150.7,1.447735,1.574887,1.4975
2015-8-13 8:46:46,64.2,150.7,1.459205,1.551901,1.4975
2015-8-13 8:46:47,64.2,150.7,1.470675,1.528915,1.4975
2015-8-13 8:46:49,64.3,150.6,1.528024,1.505929,1.4975
2015-8-13 8:46:50,64.3,150.6,1.539494,1.482943,1.4975
2015-8-13 8:46:52,64.3,150.6,1.573904,1.459957,1.4975
2015-8-13 8:46:54,64.3,150.5,1.608313,1.436971,1.4975
2015-8-13 8:46:55,64.3,150.5,1.631253,1.436971,1.4975
2015-8-13 8:46:57,64.3,150.5,1.665663,1.436971,2.61
2015-8-13 8:46:58,64.3,150.4,1.734482,1.459957,2.61
2015-8-13 8:47:0,64.4,150.3,1.780362,1.505929,3.5
2015-8-13 8:47:2,64.3,150.3,1.849181,1.563394,3.5
2015-8-13 8:47:3,64.3,150.2,1.860651,1.632352,3.5
2015-8-13 8:47:5,64.3,150.1,1.757422,1.70131,3.5
2015-8-13 8:47:6,64.3,150,1.642723,1.781762,3.5
2015-8-13 8:47:8,64.3,150,1.528024,1.839227,3.5
2015-8-13 8:47:10,64.3,149.9,1.413326,1.747282,2.3875
2015-8-13 8:47:11,64.3,149.8,1.390386,1.655338,2.3875
2015-8-13 8:47:13,64.3,149.7,1.401856,1.574887,1.4975
2015-8-13 8:47:14,64.3,149.7,1.413326,1.517422,1.4975
2015-8-13 8:47:16,64.3,149.7,1.482145,1.517422,1.4975
2015-8-13 8:47:18,64.3,149.6,1.493615,1.459957,1.4975
2015-8-13 8:47:19,64.3,149.6,1.505085,1.390998,1.4975
2015-8-13 8:47:21,64.3,149.5,1.470675,1.390998,1.4975
2015-8-13 8:47:22,64.3,149.5,1.447735,1.390998,1.4975
2015-8-13 8:47:24,64.3,149.6,1.413326,1.390998,1.4975
2015-8-13 8:47:26,64.3,149.6,1.401856,1.390998,1.4975
2015-8-13 8:47:27,64.3,149.6,1.390386,1.436971,1.4975
2015-8-13 8:47:29,64.3,149.7,1.401856,1.47145,1.4975
2015-8-13 8:47:30,64.3,149.7,1.436265,1.47145,1.4975
2015-8-13 8:47:32,64.3,149.8,1.470675,1.425478,1.4975
2015-8-13 8:47:34,64.3,149.9,1.505085,1.402492,1.4975
2015-8-13 8:47:35,64.3,150,1.505085,1.390998,1.4975
2015-8-13 8:47:37,64.3,150.1,1.528024,1.379506,1.4975
2015-8-13 8:47:38,64.2,150.2,1.539494,1.368012,1.4975
2015-8-13 8:47:40,64.3,150.4,1.539494,1.379506,1.4975
2015-8-13 8:47:42,64.2,150.5,1.528024,1.413985,1.4975
2015-8-13 8:47:43,64.2,150.7,1.516554,1.436971,1.4975
2015-8-13 8:47:45,64.3,150.8,1.505085,1.459957,1.4975
2015-8-13 8:47:46,64.3,151,1.505085,1.482943,1.4975
2015-8-13 8:47:48,64.3,151.2,1.516554,1.494436,1.4975
2015-8-13 8:47:50,64.3,151.3,1.516554,1.494436,1.4975
2015-8-13 8:47:51,64.3,151.5,1.528024,1.482943,1.4975
2015-8-13 8:47:53,64.3,151.7,1.539494,1.482943,1.4975
2015-8-13 8:47:54,64.3,151.8,1.539494,1.482943,1.4975
2015-8-13 8:47:56,64.3,152,1.550964,1.459957,1.4975
2015-8-13 8:47:58,64.3,152.1,1.505085,1.459957,1.4975
2015-8-13 8:47:59,64.3,152.3,1.493615,1.448464,1.4975
2015-8-13 8:48:1,64.3,152.4,1.482145,1.459957,1.4975
2015-8-13 8:48:2,64.3,152.5,1.470675,1.494436,1.4975
2015-8-13 8:48:4,64.4,152.6,1.447735,1.505929,1.4975
2015-8-13 8:48:6,64.3,152.7,1.493615,1.517422,1.4975
2015-8-13 8:48:7,64.4,152.8,1.459205,1.517422,1.4975
2015-8-13 8:48:9,64.4,152.9,1.459205,1.517422,1.4975
2015-8-13 8:48:10,64.3,153,1.470675,1.494436,1.4975
2015-8-13 8:48:12,64.3,153.1,1.459205,1.459957,1.4975
2015-8-13 8:48:14,64.4,153.1,1.482145,1.448464,1.4975
2015-8-13 8:48:15,64.4,153.2,1.505085,1.459957,1.4975
2015-8-13 8:48:17,64.4,153.2,1.528024,1.494436,1.4975
2015-8-13 8:48:18,64.4,153.2,1.608313,1.413985,1.4975
2015-8-13 8:48:20,64.4,153.2,1.745952,1.436971,1.4975
2015-8-13 8:48:22,64.4,153.2,1.803301,1.448464,1.4975
2015-8-13 8:48:23,64.4,153.2,1.849181,1.494436,2.3875
2015-8-13 8:48:25,64.4,153.2,1.883591,1.517422,2.3875
2015-8-13 8:48:26,64.4,153.2,1.895061,1.574887,3.5
2015-8-13 8:48:28,64.4,153.1,1.837711,1.793254,3.5
2015-8-13 8:48:30,64.4,153.1,1.757422,1.873706,3.5
2015-8-13 8:48:31,64.4,153,1.768892,1.908185,3.5
2015-8-13 8:48:33,64.4,153,1.677133,1.873706,3.055
2015-8-13 8:48:34,64.4,152.9,1.585374,1.793254,3.055
2015-8-13 8:48:36,64.4,152.9,1.677133,1.70131,1.9425
2015-8-13 8:48:38,64.4,152.8,1.860651,1.735789,1.9425
2015-8-13 8:48:39,64.4,152.7,2.021229,1.735789,2.8325
2015-8-13 8:48:41,64.4,152.6,1.96388,1.609366,2.8325
2015-8-13 8:48:42,64.4,152.5,1.94094,1.597873,3.5
2015-8-13 8:48:44,64.4,152.4,1.768892,1.827734,3.5
2015-8-13 8:48:46,64.4,152.3,1.550964,1.977143,2.3875
2015-8-13 8:48:47,64.4,152.2,1.436265,1.988636,2.3875
2015-8-13 8:48:49,64.5,152.1,1.401856,1.96565,1.4975
2015-8-13 8:48:50,64.5,152,1.436265,1.885199,1.4975
2015-8-13 8:48:52,64.4,151.9,1.436265,1.770268,1.4975
2015-8-13 8:48:54,64.4,151.8,1.378916,1.666831,1.4975
2015-8-13 8:48:55,64.4,151.7,1.367446,1.574887,1.4975
2015-8-13 8:48:57,64.4,151.6,1.390386,1.494436,1.4975
2015-8-13 8:48:58,64.4,151.6,1.447735,1.436971,1.4975
2015-8-13 8:49:0,64.5,151.5,1.516554,1.436971,1.4975
2015-8-13 8:49:2,64.4,151.5,1.596844,1.459957,1.4975
2015-8-13 8:49:3,64.4,151.5,1.688603,1.47145,1.4975
2015-8-13 8:49:5,64.4,151.5,1.745952,1.413985,2.61
2015-8-13 8:49:6,64.4,151.5,1.803301,1.390998,2.61
2015-8-13 8:49:8,64.4,151.6,1.895061,1.482943,3.5
2015-8-13 8:49:10,64.4,151.6,1.895061,1.620859,3.5
2015-8-13 8:49:11,64.4,151.6,1.860651,1.770268,3.5
2015-8-13 8:49:13,64.4,151.7,1.768892,1.919678,3.5
2015-8-13 8:49:14,64.4,151.7,1.723012,1.942664,2.3875
2015-8-13 8:49:16,64.4,151.8,1.665663,1.931171,2.3875
2015-8-13 8:49:18,64.4,151.9,1.677133,1.873706,1.9425
2015-8-13 8:49:19,64.4,151.9,1.734482,1.781762,1.9425
2015-8-13 8:49:21,64.4,152,1.826241,1.735789,1.4975
2015-8-13 8:49:22,64.4,152.1,1.883591,1.712803,1.4975
2015-8-13 8:49:24,64.4,152.2,1.98682,1.689817,2.61
2015-8-13 8:49:26,64.4,152.2,2.090049,1.666831,2.61
2015-8-13 8:49:27,64.5,152.3,2.124458,1.70131,3.5
2015-8-13 8:49:29,64.5,152.3,2.078579,1.770268,3.5
2015-8-13 8:49:30,64.5,152.4,1.918,1.919678,3.5
2015-8-13 8:49:32,64.5,152.4,1.860651,2.08058,3.5
2015-8-13 8:49:34,64.5,152.5,1.895061,2.057594,2.3875
2015-8-13 8:49:35,64.4,152.5,1.883591,1.96565,2.3875
2015-8-13 8:49:37,64.4,152.5,1.860651,1.862213,2.3875
2015-8-13 8:49:38,64.5,152.6,1.883591,1.839227,2.3875
2015-8-13 8:49:40,64.5,152.6,1.92947,1.885199,1.4975
2015-8-13 8:49:42,64.4,152.6,1.97535,1.885199,1.4975
2015-8-13 8:49:43,64.4,152.6,2.021229,1.862213,3.5
2015-8-13 8:49:45,64.5,152.6,2.135928,1.816241,3.5
2015-8-13 8:49:46,64.5,152.6,2.078579,1.862213,3.5
2015-8-13 8:49:48,64.5,152.5,1.90653,1.954157,3.5
2015-8-13 8:49:50,64.4,152.5,1.745952,2.069087,3.5
2015-8-13 8:49:51,64.4,152.4,1.642723,2.046101,3.5
2015-8-13 8:49:53,64.5,152.3,1.539494,1.908185,3.055
2015-8-13 8:49:54,64.4,152.3,1.355976,1.781762,3.055
2015-8-13 8:49:56,64.4,152.2,1.310097,1.666831,1.4975
2015-8-13 8:49:58,64.4,152.2,1.321566,1.643845,1.4975
2015-8-13 8:49:59,64.4,152.1,1.390386,1.597873,1.4975
2015-8-13 8:50:1,64.4,152,1.493615,1.540408,1.4975
2015-8-13 8:50:2,64.5,152,1.573904,1.448464,1.4975
2015-8-13 8:50:4,64.5,151.9,1.631253,1.356519,1.4975
2015-8-13 8:50:6,64.5,151.8,1.700073,1.299054,1.4975
2015-8-13 8:50:7,64.5,151.8,1.780362,1.333533,1.4975
2015-8-13 8:50:9,64.5,151.7,1.780362,1.368012,2.3875
2015-8-13 8:50:10,64.5,151.7,1.768892,1.517422,2.3875
2015-8-13 8:50:12,64.5,151.7,1.745952,1.655338,3.2775
2015-8-13 8:50:14,64.5,151.7,1.665663,1.793254,3.2775
2015-8-13 8:50:15,64.5,151.6,1.665663,1.781762,2.8325
2015-8-13 8:50:17,64.5,151.6,1.711542,1.758775,2.8325
2015-8-13 8:50:18,64.5,151.6,1.883591,1.712803,1.72
2015-8-13 8:50:20,64.5,151.7,1.92947,1.655338,1.72
2015-8-13 8:50:22,64.5,151.7,1.97535,1.632352,2.8325
2015-8-13 8:50:23,64.5,151.7,2.009759,1.620859,2.8325
2015-8-13 8:50:25,64.5,151.7,2.101518,1.678324,3.5
2015-8-13 8:50:26,64.5,151.7,2.032699,1.827734,3.5
2015-8-13 8:50:28,64.5,151.7,1.883591,1.96565,3.5
2015-8-13 8:50:30,64.6,151.7,1.723012,1.988636,3.5
2015-8-13 8:50:31,64.6,151.8,1.677133,2.011622,2.3875
2015-8-13 8:50:33,64.5,151.8,1.654193,1.931171,2.3875
2015-8-13 8:50:34,64.5,151.8,1.619783,1.804748,1.4975
2015-8-13 8:50:36,64.5,151.8,1.642723,1.758775,1.4975
2015-8-13 8:50:38,64.5,151.8,1.711542,1.678324,1.4975
2015-8-13 8:50:39,64.5,151.9,1.780362,1.655338,1.4975
2015-8-13 8:50:41,64.5,151.8,1.814771,1.620859,2.3875
2015-8-13 8:50:42,64.5,151.9,1.826241,1.632352,2.3875
2015-8-13 8:50:44,64.5,151.8,1.826241,1.574887,3.5
2015-8-13 8:50:46,64.5,151.8,1.849181,1.609366,3.5
2015-8-13 8:50:47,64.5,151.9,1.860651,1.747282,3.5
2015-8-13 8:50:49,64.5,151.9,1.814771,1.770268,3.5
2015-8-13 8:50:50,64.6,151.9,1.757422,1.793254,3.5
2015-8-13 8:50:52,64.6,151.8,1.665663,1.85072,3.5
2015-8-13 8:50:54,64.6,151.8,1.482145,1.816241,3.055
2015-8-13 8:50:55,64.6,151.8,1.447735,1.724296,3.055
2015-8-13 8:50:57,64.6,151.8,1.413326,1.724296,1.4975
2015-8-13 8:50:58,64.6,151.8,1.413326,1.689817,1.4975
2015-8-13 8:51:0,64.6,151.8,1.516554,1.620859,1.4975
2015-8-13 8:51:2,64.6,151.7,1.642723,1.517422,1.4975
2015-8-13 8:51:3,64.6,151.7,1.745952,1.459957,1.4975
2015-8-13 8:51:5,64.6,151.7,1.803301,1.459957,1.4975
2015-8-13 8:51:6,64.6,151.6,1.872121,1.425478,2.3875
2015-8-13 8:51:8,64.5,151.5,1.918,1.390998,2.3875
2015-8-13 8:51:10,64.5,151.5,1.95241,1.517422,3.5
2015-8-13 8:51:11,64.5,151.4,1.92947,1.724296,3.5
2015-8-13 8:51:13,64.5,151.4,1.791832,1.896692,3.5
2015-8-13 8:51:14,64.5,151.3,1.631253,1.931171,3.5
2015-8-13 8:51:16,64.6,151.2,1.550964,1.885199,3.055
2015-8-13 8:51:18,64.6,151.2,1.573904,1.804748,3.055
2015-8-13 8:51:19,64.6,151.2,1.757422,1.70131,1.4975
2015-8-13 8:51:21,64.6,151.1,1.745952,1.632352,1.4975
2015-8-13 8:51:22,64.6,151.1,1.745952,1.609366,2.3875
2015-8-13 8:51:24,64.6,151.1,1.814771,1.563394,2.3875
2015-8-13 8:51:26,64.6,151.1,1.872121,1.574887,3.2775
2015-8-13 8:51:27,64.6,151,1.98682,1.747282,3.2775
2015-8-13 8:51:29,64.6,151,2.021229,1.712803,3.5
2015-8-13 8:51:30,64.6,151,2.009759,1.816241,3.5
2015-8-13 8:51:32,64.6,151,1.918,1.942664,3.5
2015-8-13 8:51:34,64.6,151,1.826241,2.069087,3.5
2015-8-13 8:51:35,64.6,151,1.768892,2.057594,2.3875
2015-8-13 8:51:37,64.6,151.1,1.757422,2.000129,2.3875
2015-8-13 8:51:38,64.6,151.1,1.780362,1.931171,1.9425
2015-8-13 8:51:40,64.6,151.1,1.814771,1.896692,1.9425
2015-8-13 8:51:42,64.6,151.1,1.826241,1.839227,2.8325
2015-8-13 8:51:43,64.6,151.1,1.814771,1.804748,2.8325
2015-8-13 8:51:45,64.6,151.1,1.814771,1.770268,3.5
2015-8-13 8:51:46,64.6,151.2,1.745952,1.781762,3.5
2015-8-13 8:51:48,64.6,151.2,1.596844,1.781762,3.055
2015-8-13 8:51:50,64.6,151.2,1.550964,1.770268,3.055
2015-8-13 8:51:51,64.6,151.2,1.459205,1.827734,1.4975
2015-8-13 8:51:53,64.6,151.2,1.447735,1.781762,1.4975
2015-8-13 8:51:54,64.6,151.2,1.493615,1.712803,1.4975
2015-8-13 8:51:56,64.6,151.2,1.585374,1.609366,1.4975
2015-8-13 8:51:58,64.6,151.2,1.677133,1.563394,1.4975
2015-8-13 8:51:59,64.6,151.2,1.768892,1.540408,1.4975
2015-8-13 8:52:1,64.6,151.2,1.90653,1.528915,2.3875
2015-8-13 8:52:2,64.6,151.2,1.998289,1.505929,2.3875
2015-8-13 8:52:4,64.6,151.1,2.032699,1.505929,3.5
2015-8-13 8:52:6,64.6,151.1,2.009759,1.632352,3.5
2015-8-13 8:52:7,64.6,151.1,1.918,1.873706,3.5
2015-8-13 8:52:9,64.6,151.1,1.734482,2.057594,3.5
2015-8-13 8:52:10,64.6,151,1.562434,2.057594,2.3875
2015-8-13 8:52:12,64.6,151,1.493615,2.023115,2.3875
2015-8-13 8:52:14,64.6,151,1.470675,1.908185,1.4975
2015-8-13 8:52:15,64.6,150.9,1.482145,1.839227,1.4975
2015-8-13 8:52:17,64.6,150.9,1.505085,1.758775,1.4975
2015-8-13 8:52:18,64.6,150.8,1.516554,1.666831,1.4975
2015-8-13 8:52:20,64.6,150.7,1.562434,1.609366,1.4975
2015-8-13 8:52:22,64.6,150.7,1.608313,1.540408,1.4975
2015-8-13 8:52:23,64.6,150.6,1.631253,1.528915,1.4975
2015-8-13 8:52:25,64.6,150.6,1.688603,1.517422,1.4975
2015-8-13 8:52:26,64.6,150.5,1.745952,1.540408,2.61
2015-8-13 8:52:28,64.6,150.5,1.814771,1.563394,2.61
2015-8-13 8:52:30,64.6,150.4,1.883591,1.58638,3.5
2015-8-13 8:52:31,64.6,150.4,1.94094,1.666831,3.5
2015-8-13 8:52:33,64.6,150.3,1.94094,1.781762,3.5
2015-8-13 8:52:34,64.6,150.3,1.918,1.896692,3.5
2015-8-13 8:52:36,64.6,150.3,1.826241,1.908185,3.5
2015-8-13 8:52:38,64.6,150.3,1.700073,1.908185,3.5
2015-8-13 8:52:39,64.6,150.3,1.677133,1.862213,3.055
2015-8-13 8:52:41,64.6,150.3,1.677133,1.804748,3.055
2015-8-13 8:52:42,64.6,150.3,1.757422,1.70131,1.9425
2015-8-13 8:52:44,64.6,150.3,1.791832,1.666831,1.9425
2015-8-13 8:52:46,64.6,150.3,1.837711,1.655338,2.8325
2015-8-13 8:52:47,64.6,150.3,1.849181,1.655338,2.8325
2015-8-13 8:52:49,64.6,150.4,1.849181,1.724296,3.5
2015-8-13 8:52:50,64.6,150.4,1.837711,1.747282,3.5
2015-8-13 8:52:52,64.6,150.5,1.723012,1.804748,3.5
2015-8-13 8:52:54,64.6,150.6,1.585374,1.804748,3.5
2015-8-13 8:52:55,64.6,150.6,1.447735,1.770268,2.3875
2015-8-13 8:52:57,64.6,150.6,1.390386,1.735789,2.3875
2015-8-13 8:52:58,64.6,150.7,1.436265,1.678324,1.4975
2015-8-13 8:53:0,64.6,150.7,1.459205,1.620859,1.4975
2015-8-13 8:53:2,64.6,150.8,1.493615,1.551901,1.4975
2015-8-13 8:53:3,64.6,150.9,1.550964,1.517422,1.4975
2015-8-13 8:53:5,64.6,150.9,1.608313,1.459957,1.4975
2015-8-13 8:53:6,64.6,150.9,1.642723,1.425478,1.4975
2015-8-13 8:53:8,64.5,151,1.688603,1.448464,2.61
2015-8-13 8:53:10,64.6,151,1.768892,1.505929,2.61
2015-8-13 8:53:11,64.5,151,1.757422,1.563394,3.5
2015-8-13 8:53:13,64.6,151,1.780362,1.655338,3.5
2015-8-13 8:53:14,64.5,151,1.745952,1.735789,3.5
2015-8-13 8:53:16,64.6,151,1.757422,1.758775,3.5
2015-8-13 8:53:18,64.5,151,1.768892,1.770268,3.055
2015-8-13 8:53:19,64.5,151,1.734482,1.712803,3.055
2015-8-13 8:53:21,64.5,151,1.849181,1.678324,3.5
2015-8-13 8:53:22,64.6,151,1.97535,1.712803,3.5
2015-8-13 8:53:24,64.5,150.9,1.94094,1.758775,3.5
2015-8-13 8:53:26,64.5,150.9,1.837711,1.85072,3.5
2015-8-13 8:53:27,64.6,150.9,1.700073,2.034608,3.5
2015-8-13 8:53:29,64.5,150.8,1.573904,2.000129,3.5
2015-8-13 8:53:30,64.5,150.7,1.550964,1.873706,2.3875
2015-8-13 8:53:32,64.6,150.6,1.539494,1.816241,2.3875
2015-8-13 8:53:34,64.6,150.6,1.654193,1.747282,1.4975
2015-8-13 8:53:35,64.6,150.5,1.768892,1.689817,1.4975
2015-8-13 8:53:37,64.6,150.4,1.860651,1.643845,2.61
2015-8-13 8:53:38,64.6,150.3,1.97535,1.609366,2.61
2015-8-13 8:53:40,64.6,150.3,2.032699,1.58638,3.5
2015-8-13 8:53:42,64.6,150.2,2.067109,1.58638,3.5
2015-8-13 8:53:43,64.6,150.1,1.998289,1.793254,3.5
2015-8-13 8:53:45,64.5,150,1.872121,2.034608,3.5
2015-8-13 8:53:46,64.5,150,1.94094,2.115059,3.5
2015-8-13 8:53:48,64.5,150,1.791832,2.08058,3.5
2015-8-13 8:53:50,64.5,149.9,1.619783,1.942664,2.3875
2015-8-13 8:53:51,64.6,149.9,1.482145,1.96565,2.3875
2015-8-13 8:53:53,64.6,149.8,1.413326,1.977143,1.4975
2015-8-13 8:53:54,64.6,149.8,1.401856,1.908185,1.4975
2015-8-13 8:53:56,64.6,149.8,1.447735,1.827734,1.4975
2015-8-13 8:53:58,64.6,149.7,1.505085,1.747282,1.4975
2015-8-13 8:53:59,64.6,149.7,1.573904,1.655338,1.4975
2015-8-13 8:54:1,64.6,149.8,1.608313,1.574887,1.4975
2015-8-13 8:54:2,64.7,149.8,1.654193,1.482943,1.4975
2015-8-13 8:54:4,64.6,149.9,1.700073,1.436971,1.4975
2015-8-13 8:54:6,64.6,150,1.734482,1.402492,2.61
2015-8-13 8:54:7,64.6,150,1.791832,1.482943,2.61
2015-8-13 8:54:9,64.7,150.1,1.883591,1.563394,3.5
2015-8-13 8:54:10,64.7,150.2,1.92947,1.632352,3.5
2015-8-13 8:54:12,64.7,150.3,1.883591,1.689817,3.5
2015-8-13 8:54:14,64.6,150.5,1.757422,1.804748,3.5
2015-8-13 8:54:15,64.7,150.6,1.665663,1.862213,2.3875
2015-8-13 8:54:17,64.7,150.7,1.642723,1.862213,2.3875
2015-8-13 8:54:18,64.7,150.9,1.608313,1.816241,1.4975
2015-8-13 8:54:20,64.6,151,1.585374,1.735789,1.4975
2015-8-13 8:54:22,64.6,151.1,1.654193,1.678324,1.4975
2015-8-13 8:54:23,64.7,151.2,1.723012,1.632352,1.4975
2015-8-13 8:54:25,64.7,151.3,1.826241,1.609366,2.61
2015-8-13 8:54:26,64.7,151.5,1.95241,1.609366,2.61
2015-8-13 8:54:28,64.7,151.5,1.96388,1.551901,3.5
2015-8-13 8:54:30,64.7,151.7,1.90653,1.712803,3.5
2015-8-13 8:54:31,64.8,151.7,1.814771,1.919678,3.5
2015-8-13 8:54:33,64.8,151.8,1.700073,2.034608,3.5
2015-8-13 8:54:34,64.8,151.9,1.642723,2.011622,3.055
2015-8-13 8:54:36,64.8,152,1.642723,1.908185,3.055
2015-8-13 8:54:38,64.8,152,1.619783,1.793254,1.9425
2015-8-13 8:54:39,64.8,152.1,1.619783,1.712803,1.9425
2015-8-13 8:54:41,64.8,152.1,1.619783,1.643845,1.4975
2015-8-13 8:54:42,64.8,152.2,1.619783,1.620859,1.4975
2015-8-13 8:54:44,64.8,152.2,1.631253,1.609366,1.4975
2015-8-13 8:54:46,64.8,152.2,1.665663,1.609366,1.4975
2015-8-13 8:54:47,64.8,152.2,1.654193,1.574887,2.61
2015-8-13 8:54:49,64.8,152.2,1.608313,1.609366,2.61
2015-8-13 8:54:50,64.8,152.2,1.585374,1.620859,2.61
2015-8-13 8:54:52,64.8,152.1,1.550964,1.632352,2.61
2015-8-13 8:54:54,64.8,152.1,1.516554,1.655338,1.4975
2015-8-13 8:54:55,64.8,152.1,1.654193,1.609366,1.4975
2015-8-13 8:54:57,64.8,152,1.791832,1.574887,1.4975
2015-8-13 8:54:58,64.8,152,1.791832,1.540408,1.4975
2015-8-13 8:55:0,64.8,152,1.768892,1.528915,2.3875
2015-8-13 8:55:2,64.8,151.9,1.768892,1.494436,2.3875
2015-8-13 8:55:3,64.8,151.9,1.791832,1.47145,1.9425
2015-8-13 8:55:5,64.8,151.8,1.837711,1.540408,1.9425
2015-8-13 8:55:6,64.8,151.7,1.883591,1.781762,3.055
2015-8-13 8:55:8,64.8,151.7,1.918,1.758775,3.055
2015-8-13 8:55:10,64.8,151.6,1.849181,1.770268,3.5
2015-8-13 8:55:11,64.8,151.5,1.642723,1.862213,3.5
2015-8-13 8:55:13,64.8,151.5,1.539494,1.942664,3.055
2015-8-13 8:55:14,64.8,151.4,1.470675,1.862213,3.055
2015-8-13 8:55:16,64.8,151.3,1.505085,1.747282,1.4975
2015-8-13 8:55:18,64.8,151.3,1.550964,1.666831,1.4975
2015-8-13 8:55:19,64.8,151.2,1.631253,1.597873,1.4975
2015-8-13 8:55:21,64.8,151.2,1.677133,1.574887,1.4975
2015-8-13 8:55:22,64.8,151.2,1.700073,1.528915,2.61
2015-8-13 8:55:24,64.8,151.1,1.734482,1.494436,2.61
2015-8-13 8:55:26,64.9,151.1,1.826241,1.517422,3.5
2015-8-13 8:55:27,64.8,151.1,1.895061,1.689817,3.5
2015-8-13 8:55:29,64.8,151.1,1.918,1.770268,3.5
2015-8-13 8:55:30,64.9,151.1,1.780362,1.85072,3.5
2015-8-13 8:55:32,64.9,151.1,1.562434,1.942664,3.5
2015-8-13 8:55:34,64.9,151.2,1.367446,1.977143,3.5
2015-8-13 8:55:35,64.9,151.2,1.241277,1.896692,1.4975
2015-8-13 8:55:37,64.9,151.2,1.195398,1.816241,1.4975
2015-8-13 8:55:38,64.9,151.2,1.183928,1.70131,1.4975
2015-8-13 8:55:40,64.9,151.2,1.241277,1.574887,1.4975
2015-8-13 8:55:42,64.9,151.2,1.264217,1.482943,1.4975
2015-8-13 8:55:43,64.9,151.2,1.310097,1.413985,1.4975
2015-8-13 8:55:45,64.8,151.3,1.367446,1.333533,1.4975
2015-8-13 8:55:46,64.8,151.3,1.459205,1.276068,1.4975
2015-8-13 8:55:48,64.8,151.3,1.539494,1.230096,1.4975
2015-8-13 8:55:50,64.8,151.4,1.608313,1.184124,1.4975
2015-8-13 8:55:51,64.8,151.4,1.677133,1.241589,1.4975
2015-8-13 8:55:53,64.8,151.4,1.723012,1.264575,1.4975
2015-8-13 8:55:54,64.8,151.4,1.757422,1.299054,2.61
2015-8-13 8:55:56,64.8,151.4,1.723012,1.368012,2.61
2015-8-13 8:55:58,64.9,151.4,1.677133,1.517422,3.5
2015-8-13 8:55:59,64.9,151.4,1.550964,1.643845,3.5
2015-8-13 8:56:1,64.9,151.4,1.275687,1.770268,2.3875
2015-8-13 8:56:2,64.9,151.4,1.080699,1.758775,2.3875
2015-8-13 8:56:4,64.9,151.3,1.069229,1.735789,1.4975
2015-8-13 8:56:6,64.9,151.3,1.367446,1.666831,1.4975
2015-8-13 8:56:7,64.9,151.2,1.505085,1.551901,1.4975
2015-8-13 8:56:9,64.9,151.2,1.505085,1.448464,1.4975
2015-8-13 8:56:10,64.9,151.2,1.516554,1.299054,1.4975
2015-8-13 8:56:12,64.9,151.1,1.550964,1.149645,1.4975
2015-8-13 8:56:14,64.9,151.1,1.562434,1.080687,1.4975
2015-8-13 8:56:15,64.9,151,1.585374,1.172631,1.4975
2015-8-13 8:56:17,64.9,150.9,1.608313,1.494436,1.4975
2015-8-13 8:56:18,64.9,150.9,1.665663,1.574887,1.4975
2015-8-13 8:56:20,64.9,150.8,1.745952,1.563394,2.61
2015-8-13 8:56:22,64.9,150.7,1.849181,1.58638,2.61
2015-8-13 8:56:23,64.9,150.6,1.96388,1.609366,3.5
2015-8-13 8:56:25,64.9,150.6,2.009759,1.609366,3.5
2015-8-13 8:56:26,64.9,150.5,1.95241,1.712803,3.5
2015-8-13 8:56:28,64.9,150.5,1.872121,1.839227,3.5
2015-8-13 8:56:30,64.9,150.4,1.757422,1.954157,3.5
2015-8-13 8:56:31,65,150.4,1.803301,1.977143,3.5
2015-8-13 8:56:33,65,150.4,1.918,1.919678,3.055
2015-8-13 8:56:34,65,150.3,1.97535,1.793254,3.055
2015-8-13 8:56:36,65,150.3,1.872121,1.770268,3.5
2015-8-13 8:56:38,65,150.3,1.665663,1.896692,3.5
2015-8-13 8:56:39,65,150.3,1.505085,1.96565,2.3875
2015-8-13 8:56:41,65,150.3,1.436265,1.919678,2.3875
2015-8-13 8:56:42,65,150.3,1.378916,1.827734,1.4975
2015-8-13 8:56:44,65,150.3,1.413326,1.735789,1.4975
2015-8-13 8:56:46,65,150.3,1.378916,1.632352,1.4975
2015-8-13 8:56:47,65,150.4,1.459205,1.528915,1.4975
2015-8-13 8:56:49,65,150.4,1.516554,1.47145,1.4975
2015-8-13 8:56:50,65,150.5,1.585374,1.436971,1.4975
2015-8-13 8:56:52,65,150.5,1.642723,1.402492,1.4975
2015-8-13 8:56:54,65,150.6,1.734482,1.345026,1.4975
2015-8-13 8:56:55,65,150.5,1.803301,1.379506,2.61
2015-8-13 8:56:57,65,150.6,2.044169,1.390998,2.61
2015-8-13 8:56:58,65,150.6,1.98682,1.47145,3.5
2015-8-13 8:57:0,65,150.6,1.872121,1.689817,3.5
2015-8-13 8:57:2,65,150.6,1.608313,1.977143,3.5
2015-8-13 8:57:3,65,150.6,1.310097,2.034608,3.5
2015-8-13 8:57:5,65,150.7,1.034819,1.931171,1.4975
2015-8-13 8:57:6,65,150.7,1.069229,1.816241,1.4975
2015-8-13 8:57:8,65,150.7,1.539494,1.712803,1.4975
2015-8-13 8:57:10,65,150.7,1.757422,1.58638,1.4975
2015-8-13 8:57:11,65,150.7,1.745952,1.459957,1.4975
2015-8-13 8:57:13,65,150.7,1.734482,1.310547,1.4975
2015-8-13 8:57:14,65,150.6,1.768892,1.172631,2.3875
2015-8-13 8:57:16,65,150.6,1.803301,1.080687,2.3875
2015-8-13 8:57:18,65,150.6,1.97535,1.597873,3.2775
2015-8-13 8:57:19,65,150.6,2.147398,1.85072,3.2775
2015-8-13 8:57:21,65,150.6,2.181808,1.827734,3.5
2015-8-13 8:57:22,65,150.5,2.181808,1.942664,3.5
2015-8-13 8:57:24,65,150.5,2.147398,2.161031,3.5
2015-8-13 8:57:26,65,150.5,2.078579,2.184017,3.5
2015-8-13 8:57:27,65,150.4,1.94094,2.184017,3.5
2015-8-13 8:57:29,65,150.4,1.814771,2.161031,3.5
2015-8-13 8:57:30,65,150.3,1.734482,2.126552,3.5
2015-8-13 8:57:32,65,150.3,1.872121,2.011622,3.5
2015-8-13 8:57:34,65,150.3,2.055639,1.862213,3.055
2015-8-13 8:57:35,65,150.2,2.112988,1.781762,3.055
2015-8-13 8:57:37,65,150.1,2.032699,1.839227,3.5
2015-8-13 8:57:38,65,150.1,1.95241,2.069087,3.5
2015-8-13 8:57:40,65,150,1.837711,2.184017,3.5
2015-8-13 8:57:42,65,150,1.745952,2.138045,3.5
2015-8-13 8:57:43,65,149.9,1.619783,2.034608,2.3875
2015-8-13 8:57:45,65,149.8,1.516554,1.954157,2.3875
2015-8-13 8:57:46,65,149.8,1.459205,1.862213,1.4975
2015-8-13 8:57:48,65,149.7,1.459205,1.839227,1.4975
2015-8-13 8:57:50,65,149.7,1.413326,1.758775,1.4975
2015-8-13 8:57:51,65,149.7,1.390386,1.689817,1.4975
2015-8-13 8:57:53,65,149.7,1.390386,1.620859,1.4975
2015-8-13 8:57:54,65,149.7,1.424795,1.563394,1.4975
2015-8-13 8:57:56,65,149.7,1.436265,1.528915,1.4975
2015-8-13 8:57:58,65,149.7,1.436265,1.505929,1.4975
2015-8-13 8:57:59,65,149.8,1.413326,1.505929,1.4975
2015-8-13 8:58:1,65,149.8,1.413326,1.459957,1.4975
2015-8-13 8:58:2,65,149.9,1.413326,1.436971,1.4975
2015-8-13 8:58:4,65,149.9,1.413326,1.436971,1.4975
2015-8-13 8:58:6,65,150,1.413326,1.448464,1.4975
2015-8-13 8:58:7,65,150.1,1.401856,1.448464,1.4975
2015-8-13 8:58:9,65,150.2,1.424795,1.448464,1.4975
2015-8-13 8:58:10,65,150.3,1.459205,1.436971,1.4975
2015-8-13 8:58:12,65,150.4,1.493615,1.425478,1.4975
2015-8-13 8:58:14,65,150.6,1.516554,1.402492,1.4975
2015-8-13 8:58:15,65,150.7,1.631253,1.413985,1.4975
2015-8-13 8:58:17,65,150.9,1.803301,1.402492,1.4975
2015-8-13 8:58:18,65,151,1.883591,1.436971,2.61
2015-8-13 8:58:20,64.9,151.2,1.94094,1.47145,2.61
2015-8-13 8:58:22,64.9,151.3,1.998289,1.528915,3.5
2015-8-13 8:58:23,64.9,151.5,1.94094,1.678324,3.5
2015-8-13 8:58:25,65,151.6,1.780362,1.885199,3.5
2015-8-13 8:58:26,64.9,151.7,1.573904,1.931171,3.5
2015-8-13 8:58:28,65,151.9,1.367446,1.908185,3.055
2015-8-13 8:58:30,65,152,1.424795,1.793254,3.055
2015-8-13 8:58:31,65,152.1,1.321566,1.632352,1.4975
2015-8-13 8:58:33,65,152.2,1.390386,1.551901,1.4975
2015-8-13 8:58:34,65,152.3,1.539494,1.517422,1.4975
2015-8-13 8:58:36,65,152.4,1.665663,1.425478,1.4975
2015-8-13 8:58:38,65,152.5,1.734482,1.379506,1.4975
2015-8-13 8:58:39,65,152.6,1.803301,1.436971,1.4975
2015-8-13 8:58:41,65,152.6,1.90653,1.436971,2.3875
2015-8-13 8:58:42,65,152.7,1.97535,1.356519,2.3875
2015-8-13 8:58:44,65,152.7,1.92947,1.517422,3.5
2015-8-13 8:58:46,64.9,152.8,1.860651,1.735789,3.5
2015-8-13 8:58:47,64.9,152.8,1.677133,1.908185,3.5
2015-8-13 8:58:49,64.9,152.8,1.516554,2.011622,3.5
2015-8-13 8:58:50,64.9,152.8,1.459205,1.908185,2.3875
2015-8-13 8:58:52,64.9,152.7,1.436265,1.781762,2.3875
2015-8-13 8:58:54,64.9,152.8,1.447735,1.655338,1.4975
2015-8-13 8:58:55,64.9,152.7,1.482145,1.58638,1.4975
2015-8-13 8:58:57,64.9,152.7,1.493615,1.540408,1.4975
2015-8-13 8:58:58,64.9,152.6,1.505085,1.517422,1.4975
2015-8-13 8:59:0,64.9,152.6,1.505085,1.482943,1.4975
2015-8-13 8:59:2,64.9,152.5,1.528024,1.47145,1.4975
2015-8-13 8:59:3,64.9,152.5,1.516554,1.459957,1.4975
2015-8-13 8:59:5,65,152.5,1.505085,1.482943,1.4975
2015-8-13 8:59:6,65,152.4,1.505085,1.505929,1.4975
2015-8-13 8:59:8,65,152.3,1.505085,1.540408,1.4975
2015-8-13 8:59:10,65,152.3,1.482145,1.517422,1.4975
2015-8-13 8:59:11,65,152.2,1.493615,1.517422,1.4975
2015-8-13 8:59:13,64.9,152.1,1.470675,1.540408,1.4975
2015-8-13 8:59:14,65,152.1,1.459205,1.517422,1.4975
2015-8-13 8:59:16,64.9,152,1.493615,1.517422,1.4975
2015-8-13 8:59:18,65,152,1.539494,1.517422,1.4975
2015-8-13 8:59:19,64.9,151.9,1.619783,1.517422,1.4975
2015-8-13 8:59:21,64.9,151.9,1.677133,1.505929,1.4975
2015-8-13 8:59:22,64.9,151.9,1.688603,1.505929,2.61
2015-8-13 8:59:24,64.9,151.8,1.688603,1.436971,2.61
2015-8-13 8:59:26,64.9,151.8,1.700073,1.402492,3.5
2015-8-13 8:59:27,64.9,151.7,1.711542,1.494436,3.5
2015-8-13 8:59:29,64.9,151.7,1.734482,1.620859,3.5
2015-8-13 8:59:30,65,151.7,1.849181,1.666831,3.5
2015-8-13 8:59:32,65,151.7,1.998289,1.666831,3.5
2015-8-13 8:59:34,65,151.7,2.124458,1.689817,3.5
2015-8-13 8:59:35,65,151.7,2.227687,1.793254,3.5
2015-8-13 8:59:37,65,151.7,2.273566,1.908185,3.5
2015-8-13 8:59:38,65,151.7,2.262097,2.103566,3.5
2015-8-13 8:59:40,65,151.7,2.227687,2.207004,3.5
2015-8-13 8:59:42,65,151.7,2.193277,2.298948,3.5
2015-8-13 8:59:43,65,151.7,2.124458,2.321934,3.5
2015-8-13 8:59:45,65,151.7,2.067109,2.275962,3.5
2015-8-13 8:59:46,65,151.8,1.95241,2.264469,3.5
2015-8-13 8:59:48,65,151.8,1.849181,2.195511,3.5
2015-8-13 8:59:50,65,151.8,1.791832,2.115059,3.5
2015-8-13 8:59:51,65,151.8,1.665663,2.011622,2.3875
2015-8-13 8:59:53,65,151.8,1.528024,1.908185,2.3875
2015-8-13 8:59:54,65,151.8,1.424795,1.804748,1.4975
2015-8-13 8:59:56,65,151.8,1.413326,1.839227,1.4975
2015-8-13 8:59:58,65,151.8,1.436265,1.839227,1.4975
2015-8-13 8:59:59,65,151.8,1.505085,1.747282,1.4975
