time,Tmp Husillo,Tmp Nozzle,Diametro X,Diametro Y,MARCHA,PARO,VELOCIDAD
2015-13-7-16:5:44,61.5,137,0.0598795,0.000342,TRUE,TRUE,0.75
2015-13-7-16:5:45,61.5,136.8,0.014,0.000342,TRUE,TRUE,0.75
2015-13-7-16:5:46,61.5,136.7,0.0254699,0.000342,TRUE,TRUE,0.75
2015-13-7-16:5:48,61.6,136.5,0.014,0.000342,TRUE,TRUE,0.75
2015-13-7-16:5:49,61.5,136.5,0.0484096,0.000342,TRUE,TRUE,0.75
2015-13-7-16:5:51,61.5,136.3,0.014,0.000342,TRUE,TRUE,0.75
2015-13-7-16:5:52,61.5,136.2,0.014,0.000342,TRUE,TRUE,0.75
2015-13-7-16:5:53,61.6,136.2,0.014,0.000342,TRUE,TRUE,0.75
2015-13-7-16:5:55,61.6,136,0.014,0.000342,TRUE,TRUE,0.75
2015-13-7-16:5:56,61.6,135.9,0.014,0.000342,TRUE,TRUE,0.75
2015-13-7-16:5:58,61.6,135.9,0.014,0.000342,TRUE,TRUE,0.75
2015-13-7-16:5:59,61.6,135.8,0.014,0.000342,TRUE,TRUE,0.75
2015-13-7-16:6:0,61.6,135.6,0.014,0.000342,TRUE,TRUE,0.75
2015-13-7-16:6:2,61.6,135.6,0.014,0.000342,TRUE,TRUE,0.75
2015-13-7-16:6:3,61.6,135.5,0.014,0.000342,TRUE,TRUE,0.75
2015-13-7-16:6:5,61.6,135.5,0.0254699,0.000342,TRUE,TRUE,0.75
2015-13-7-16:6:6,61.6,135.5,0.014,0.000342,TRUE,TRUE,0.75
2015-13-7-16:6:7,61.6,135.4,0.0598795,0.000342,TRUE,TRUE,0.75
2015-13-7-16:6:9,61.6,135.2,0.014,0.000342,TRUE,TRUE,0.75
2015-13-7-16:6:10,61.7,135.1,0.014,0.000342,TRUE,TRUE,0.75
2015-13-7-16:6:12,61.6,135.1,0.014,0.000342,TRUE,TRUE,0.75
2015-13-7-16:6:13,61.6,135.2,0.014,0.000342,TRUE,TRUE,0.75
2015-13-7-16:6:14,61.6,135.1,0.0369398,0.000342,TRUE,TRUE,0.75
2015-13-7-16:6:16,61.7,135.1,0.014,0.000342,TRUE,TRUE,0.75
2015-13-7-16:6:17,61.7,135,0.014,0.000342,TRUE,TRUE,0.75
2015-13-7-16:6:19,61.7,134.8,0.014,0.000342,TRUE,TRUE,0.75
2015-13-7-16:6:20,61.7,134.7,0.014,0.000342,TRUE,TRUE,0.75
2015-13-7-16:6:21,61.7,134.6,0.014,0.000342,TRUE,TRUE,0.75
2015-13-7-16:6:23,61.7,134.5,0.014,0.000342,TRUE,TRUE,0.75
2015-13-7-16:6:24,61.7,134.5,0.014,0.000342,TRUE,TRUE,0.75
2015-13-7-16:6:26,61.7,134.5,0.014,0.000342,TRUE,TRUE,0.75
2015-13-7-16:6:27,61.7,134.5,1.218338,0.781868,TRUE,TRUE,0.75
2015-13-7-16:6:29,61.8,134.4,1.264217,1.230096,TRUE,TRUE,0.75
2015-13-7-16:6:30,61.8,134.2,1.401856,1.103673,TRUE,TRUE,0.75
2015-13-7-16:6:31,61.8,134,1.401856,1.057701,TRUE,TRUE,0.75
2015-13-7-16:6:33,61.8,134,1.344506,1.287561,TRUE,TRUE,0.75
2015-13-7-16:6:34,61.8,133.9,1.287157,1.482943,TRUE,TRUE,0.75
2015-13-7-16:6:36,61.8,133.9,1.241277,1.494436,TRUE,TRUE,0.75
2015-13-7-16:6:37,61.9,134,1.183928,1.413985,TRUE,TRUE,0.75
2015-13-7-16:6:38,61.8,134,1.092169,1.287561,TRUE,TRUE,0.75
2015-13-7-16:6:40,61.9,134,1.034819,1.161138,TRUE,TRUE,0.75
2015-13-7-16:6:41,61.9,134,1.057759,1.080687,TRUE,TRUE,0.75
2015-13-7-16:6:43,61.9,134,1.034819,1.011729,TRUE,TRUE,0.75
2015-13-7-16:6:44,61.9,133.7,1.057759,0.965756,TRUE,TRUE,0.75
2015-13-7-16:6:46,61.9,133.6,1.115109,0.540514,TRUE,TRUE,0.75
2015-13-7-16:6:47,61.9,133.2,1.149518,0.0463141,TRUE,TRUE,0.75
2015-13-7-16:6:48,61.9,132.9,1.080699,0.000342,TRUE,TRUE,0.75
2015-13-7-16:6:50,61.9,132.6,1.034819,0.000342,TRUE,TRUE,0.75
2015-13-7-16:6:51,62,132.6,1.103639,0.816347,TRUE,TRUE,0.75
2015-13-7-16:6:53,62,132.3,1.092169,1.046208,TRUE,TRUE,0.75
2015-13-7-16:6:54,62,132.1,1.149518,1.080687,TRUE,TRUE,0.75
2015-13-7-16:6:55,62,132,1.241277,1.103673,TRUE,TRUE,0.75
2015-13-7-16:6:57,62,131.9,1.321566,1.09218,TRUE,TRUE,0.75
2015-13-7-16:6:58,62,131.8,1.310097,1.034715,TRUE,TRUE,0.75
2015-13-7-16:7:0,62,131.7,1.310097,1.000236,TRUE,TRUE,0.75
2015-13-7-16:7:1,62,131.6,1.378916,1.126659,TRUE,TRUE,0.75
2015-13-7-16:7:2,62,131.6,1.608313,1.195617,TRUE,TRUE,0.75
2015-13-7-16:7:4,62,131.5,1.918,1.195617,TRUE,TRUE,0.75
2015-13-7-16:7:5,62,131.5,1.493615,1.184124,TRUE,TRUE,0.75
2015-13-7-16:7:7,62.1,131.5,1.654193,1.241589,TRUE,TRUE,0.75
2015-13-7-16:7:8,62.1,131.3,1.711542,1.482943,TRUE,TRUE,0.75
2015-13-7-16:7:9,62,131.2,1.654193,1.597873,TRUE,TRUE,0.75
2015-13-7-16:7:11,62,131.1,1.539494,1.563394,TRUE,TRUE,0.75
2015-13-7-16:7:12,62,131,1.482145,1.678324,TRUE,TRUE,0.75
2015-13-7-16:7:14,62,130.9,1.390386,1.632352,TRUE,TRUE,0.75
2015-13-7-16:7:15,62,130.9,1.333036,1.655338,TRUE,TRUE,0.75
2015-13-7-16:7:16,62,130.9,1.298627,1.620859,TRUE,TRUE,0.75
2015-13-7-16:7:18,62,130.9,1.241277,1.528915,TRUE,TRUE,0.75
2015-13-7-16:7:19,62,130.7,1.241277,1.413985,TRUE,TRUE,0.75
2015-13-7-16:7:21,62,130.7,1.206868,1.345026,TRUE,TRUE,0.75
2015-13-7-16:7:22,62,130.5,1.241277,1.253082,TRUE,TRUE,0.75
2015-13-7-16:7:23,62,130.4,1.275687,1.195617,TRUE,TRUE,0.75
2015-13-7-16:7:25,62,130.2,1.287157,1.20711,TRUE,TRUE,0.75
2015-13-7-16:7:26,62,130.2,1.264217,1.126659,TRUE,TRUE,0.75
2015-13-7-16:7:28,62,130.1,1.229807,1.126659,TRUE,TRUE,0.75
2015-13-7-16:7:29,62,130.1,1.241277,1.149645,TRUE,TRUE,0.75
2015-13-7-16:7:30,62,130.2,1.390386,1.161138,TRUE,TRUE,0.75
2015-13-7-16:7:32,62,130.2,1.608313,1.172631,TRUE,TRUE,0.75
2015-13-7-16:7:33,62,130.2,1.677133,1.161138,TRUE,TRUE,0.75
2015-13-7-16:7:35,62,130,1.757422,1.184124,TRUE,TRUE,0.75
2015-13-7-16:7:36,62,129.9,1.734482,1.32204,TRUE,TRUE,0.75
2015-13-7-16:7:37,62,129.8,1.654193,1.494436,TRUE,TRUE,0.75
2015-13-7-16:7:39,62.1,129.7,1.619783,1.643845,TRUE,TRUE,0.75
2015-13-7-16:7:40,62.1,129.7,1.596844,1.747282,TRUE,TRUE,0.75
2015-13-7-16:7:42,62.1,129.6,1.585374,1.735789,TRUE,TRUE,0.75
2015-13-7-16:7:43,62.1,129.6,1.516554,1.643845,TRUE,TRUE,0.75
2015-13-7-16:7:44,62.1,129.5,1.367446,1.58638,TRUE,TRUE,0.75
2015-13-7-16:7:46,62.1,129.4,1.252747,1.551901,TRUE,TRUE,0.75
2015-13-7-16:7:47,62.2,129.4,1.206868,1.482943,TRUE,TRUE,0.75
2015-13-7-16:7:49,62.2,129.4,1.206868,1.459957,TRUE,TRUE,0.75
2015-13-7-16:7:50,62.2,129.5,1.355976,1.345026,TRUE,TRUE,0.75
2015-13-7-16:7:51,62.2,129.6,1.539494,1.241589,TRUE,TRUE,0.75
2015-13-7-16:7:53,62.3,129.8,1.723012,1.20711,TRUE,TRUE,0.75
2015-13-7-16:7:54,62.3,129.9,1.780362,1.195617,TRUE,TRUE,0.75
2015-13-7-16:7:56,62.3,130.1,1.745952,1.32204,TRUE,TRUE,0.75
2015-13-7-16:7:57,62.3,130.4,1.723012,1.448464,TRUE,TRUE,0.75
2015-13-7-16:7:58,62.3,130.6,1.654193,1.574887,TRUE,TRUE,0.75
2015-13-7-16:8:0,62.3,130.7,1.550964,1.620859,TRUE,TRUE,0.75
2015-13-7-16:8:1,62.3,130.7,1.516554,1.563394,TRUE,TRUE,0.75
2015-13-7-16:8:3,62.3,130.8,1.539494,1.551901,TRUE,TRUE,0.75
2015-13-7-16:8:4,62.3,130.8,1.619783,1.505929,TRUE,TRUE,0.75
2015-13-7-16:8:5,62.3,130.7,1.562434,1.425478,TRUE,TRUE,0.75
2015-13-7-16:8:7,62.2,130.8,1.447735,1.413985,TRUE,TRUE,0.75
2015-13-7-16:8:8,62.2,130.9,1.654193,1.459957,TRUE,TRUE,0.75
2015-13-7-16:8:10,62.2,131,1.677133,1.551901,TRUE,TRUE,0.75
2015-13-7-16:8:11,62.2,130.9,1.596844,1.563394,TRUE,TRUE,0.75
2015-13-7-16:8:13,62.1,130.9,1.665663,1.459957,TRUE,TRUE,0.75
2015-13-7-16:8:14,62.1,130.7,1.998289,1.712803,TRUE,TRUE,0.75
2015-13-7-16:8:15,62.1,130.6,2.112988,1.712803,TRUE,TRUE,0.75
2015-13-7-16:8:17,62.1,130.8,2.055639,1.689817,TRUE,TRUE,0.75
2015-13-7-16:8:18,62.1,130.8,1.918,1.816241,TRUE,TRUE,0.75
2015-13-7-16:8:20,62.1,131.1,1.757422,2.184017,TRUE,TRUE,0.75
2015-13-7-16:8:21,62.1,131.2,1.700073,2.161031,TRUE,TRUE,0.75
2015-13-7-16:8:22,62.1,131.4,1.734482,2.046101,TRUE,TRUE,0.75
2015-13-7-16:8:24,62.1,131.5,1.780362,2.000129,TRUE,TRUE,0.75
2015-13-7-16:8:25,62.1,131.7,1.768892,1.885199,TRUE,TRUE,0.75
2015-13-7-16:8:27,62.1,132,1.688603,1.666831,TRUE,TRUE,0.75
2015-13-7-16:8:28,62.1,132.1,1.596844,1.689817,TRUE,TRUE,0.75
2015-13-7-16:8:29,62.1,132.2,1.528024,1.747282,TRUE,TRUE,0.75
2015-13-7-16:8:31,62.2,132.5,1.516554,1.758775,TRUE,TRUE,0.75
2015-13-7-16:8:32,62.2,132.8,1.757422,1.655338,TRUE,TRUE,0.75
2015-13-7-16:8:34,62.2,133.2,1.642723,1.597873,TRUE,TRUE,0.75
2015-13-7-16:8:35,62.2,133.4,1.585374,1.551901,TRUE,TRUE,0.75
2015-13-7-16:8:36,62.2,133.7,1.505085,1.643845,TRUE,TRUE,0.75
2015-13-7-16:8:38,62.2,133.9,0.358096,0.414091,TRUE,TRUE,0.75
2015-13-7-16:8:39,62.1,134,0.014,0.000342,TRUE,TRUE,0.75
2015-13-7-16:8:41,62.1,134.1,0.014,0.000342,TRUE,TRUE,0.75
2015-13-7-16:8:42,62.1,134.2,0.014,0.000342,TRUE,TRUE,0.75
2015-13-7-16:8:43,62.1,134.2,0.014,0.000342,TRUE,TRUE,0.75
2015-13-7-16:8:45,62.1,134.3,0.014,0.000342,TRUE,TRUE,0.75
2015-13-7-16:8:46,62.1,134.4,0.014,0.000342,TRUE,TRUE,0.75
2015-13-7-16:8:48,62.1,134.6,0.014,0.000342,TRUE,TRUE,0.75
2015-13-7-16:8:49,62.2,135,1.080699,0.000342,TRUE,TRUE,0.75
2015-13-7-16:8:50,62.2,135.2,1.803301,1.161138,TRUE,TRUE,0.75
2015-13-7-16:8:52,62.2,135.2,1.849181,1.413985,TRUE,TRUE,0.75
2015-13-7-16:8:53,62.2,135.2,1.723012,1.046208,TRUE,TRUE,0.75
2015-13-7-16:8:55,62.2,135.1,0.140169,0.0578071,TRUE,TRUE,0.75
2015-13-7-16:8:56,62.2,135,0.014,0.000342,TRUE,TRUE,0.75
2015-13-7-16:8:57,62.2,135,0.014,0.000342,TRUE,TRUE,0.75
2015-13-7-16:8:59,62.2,135,0.014,0.000342,TRUE,TRUE,0.75
2015-13-7-16:9:0,62.3,134.9,0.014,0.000342,TRUE,TRUE,0.75
2015-13-7-16:9:2,62.3,134.7,0.014,0.000342,TRUE,TRUE,0.75
2015-13-7-16:9:3,62.3,134.6,0.014,0.000342,TRUE,TRUE,0.75
2015-13-7-16:9:4,62.3,134.6,0.014,0.000342,TRUE,TRUE,0.75
2015-13-7-16:9:6,62.2,134.7,0.014,0.000342,TRUE,TRUE,0.75
2015-13-7-16:9:7,62.2,134.8,0.014,0.000342,TRUE,TRUE,0.75
2015-13-7-16:9:9,62.2,134.9,0.014,0.000342,TRUE,TRUE,0.75
2015-13-7-16:9:10,62.2,135,0.014,0.000342,TRUE,TRUE,0.75
2015-13-7-16:9:11,62.2,135.1,0.014,0.000342,TRUE,TRUE,0.75
2015-13-7-16:9:13,62.2,135.2,0.014,0.000342,TRUE,TRUE,0.75
2015-13-7-16:9:14,62.2,135.2,0.014,0.000342,TRUE,TRUE,0.75
2015-13-7-16:9:16,62.2,135.3,0.014,0.000342,TRUE,TRUE,0.75
2015-13-7-16:9:17,62.2,135.3,0.014,0.000342,TRUE,TRUE,0.75
2015-13-7-16:9:18,62.2,135.5,1.791832,0.000342,TRUE,TRUE,0.75
2015-13-7-16:9:20,62.2,135.6,1.723012,0.000342,TRUE,TRUE,0.75
2015-13-7-16:9:21,62.2,135.6,1.206868,0.885305,TRUE,TRUE,0.75
2015-13-7-16:9:23,62.2,135.7,1.654193,1.390998,TRUE,TRUE,0.75
2015-13-7-16:9:24,62.2,135.8,1.608313,1.448464,TRUE,TRUE,0.75
2015-13-7-16:9:25,62.2,136,1.700073,1.448464,TRUE,TRUE,0.75
2015-13-7-16:9:27,62.2,136,1.550964,1.517422,TRUE,TRUE,0.75
2015-13-7-16:9:28,62.2,135.9,1.459205,1.551901,TRUE,TRUE,0.75
2015-13-7-16:9:30,62.2,135.8,1.436265,1.505929,TRUE,TRUE,0.75
2015-13-7-16:9:31,62.2,135.6,1.378916,1.597873,TRUE,TRUE,0.75
2015-13-7-16:9:32,62.2,135.6,1.333036,1.620859,TRUE,TRUE,0.75
2015-13-7-16:9:34,62.2,135.5,1.241277,1.58638,TRUE,TRUE,0.75
2015-13-7-16:9:35,62.2,135.5,1.310097,1.494436,TRUE,TRUE,0.75
2015-13-7-16:9:37,62.2,135.6,1.172458,1.425478,TRUE,TRUE,0.75
2015-13-7-16:9:38,62.2,135.6,1.138048,1.345026,TRUE,TRUE,0.75
2015-13-7-16:9:39,62.2,135.7,1.115109,1.264575,TRUE,TRUE,0.75
2015-13-7-16:9:41,62.3,135.6,1.115109,1.368012,TRUE,TRUE,0.75
2015-13-7-16:9:42,62.3,135.5,1.160988,1.184124,TRUE,TRUE,0.75
2015-13-7-16:9:44,62.3,135.5,1.160988,1.138152,TRUE,TRUE,0.75
2015-13-7-16:9:45,62.3,135.5,1.459205,1.126659,TRUE,TRUE,0.75
2015-13-7-16:9:46,62.3,135.4,1.080699,1.126659,TRUE,TRUE,0.75
2015-13-7-16:9:48,62.3,135.4,1.183928,1.126659,TRUE,TRUE,0.75
2015-13-7-16:9:49,62.3,135.5,1.401856,1.126659,TRUE,TRUE,0.75
2015-13-7-16:9:51,62.2,135.5,1.849181,1.161138,TRUE,TRUE,0.75
2015-13-7-16:9:52,62.2,135.5,1.780362,1.195617,TRUE,TRUE,0.75
2015-13-7-16:9:54,62.2,135.5,1.688603,1.264575,TRUE,TRUE,0.75
2015-13-7-16:9:55,62.2,135.4,1.665663,1.425478,TRUE,TRUE,0.75
2015-13-7-16:9:56,62.2,135.3,1.711542,1.816241,TRUE,TRUE,0.75
2015-13-7-16:9:58,62.2,135.3,1.700073,1.804748,TRUE,TRUE,0.75
2015-13-7-16:9:59,62.3,135.3,1.654193,1.666831,TRUE,TRUE,0.75
2015-13-7-16:10:1,62.3,135.1,1.665663,1.551901,TRUE,TRUE,0.75
2015-13-7-16:10:2,62.4,135,1.757422,1.505929,TRUE,TRUE,0.75
2015-13-7-16:10:3,62.4,134.7,1.791832,1.632352,TRUE,TRUE,0.75
2015-13-7-16:10:5,62.4,134.4,1.860651,1.793254,TRUE,TRUE,0.75
2015-13-7-16:10:6,62.4,134.1,1.872121,1.816241,TRUE,TRUE,0.75
2015-13-7-16:10:8,62.5,134,1.860651,1.816241,TRUE,TRUE,0.75
2015-13-7-16:10:9,62.5,133.7,1.826241,1.793254,TRUE,TRUE,0.75
2015-13-7-16:10:10,62.5,133.6,1.860651,1.827734,TRUE,TRUE,0.75
2015-13-7-16:10:12,62.5,133.4,1.791832,1.931171,TRUE,TRUE,0.75
2015-13-7-16:10:13,62.5,133.3,1.791832,2.011622,TRUE,TRUE,0.75
2015-13-7-16:10:15,62.5,133.1,1.665663,1.977143,TRUE,TRUE,0.75
2015-13-7-16:10:16,62.5,132.9,1.539494,1.988636,TRUE,TRUE,0.75
2015-13-7-16:10:17,62.6,132.8,1.447735,1.896692,TRUE,TRUE,0.75
2015-13-7-16:10:19,62.6,132.7,1.378916,1.804748,TRUE,TRUE,0.75
2015-13-7-16:10:20,62.6,132.6,1.344506,1.666831,TRUE,TRUE,0.2
2015-13-7-16:10:22,62.6,132.5,1.333036,1.632352,TRUE,TRUE,0.2
2015-13-7-16:10:23,62.6,132.4,1.333036,1.632352,TRUE,TRUE,0.2
2015-13-7-16:10:24,62.6,132.3,1.321566,1.620859,TRUE,TRUE,0.2
2015-13-7-16:10:26,62.6,132.3,1.321566,1.609366,TRUE,TRUE,0.2
2015-13-7-16:10:27,62.7,132.2,1.321566,1.609366,TRUE,TRUE,0.4
2015-13-7-16:10:29,62.7,132.1,1.321566,1.609366,TRUE,TRUE,0.4
2015-13-7-16:10:30,62.7,132,1.321566,1.609366,TRUE,TRUE,0.4
2015-13-7-16:10:31,62.7,132,1.321566,1.609366,TRUE,TRUE,0.4
2015-13-7-16:10:33,62.7,132,1.321566,1.609366,TRUE,TRUE,0.4
2015-13-7-16:10:34,62.7,132,1.321566,1.609366,TRUE,TRUE,0.6
2015-13-7-16:10:36,62.7,132,1.310097,1.58638,TRUE,TRUE,0.6
2015-13-7-16:10:37,62.7,132,1.287157,1.517422,TRUE,TRUE,0.6
2015-13-7-16:10:38,62.7,132,1.298627,1.482943,TRUE,TRUE,0.6
2015-13-7-16:10:40,62.7,132,1.344506,1.482943,TRUE,TRUE,0.6
2015-13-7-16:10:41,62.7,132,1.390386,1.436971,TRUE,TRUE,0.6
2015-13-7-16:10:43,62.7,132,1.516554,1.390998,TRUE,TRUE,0.6
2015-13-7-16:10:44,62.7,132.1,1.849181,1.379506,TRUE,TRUE,0.6
2015-13-7-16:10:45,62.7,132.2,1.92947,1.390998,TRUE,TRUE,0.6
2015-13-7-16:10:47,62.7,132.3,1.90653,1.436971,TRUE,TRUE,0.6
2015-13-7-16:10:48,62.7,132.4,1.895061,1.540408,TRUE,TRUE,0.6
2015-13-7-16:10:50,62.7,132.6,1.860651,1.827734,TRUE,TRUE,0.6
2015-13-7-16:10:51,62.7,132.7,1.826241,2.023115,TRUE,TRUE,0.6
2015-13-7-16:10:52,62.7,132.8,1.837711,2.023115,TRUE,TRUE,0.6
2015-13-7-16:10:54,62.7,133,1.895061,2.023115,TRUE,TRUE,0.6
2015-13-7-16:10:55,62.7,133.2,1.97535,2.011622,TRUE,TRUE,0.6
2015-13-7-16:10:57,62.7,133.5,2.044169,2.000129,TRUE,TRUE,0.6
2015-13-7-16:10:58,62.7,133.5,2.067109,1.96565,TRUE,TRUE,0.6
2015-13-7-16:10:59,62.7,133.6,2.078579,1.908185,TRUE,TRUE,0.6
2015-13-7-16:11:1,62.7,133.7,2.078579,1.885199,TRUE,TRUE,0.6
2015-13-7-16:11:2,62.7,133.9,2.044169,1.85072,TRUE,TRUE,0.6
2015-13-7-16:11:4,62.7,134.2,2.055639,1.862213,TRUE,TRUE,0.6
2015-13-7-16:11:5,62.7,134.5,2.067109,1.885199,TRUE,TRUE,0.6
2015-13-7-16:11:7,62.7,134.7,2.044169,1.896692,TRUE,TRUE,0.6
2015-13-7-16:11:8,62.7,135,2.009759,1.919678,TRUE,TRUE,0.6
2015-13-7-16:11:9,62.6,135.3,1.95241,1.954157,TRUE,TRUE,0.6
2015-13-7-16:11:11,62.6,135.6,1.883591,2.011622,TRUE,TRUE,0.6
2015-13-7-16:11:12,62.6,135.7,1.860651,2.000129,TRUE,TRUE,0.6
2015-13-7-16:11:14,62.6,135.8,1.826241,1.954157,TRUE,TRUE,0.6
2015-13-7-16:11:15,62.6,135.8,1.745952,1.85072,TRUE,TRUE,0.6
2015-13-7-16:11:16,62.6,135.7,1.665663,1.862213,TRUE,TRUE,0.6
2015-13-7-16:11:18,62.6,135.7,1.642723,1.804748,TRUE,TRUE,0.6
2015-13-7-16:11:19,62.6,135.6,1.631253,1.804748,TRUE,TRUE,0.6
2015-13-7-16:11:21,62.6,135.8,1.665663,1.793254,TRUE,TRUE,0.6
2015-13-7-16:11:22,62.6,135.8,0.0942892,0.103779,TRUE,TRUE,0.6
2015-13-7-16:11:23,62.6,135.8,0.014,0.000342,TRUE,TRUE,0.6
2015-13-7-16:11:25,62.6,135.8,0.014,0.000342,TRUE,TRUE,0.6
2015-13-7-16:11:26,62.6,135.7,0.014,0.000342,TRUE,TRUE,0.6
2015-13-7-16:11:28,62.5,135.5,0.014,0.000342,TRUE,TRUE,0.6
2015-13-7-16:11:29,62.5,135.5,0.014,0.000342,TRUE,TRUE,0.6
2015-13-7-16:11:31,62.5,135.5,0.014,0.000342,TRUE,TRUE,0.6
2015-13-7-16:11:32,62.5,135.6,0.014,0.000342,TRUE,TRUE,0.6
2015-13-7-16:11:33,62.5,135.6,0.014,0.000342,TRUE,TRUE,0.6
2015-13-7-16:11:35,62.5,135.6,0.014,0.000342,TRUE,TRUE,0.6
2015-13-7-16:11:36,62.5,135.6,0.014,0.000342,TRUE,TRUE,0.6
2015-13-7-16:11:38,62.5,135.6,0.014,0.000342,TRUE,TRUE,0.6
2015-13-7-16:11:39,62.5,135.5,0.014,0.000342,TRUE,TRUE,0.6
2015-13-7-16:11:40,62.5,135.4,0.014,0.000342,TRUE,TRUE,0.6
2015-13-7-16:11:42,62.5,135.4,0.014,0.000342,TRUE,TRUE,0.6
2015-13-7-16:11:43,62.5,135.4,0.014,0.000342,TRUE,TRUE,0.6
2015-13-7-16:11:45,62.5,135.3,0.014,0.000342,TRUE,TRUE,0.6
2015-13-7-16:11:46,62.5,135.3,0.014,0.000342,TRUE,TRUE,0.6
2015-13-7-16:11:47,62.5,135.3,0.014,0.000342,TRUE,TRUE,0.6
2015-13-7-16:11:49,62.5,135.3,0.014,0.000342,TRUE,TRUE,0.6
2015-13-7-16:11:50,62.5,135.6,0.014,0.000342,TRUE,TRUE,0.6
2015-13-7-16:11:52,62.5,135.7,1.424795,0.000342,TRUE,TRUE,0.6
2015-13-7-16:11:53,62.5,136,1.654193,0.000342,TRUE,TRUE,0.6
2015-13-7-16:11:54,62.5,136,1.837711,0.000342,TRUE,TRUE,0.6
2015-13-7-16:11:56,62.5,136,1.642723,0.000342,TRUE,TRUE,0.6
2015-13-7-16:11:57,62.5,135.9,1.642723,1.563394,TRUE,TRUE,0.6
2015-13-7-16:11:59,62.5,135.9,1.642723,1.528915,TRUE,TRUE,0.6
2015-13-7-16:12:0,62.5,135.8,1.768892,1.540408,TRUE,TRUE,0.6
2015-13-7-16:12:1,62.5,135.7,1.849181,1.563394,TRUE,TRUE,0.6
2015-13-7-16:12:3,62.4,135.6,1.700073,1.597873,TRUE,TRUE,0.6
2015-13-7-16:12:4,62.4,135.6,1.516554,1.632352,TRUE,TRUE,0.6
2015-13-7-16:12:6,62.4,135.4,1.470675,1.666831,TRUE,TRUE,0.6
2015-13-7-16:12:7,62.4,135.4,1.436265,1.735789,TRUE,TRUE,0.6
2015-13-7-16:12:8,62.4,135.2,1.459205,1.827734,TRUE,TRUE,0.6
2015-13-7-16:12:10,62.4,135.1,1.516554,1.724296,TRUE,TRUE,0.6
2015-13-7-16:12:11,62.4,134.8,1.516554,1.609366,TRUE,TRUE,0.6
2015-13-7-16:12:13,62.4,134.7,1.505085,1.413985,TRUE,TRUE,0.6
2015-13-7-16:12:14,62.4,134.6,1.562434,1.333533,TRUE,TRUE,0.6
2015-13-7-16:12:15,62.5,134.5,1.642723,1.413985,TRUE,TRUE,0.6
2015-13-7-16:12:17,62.5,134.4,1.642723,1.459957,TRUE,TRUE,0.6
2015-13-7-16:12:18,62.5,134.2,1.654193,1.47145,TRUE,TRUE,0
2015-13-7-16:12:20,62.5,134.1,1.654193,1.47145,TRUE,TRUE,0
2015-13-7-16:12:21,62.5,134.1,1.654193,1.47145,TRUE,FALSE,0
2015-13-7-16:12:22,62.5,134,1.654193,1.47145,TRUE,FALSE,0
2015-13-7-16:12:24,62.5,133.7,1.654193,1.47145,TRUE,FALSE,0
2015-13-7-16:12:25,62.5,133.5,1.654193,1.47145,TRUE,FALSE,0
2015-13-7-16:12:27,62.5,133.4,1.642723,1.47145,TRUE,FALSE,0
2015-13-7-16:12:28,62.6,133.2,1.642723,1.47145,TRUE,FALSE,0.75
2015-13-7-16:12:29,62.6,133.2,1.608313,1.505929,TRUE,FALSE,0.75
2015-13-7-16:12:31,62.6,133.4,1.562434,1.563394,TRUE,FALSE,0.75
2015-13-7-16:12:32,62.6,133.4,1.539494,1.528915,TRUE,FALSE,0.75
2015-13-7-16:12:34,62.6,133.2,1.516554,1.494436,TRUE,FALSE,0.75
2015-13-7-16:12:35,62.6,133.1,1.459205,1.505929,TRUE,FALSE,0.75
2015-13-7-16:12:36,62.5,133,1.378916,1.517422,TRUE,FALSE,0.75
2015-13-7-16:12:38,62.5,132.9,1.298627,1.551901,TRUE,FALSE,0.75
2015-13-7-16:12:39,62.6,132.9,1.275687,1.620859,TRUE,FALSE,0.75
2015-13-7-16:12:41,62.6,132.8,1.355976,1.563394,TRUE,FALSE,0.75
2015-13-7-16:12:42,62.6,132.8,1.378916,1.494436,TRUE,FALSE,0.75
2015-13-7-16:12:43,62.6,132.9,1.424795,1.390998,TRUE,FALSE,0.75
2015-13-7-16:12:45,62.6,133,1.470675,1.333533,TRUE,FALSE,0.75
2015-13-7-16:12:46,62.6,133,1.493615,1.390998,TRUE,FALSE,0.75
2015-13-7-16:12:48,62.6,133,1.482145,1.402492,TRUE,FALSE,0.75
2015-13-7-16:12:49,62.7,133,1.367446,1.459957,TRUE,FALSE,0.75
2015-13-7-16:12:50,62.6,133.1,1.298627,1.505929,TRUE,FALSE,0.75
2015-13-7-16:12:52,62.6,133.2,1.355976,1.540408,TRUE,FALSE,0.75
2015-13-7-16:12:53,62.6,133.2,1.401856,1.505929,TRUE,FALSE,0.75
2015-13-7-16:12:55,62.6,133.2,1.436265,1.47145,TRUE,FALSE,0.75
2015-13-7-16:12:56,62.6,133.2,1.482145,1.494436,TRUE,FALSE,0.75
2015-13-7-16:12:57,62.6,133.3,1.562434,1.563394,TRUE,FALSE,0.75
2015-13-7-16:12:59,62.6,133.6,1.608313,1.563394,TRUE,FALSE,0.75
2015-13-7-16:13:0,62.6,133.8,1.700073,1.620859,TRUE,FALSE,0.75
2015-13-7-16:13:2,62.6,133.9,1.734482,1.632352,TRUE,FALSE,0.75
2015-13-7-16:13:3,62.6,134,1.723012,1.678324,TRUE,FALSE,0.75
2015-13-7-16:13:5,62.5,134.1,1.677133,1.724296,TRUE,FALSE,0.75
2015-13-7-16:13:6,62.5,134.2,1.688603,1.793254,TRUE,FALSE,0.75
2015-13-7-16:13:7,62.5,134.2,1.677133,1.816241,TRUE,FALSE,0.75
2015-13-7-16:13:9,62.5,134.3,1.665663,1.781762,TRUE,FALSE,0.75
2015-13-7-16:13:10,62.5,134.2,1.734482,1.724296,TRUE,FALSE,0.75
2015-13-7-16:13:12,62.6,134.4,1.757422,1.747282,TRUE,FALSE,0.75
2015-13-7-16:13:13,62.6,134.4,1.780362,1.781762,TRUE,FALSE,0.75
2015-13-7-16:13:14,62.6,134.5,1.791832,1.804748,TRUE,FALSE,0.75
2015-13-7-16:13:16,62.5,134.5,1.791832,1.839227,TRUE,FALSE,0.75
2015-13-7-16:13:17,62.6,134.4,1.745952,1.873706,TRUE,FALSE,0.75
2015-13-7-16:13:19,62.6,134.5,1.711542,1.919678,TRUE,FALSE,0.75
2015-13-7-16:13:20,62.5,134.6,1.642723,1.942664,TRUE,FALSE,0.75
2015-13-7-16:13:21,62.5,134.7,1.585374,1.977143,TRUE,FALSE,0.75
2015-13-7-16:13:23,62.5,135,1.573904,1.942664,TRUE,FALSE,0.75
2015-13-7-16:13:24,62.5,135.1,1.573904,1.873706,TRUE,FALSE,0.75
2015-13-7-16:13:26,62.5,135.3,1.711542,1.816241,TRUE,FALSE,0.75
2015-13-7-16:13:27,62.5,135.3,1.860651,1.724296,TRUE,FALSE,0.75
2015-13-7-16:13:28,62.5,135.3,1.92947,1.689817,TRUE,FALSE,0.75
2015-13-7-16:13:30,62.5,135.3,1.92947,1.689817,TRUE,FALSE,0.75
2015-13-7-16:13:31,62.5,135.2,1.92947,1.678324,TRUE,FALSE,0.75
2015-13-7-16:13:33,62.5,135,2.044169,1.70131,TRUE,FALSE,0.75
2015-13-7-16:13:34,62.5,135,2.181808,1.712803,TRUE,FALSE,0.75
2015-13-7-16:13:35,62.5,135,2.239157,1.70131,TRUE,FALSE,0.75
2015-13-7-16:13:37,62.5,135,2.262097,1.70131,TRUE,FALSE,0.75
2015-13-7-16:13:38,62.5,135,2.262097,1.689817,TRUE,FALSE,0.75
2015-13-7-16:13:40,62.5,135.3,2.239157,1.70131,TRUE,FALSE,0.75
2015-13-7-16:13:41,62.5,135.5,1.872121,1.597873,TRUE,FALSE,0.75
2015-13-7-16:13:42,62.5,135.6,1.665663,1.816241,TRUE,FALSE,0.75
2015-13-7-16:13:44,62.5,135.6,0.0484096,0.0463141,TRUE,FALSE,0.75
2015-13-7-16:13:45,62.5,135.6,0.014,0.000342,TRUE,FALSE,0.75
2015-13-7-16:13:47,62.5,135.7,0.014,0.000342,TRUE,FALSE,0.75
2015-13-7-16:13:48,62.5,135.8,0.014,0.000342,TRUE,FALSE,0.75
2015-13-7-16:13:49,62.4,135.9,0.014,0.000342,TRUE,FALSE,0.75
2015-13-7-16:13:51,62.4,136,0.014,0.000342,TRUE,FALSE,0.75
2015-13-7-16:13:52,62.4,136.2,0.014,0.000342,TRUE,FALSE,0.75
2015-13-7-16:13:54,62.4,136.3,0.793952,0.000342,TRUE,FALSE,0.75
2015-13-7-16:13:55,62.3,136.5,1.849181,0.000342,TRUE,FALSE,0.75
2015-13-7-16:13:56,62.3,136.6,1.723012,0.000342,TRUE,FALSE,0.75
2015-13-7-16:13:58,62.3,136.7,1.677133,0.000342,TRUE,FALSE,0.75
2015-13-7-16:13:59,62.3,136.8,1.700073,1.390998,TRUE,FALSE,0.75
2015-13-7-16:14:1,62.3,137,1.665663,1.689817,TRUE,FALSE,0.75
2015-13-7-16:14:2,62.3,136.9,1.711542,1.643845,TRUE,FALSE,0.75
2015-13-7-16:14:3,62.3,136.8,1.791832,1.620859,TRUE,FALSE,0.75
2015-13-7-16:14:5,62.3,136.8,1.768892,1.609366,TRUE,FALSE,0.75
2015-13-7-16:14:6,62.3,136.9,1.723012,1.551901,TRUE,FALSE,0.75
2015-13-7-16:14:8,62.3,136.9,1.631253,1.574887,TRUE,FALSE,0.75
2015-13-7-16:14:9,62.2,136.9,1.631253,1.666831,TRUE,FALSE,0.75
2015-13-7-16:14:10,62.2,137,1.585374,1.689817,TRUE,FALSE,0.75
2015-13-7-16:14:12,62.2,137,1.608313,1.735789,TRUE,FALSE,0.75
2015-13-7-16:14:13,62.2,137.1,1.688603,1.735789,TRUE,FALSE,0.75
2015-13-7-16:14:15,62.2,137.1,1.711542,1.758775,TRUE,FALSE,0.75
2015-13-7-16:14:16,62.2,137.1,1.734482,1.747282,TRUE,FALSE,0.75
2015-13-7-16:14:17,62.2,137.1,1.734482,1.770268,TRUE,FALSE,0.75
2015-13-7-16:14:19,62.2,137.1,1.711542,1.839227,TRUE,FALSE,0.75
2015-13-7-16:14:20,62.2,136.9,1.711542,1.85072,TRUE,FALSE,0.75
2015-13-7-16:14:22,62.2,136.9,1.677133,1.827734,TRUE,FALSE,0.75
2015-13-7-16:14:23,62.2,136.7,1.665663,1.804748,TRUE,FALSE,0.75
2015-13-7-16:14:24,62.3,136.4,1.768892,1.735789,TRUE,FALSE,0.75
2015-13-7-16:14:26,62.3,136,1.791832,1.712803,TRUE,FALSE,0.75
2015-13-7-16:14:27,62.3,135.8,1.860651,1.724296,TRUE,FALSE,1.5
2015-13-7-16:14:29,62.3,135.4,1.90653,1.770268,TRUE,FALSE,1.5
2015-13-7-16:14:30,62.3,135.1,2.032699,1.747282,TRUE,FALSE,1.5
2015-13-7-16:14:31,62.4,134.7,2.044169,1.793254,TRUE,FALSE,1.5
2015-13-7-16:14:33,62.4,134.6,2.032699,1.862213,TRUE,FALSE,1.5
2015-13-7-16:14:34,62.4,134.2,2.055639,1.896692,TRUE,FALSE,1.5
2015-13-7-16:14:36,62.4,134,2.147398,1.885199,TRUE,FALSE,1.5
2015-13-7-16:14:37,62.4,133.7,2.216217,1.908185,TRUE,FALSE,1.5
2015-13-7-16:14:38,62.4,133.7,2.193277,1.96565,TRUE,FALSE,1.5
2015-13-7-16:14:40,62.4,133.6,2.158868,1.988636,TRUE,FALSE,1.5
2015-13-7-16:14:41,62.4,133.5,2.147398,2.034608,TRUE,FALSE,1.5
2015-13-7-16:14:43,62.4,133.4,2.112988,2.069087,TRUE,FALSE,1.5
2015-13-7-16:14:44,62.3,133.2,2.112988,2.115059,TRUE,FALSE,1.5
2015-13-7-16:14:46,62.3,133.1,2.078579,2.138045,TRUE,FALSE,1.5
2015-13-7-16:14:47,62.3,133,2.067109,2.149539,TRUE,FALSE,1.5
2015-13-7-16:14:48,62.3,133.1,1.998289,2.103566,TRUE,FALSE,1.5
2015-13-7-16:14:50,62.3,133.1,1.97535,2.057594,TRUE,FALSE,1.5
2015-13-7-16:14:51,62.3,133.2,1.95241,2.092073,TRUE,FALSE,1.5
2015-13-7-16:14:53,62.2,133.4,2.009759,0.793361,TRUE,FALSE,1.5
2015-13-7-16:14:54,62.2,133.5,2.032699,0.011835,TRUE,FALSE,1.5
2015-13-7-16:14:55,62.2,133.7,2.021229,2.08058,TRUE,FALSE,1.5
2015-13-7-16:14:57,62.2,133.7,2.021229,2.172524,TRUE,FALSE,1.5
2015-13-7-16:14:58,62.2,133.9,2.112988,2.046101,TRUE,FALSE,1.5
2015-13-7-16:15:0,62.2,134,0.438386,0.172737,TRUE,FALSE,1.5
2015-13-7-16:15:1,62.2,134.1,0.014,0.000342,TRUE,FALSE,1.5
2015-13-7-16:15:2,62.2,134.2,0.014,0.000342,TRUE,FALSE,1.5
2015-13-7-16:15:4,62.2,134.4,0.014,0.000342,TRUE,FALSE,1.5
2015-13-7-16:15:5,62.2,134.6,0.014,0.000342,TRUE,FALSE,1.5
2015-13-7-16:15:7,62.2,134.7,0.014,0.000342,TRUE,FALSE,1.5
2015-13-7-16:15:8,62.2,134.7,0.014,0.000342,TRUE,FALSE,1.5
2015-13-7-16:15:9,62.2,134.8,0.014,0.000342,TRUE,FALSE,1.5
2015-13-7-16:15:11,62.2,134.8,0.014,0.000342,TRUE,FALSE,1.5
2015-13-7-16:15:12,62.2,135,0.014,0.000342,TRUE,FALSE,1.5
2015-13-7-16:15:14,62.2,135,0.014,0.000342,TRUE,FALSE,1.5
2015-13-7-16:15:15,62.2,135.1,0.014,0.000342,TRUE,FALSE,1.5
2015-13-7-16:15:16,62.2,135.2,0.014,0.000342,TRUE,FALSE,1.5
2015-13-7-16:15:18,62.2,135.3,0.014,0.000342,TRUE,FALSE,1.5
2015-13-7-16:15:19,62.2,135.3,0.014,0.000342,TRUE,FALSE,1.5
2015-13-7-16:15:21,62.2,135.2,0.014,0.000342,TRUE,FALSE,1.5
2015-13-7-16:15:22,62.2,135.2,0.014,0.000342,TRUE,FALSE,1.5
2015-13-7-16:15:23,62.2,135.1,0.014,0.000342,TRUE,FALSE,1.5
2015-13-7-16:15:25,62.2,135.1,0.014,0.000342,TRUE,FALSE,1.5
2015-13-7-16:15:26,62.2,135,0.014,0.000342,TRUE,FALSE,1.5
2015-13-7-16:15:28,62.2,135,0.014,0.000342,TRUE,FALSE,1.5
2015-13-7-16:15:29,62.2,134.9,0.014,0.000342,TRUE,FALSE,1.5
2015-13-7-16:15:30,62.3,134.7,0.014,0.000342,TRUE,FALSE,1.5
2015-13-7-16:15:32,62.3,134.6,0.014,0.000342,TRUE,FALSE,1.5
2015-13-7-16:15:33,62.3,134.6,0.014,0.000342,TRUE,FALSE,1.5
2015-13-7-16:15:35,62.3,134.5,0.014,0.000342,TRUE,FALSE,1.5
2015-13-7-16:15:36,62.3,134.5,0.014,0.000342,TRUE,FALSE,1.5
2015-13-7-16:15:37,62.3,134.5,0.014,0.000342,TRUE,FALSE,1.5
2015-13-7-16:15:39,62.3,134.4,0.014,0.000342,TRUE,FALSE,1.5
2015-13-7-16:15:40,62.3,134.4,0.014,0.000342,TRUE,FALSE,1.5
2015-13-7-16:15:42,62.3,134.3,0.014,0.000342,TRUE,FALSE,1.5
2015-13-7-16:15:43,62.3,134.2,0.014,0.000342,TRUE,FALSE,1.5
2015-13-7-16:15:44,62.3,134.2,0.014,0.000342,TRUE,FALSE,1.5
2015-13-7-16:15:46,62.2,134,0.014,0.000342,TRUE,FALSE,1.5
2015-13-7-16:15:47,62.2,134,0.014,0.000342,TRUE,FALSE,1.5
2015-13-7-16:15:49,62.2,134,0.014,0.000342,TRUE,FALSE,1.5
2015-13-7-16:15:50,62.2,134,0.014,0.000342,TRUE,FALSE,1.5
2015-13-7-16:15:51,62.2,134.2,0.014,0.000342,TRUE,FALSE,1.5
2015-13-7-16:15:53,62.2,134.4,0.014,0.000342,TRUE,FALSE,1.5
2015-13-7-16:15:54,62.2,134.5,1.768892,0.000342,TRUE,FALSE,1.5
2015-13-7-16:15:56,62.2,134.5,1.97535,0.000342,TRUE,FALSE,1.5
2015-13-7-16:15:57,62.2,134.6,1.998289,0.000342,TRUE,FALSE,1.5
2015-13-7-16:15:58,62.2,134.5,2.055639,0.000342,TRUE,FALSE,1.5
2015-13-7-16:16:0,62.2,134.5,2.009759,1.96565,TRUE,FALSE,1.5
2015-13-7-16:16:1,62.2,134.3,1.837711,2.057594,TRUE,FALSE,1.5
2015-13-7-16:16:3,62.2,134.1,1.619783,2.069087,TRUE,FALSE,1.5
2015-13-7-16:16:4,62.2,134,1.436265,2.046101,TRUE,FALSE,1.5
2015-13-7-16:16:5,62.2,134,1.436265,1.96565,TRUE,FALSE,1.5
2015-13-7-16:16:7,62.2,134,1.688603,1.793254,TRUE,FALSE,1.5
2015-13-7-16:16:8,62.2,134,1.562434,1.620859,TRUE,FALSE,1.5
2015-13-7-16:16:10,62.2,134.1,1.447735,1.505929,TRUE,FALSE,1.5
2015-13-7-16:16:11,62.2,134.2,1.378916,1.655338,TRUE,FALSE,1.5
2015-13-7-16:16:12,62.2,134.2,1.333036,1.609366,TRUE,FALSE,1.5
2015-13-7-16:16:14,62.2,134.2,1.298627,1.505929,TRUE,FALSE,1.5
2015-13-7-16:16:15,62.2,134.1,1.447735,1.402492,TRUE,FALSE,1.5
2015-13-7-16:16:17,62.2,134.1,1.482145,1.390998,TRUE,FALSE,1.5
2015-13-7-16:16:18,62.2,134.2,1.505085,1.379506,TRUE,FALSE,1.5
2015-13-7-16:16:19,62.2,134.5,1.505085,1.459957,TRUE,FALSE,1.5
2015-13-7-16:16:21,62.2,134.6,1.505085,1.58638,TRUE,FALSE,1.5
2015-13-7-16:16:22,62.2,134.5,1.516554,1.609366,TRUE,FALSE,1.5
2015-13-7-16:16:24,62.3,134.5,1.493615,1.597873,TRUE,FALSE,1.5
2015-13-7-16:16:25,62.3,134.3,1.539494,1.58638,TRUE,FALSE,1.5
2015-13-7-16:16:27,62.3,134.2,1.447735,1.574887,TRUE,FALSE,1.5
2015-13-7-16:16:28,62.3,134.2,1.470675,1.563394,TRUE,FALSE,1.5
2015-13-7-16:16:29,62.3,134.1,1.482145,1.655338,TRUE,FALSE,1.5
2015-13-7-16:16:31,62.3,134.1,1.436265,1.563394,TRUE,FALSE,1.5
2015-13-7-16:16:32,62.3,134.2,1.436265,1.574887,TRUE,FALSE,1.5
2015-13-7-16:16:34,62.3,134.2,1.470675,1.58638,TRUE,FALSE,1.5
2015-13-7-16:16:35,62.4,134.3,1.459205,1.58638,TRUE,FALSE,1.5
2015-13-7-16:16:36,62.4,134.5,1.413326,1.563394,TRUE,FALSE,1
2015-13-7-16:16:38,62.4,134.6,1.401856,1.574887,TRUE,FALSE,1
2015-13-7-16:16:39,62.3,134.7,1.447735,1.620859,TRUE,FALSE,1
2015-13-7-16:16:41,62.4,134.7,1.482145,1.597873,TRUE,FALSE,1
2015-13-7-16:16:42,62.4,134.6,1.505085,1.540408,TRUE,FALSE,1
2015-13-7-16:16:43,62.4,134.4,1.528024,1.563394,TRUE,FALSE,1
2015-13-7-16:16:45,62.5,134.2,1.505085,1.58638,TRUE,FALSE,1
2015-13-7-16:16:46,62.5,134.2,1.505085,1.609366,TRUE,FALSE,1
2015-13-7-16:16:48,62.5,134.2,1.516554,1.632352,TRUE,FALSE,1
2015-13-7-16:16:49,62.5,134.1,1.505085,1.632352,TRUE,FALSE,1
2015-13-7-16:16:50,62.5,134,1.539494,1.620859,TRUE,FALSE,1
2015-13-7-16:16:52,62.5,134,1.505085,1.620859,TRUE,FALSE,1
2015-13-7-16:16:53,62.5,134,1.436265,1.643845,TRUE,FALSE,1
2015-13-7-16:16:55,62.5,134,1.539494,1.655338,TRUE,FALSE,1
2015-13-7-16:16:56,62.5,134,1.459205,1.666831,TRUE,FALSE,1
2015-13-7-16:16:57,62.5,134,1.493615,1.597873,TRUE,FALSE,1
2015-13-7-16:16:59,62.5,134,1.516554,1.551901,TRUE,FALSE,1
2015-13-7-16:17:0,62.5,134,1.528024,1.678324,TRUE,FALSE,1
2015-13-7-16:17:2,62.5,134,1.539494,1.574887,TRUE,FALSE,1
2015-13-7-16:17:3,62.6,134,1.550964,1.620859,TRUE,FALSE,1
2015-13-7-16:17:4,62.6,134,1.573904,1.632352,TRUE,FALSE,1
2015-13-7-16:17:6,62.6,134,1.585374,1.643845,TRUE,FALSE,1
2015-13-7-16:17:7,62.6,134,1.608313,1.632352,TRUE,FALSE,1
2015-13-7-16:17:9,62.7,134,1.677133,1.632352,TRUE,FALSE,1
2015-13-7-16:17:10,62.7,134,1.688603,1.632352,TRUE,FALSE,1
2015-13-7-16:17:11,62.7,134.1,1.734482,1.666831,TRUE,FALSE,1
2015-13-7-16:17:13,62.7,134.1,1.757422,1.689817,TRUE,FALSE,1
2015-13-7-16:17:14,62.7,134.2,1.768892,1.724296,TRUE,FALSE,1
2015-13-7-16:17:16,62.7,134.3,1.768892,1.747282,TRUE,FALSE,1
2015-13-7-16:17:17,62.7,134.4,1.734482,1.781762,TRUE,FALSE,1
2015-13-7-16:17:18,62.7,134.5,1.745952,1.804748,TRUE,FALSE,1
2015-13-7-16:17:20,62.7,134.7,1.711542,1.827734,TRUE,FALSE,1
2015-13-7-16:17:21,62.7,134.7,1.723012,1.804748,TRUE,FALSE,1
2015-13-7-16:17:23,62.7,134.7,1.711542,1.781762,TRUE,FALSE,1
2015-13-7-16:17:24,62.7,134.9,1.711542,1.770268,TRUE,FALSE,1
2015-13-7-16:17:25,62.7,134.9,1.711542,1.758775,TRUE,FALSE,1
2015-13-7-16:17:27,62.7,135,1.665663,1.770268,TRUE,FALSE,1
2015-13-7-16:17:28,62.8,135,1.619783,1.758775,TRUE,FALSE,1
2015-13-7-16:17:30,62.8,135.1,1.573904,1.758775,TRUE,FALSE,1
2015-13-7-16:17:31,62.7,135.1,1.619783,1.770268,TRUE,FALSE,1
2015-13-7-16:17:32,62.8,135.2,1.642723,1.747282,TRUE,FALSE,1
2015-13-7-16:17:34,62.8,135.3,1.688603,1.712803,TRUE,FALSE,1
2015-13-7-16:17:35,62.8,135.5,1.723012,1.689817,TRUE,FALSE,1
2015-13-7-16:17:37,62.8,135.6,1.745952,1.724296,TRUE,FALSE,1
2015-13-7-16:17:38,62.7,135.6,1.745952,1.747282,TRUE,FALSE,1
2015-13-7-16:17:39,62.8,135.8,1.745952,1.758775,TRUE,FALSE,1
2015-13-7-16:17:41,62.8,136,1.745952,1.747282,TRUE,FALSE,1
2015-13-7-16:17:42,62.8,136.4,1.700073,1.747282,TRUE,FALSE,1
2015-13-7-16:17:44,62.8,136.5,1.757422,1.70131,TRUE,FALSE,1
2015-13-7-16:17:45,62.7,137,1.745952,1.747282,TRUE,FALSE,1
2015-13-7-16:17:46,62.7,137.5,1.745952,1.712803,TRUE,FALSE,1
2015-13-7-16:17:48,62.7,137.9,1.734482,1.643845,TRUE,FALSE,1
2015-13-7-16:17:49,62.7,138.1,1.745952,1.678324,TRUE,FALSE,1
2015-13-7-16:17:51,62.7,138.4,1.768892,1.620859,TRUE,FALSE,1
2015-13-7-16:17:52,62.7,138.6,1.780362,1.620859,TRUE,FALSE,1
2015-13-7-16:17:53,62.7,138.9,1.734482,1.712803,TRUE,FALSE,1
2015-13-7-16:17:55,62.6,139,1.745952,1.70131,TRUE,FALSE,1
2015-13-7-16:17:56,62.6,139.1,1.757422,1.735789,TRUE,FALSE,1
2015-13-7-16:17:58,62.6,139.2,1.700073,1.712803,TRUE,FALSE,1
2015-13-7-16:17:59,62.6,139.3,1.654193,1.655338,TRUE,FALSE,1
2015-13-7-16:18:1,62.6,139.3,1.654193,1.712803,TRUE,FALSE,1
2015-13-7-16:18:2,62.5,139.1,1.677133,1.712803,TRUE,FALSE,1
2015-13-7-16:18:3,62.5,139,1.723012,1.643845,TRUE,FALSE,1
2015-13-7-16:18:5,62.5,138.8,1.723012,1.632352,TRUE,FALSE,1
2015-13-7-16:18:6,62.5,138.6,1.723012,1.643845,TRUE,FALSE,1
2015-13-7-16:18:8,62.6,138.4,1.700073,1.678324,TRUE,FALSE,1
2015-13-7-16:18:9,62.6,138.2,1.700073,1.666831,TRUE,FALSE,1
2015-13-7-16:18:10,62.6,138,1.723012,1.609366,TRUE,FALSE,1
2015-13-7-16:18:12,62.6,138,1.745952,1.609366,TRUE,FALSE,1
2015-13-7-16:18:13,62.6,138,1.700073,1.58638,TRUE,FALSE,1
2015-13-7-16:18:15,62.7,138.1,1.745952,1.540408,TRUE,FALSE,1
2015-13-7-16:18:16,62.7,138.2,1.745952,1.540408,TRUE,FALSE,1
2015-13-7-16:18:17,62.7,138.2,1.757422,1.517422,TRUE,FALSE,1
2015-13-7-16:18:19,62.7,138.1,1.791832,1.563394,TRUE,FALSE,1
2015-13-7-16:18:20,62.7,138,1.791832,1.678324,TRUE,FALSE,1
2015-13-7-16:18:22,62.7,137.9,1.803301,1.666831,TRUE,FALSE,1
2015-13-7-16:18:23,62.7,137.7,1.780362,1.689817,TRUE,FALSE,1
2015-13-7-16:18:24,62.7,137.5,1.814771,1.70131,TRUE,FALSE,1
2015-13-7-16:18:26,62.7,137.2,1.711542,1.655338,TRUE,FALSE,1
2015-13-7-16:18:27,62.7,136.8,1.654193,1.70131,TRUE,FALSE,1
2015-13-7-16:18:29,62.7,136.5,1.677133,1.758775,TRUE,FALSE,1
2015-13-7-16:18:30,62.7,136.2,1.665663,1.678324,TRUE,FALSE,1
2015-13-7-16:18:31,62.8,136,1.654193,1.563394,TRUE,FALSE,0.75
2015-13-7-16:18:33,62.8,135.7,1.665663,1.609366,TRUE,FALSE,0.75
2015-13-7-16:18:34,62.8,135.5,1.688603,1.620859,TRUE,FALSE,0.75
2015-13-7-16:18:36,62.8,135.4,1.688603,1.58638,TRUE,FALSE,0.75
2015-13-7-16:18:37,62.9,135.2,1.665663,1.58638,TRUE,FALSE,0.75
2015-13-7-16:18:38,62.9,135,1.677133,1.574887,TRUE,FALSE,0.75
2015-13-7-16:18:40,62.9,134.8,1.654193,1.58638,TRUE,FALSE,0.75
2015-13-7-16:18:41,63,134.7,1.619783,1.58638,TRUE,FALSE,0.75
2015-13-7-16:18:43,63,134.5,1.631253,1.620859,TRUE,FALSE,0.75
2015-13-7-16:18:44,63,134.4,1.619783,1.643845,TRUE,FALSE,0.75
2015-13-7-16:18:45,63,134.3,1.631253,1.620859,TRUE,FALSE,0.75
2015-13-7-16:18:47,63,134.2,1.631253,1.643845,TRUE,FALSE,0.75
2015-13-7-16:18:48,63,134.2,1.596844,1.655338,TRUE,FALSE,0.75
2015-13-7-16:18:50,63.1,134.1,1.608313,1.655338,TRUE,FALSE,0.75
2015-13-7-16:18:51,63.1,134,1.619783,1.632352,TRUE,FALSE,0.75
2015-13-7-16:18:52,63.1,134,1.619783,1.632352,TRUE,FALSE,0.75
2015-13-7-16:18:54,63.1,134,1.585374,1.597873,TRUE,FALSE,0.75
2015-13-7-16:18:55,63.1,134,1.585374,1.620859,TRUE,FALSE,0.75
2015-13-7-16:18:57,63.1,134.1,1.608313,1.632352,TRUE,FALSE,0.75
2015-13-7-16:18:58,63,134.1,1.585374,1.666831,TRUE,FALSE,0.75
2015-13-7-16:18:59,63,134.2,1.654193,1.574887,TRUE,FALSE,0.75
2015-13-7-16:19:1,63,134.2,1.711542,1.574887,TRUE,FALSE,0.75
2015-13-7-16:19:2,63,134.2,1.700073,1.58638,TRUE,FALSE,0.75
2015-13-7-16:19:4,63,134.3,1.723012,1.574887,TRUE,FALSE,0.75
2015-13-7-16:19:5,63,134.4,1.780362,1.632352,TRUE,FALSE,0.75
2015-13-7-16:19:6,63,134.4,1.791832,1.712803,TRUE,FALSE,0.75
2015-13-7-16:19:8,63,134.4,1.814771,1.747282,TRUE,FALSE,0.75
2015-13-7-16:19:9,63,134.3,1.837711,1.758775,TRUE,FALSE,0.75
2015-13-7-16:19:11,63,134.3,1.814771,1.839227,TRUE,FALSE,0.75
2015-13-7-16:19:12,63,134.3,1.757422,1.827734,TRUE,FALSE,0.75
2015-13-7-16:19:13,63,134.2,1.780362,1.85072,TRUE,FALSE,0.75
2015-13-7-16:19:15,63,134.2,1.734482,1.839227,TRUE,FALSE,0.75
2015-13-7-16:19:16,63,134.2,1.700073,1.804748,TRUE,FALSE,0.75
2015-13-7-16:19:18,63,134.2,1.665663,1.770268,TRUE,FALSE,0.75
2015-13-7-16:19:19,63,134.1,1.631253,1.816241,TRUE,FALSE,0.75
2015-13-7-16:19:20,63.1,134.2,1.642723,1.747282,TRUE,FALSE,1
2015-13-7-16:19:22,63.1,134.2,1.642723,1.655338,TRUE,FALSE,1
2015-13-7-16:19:23,63.1,134.2,1.688603,1.620859,TRUE,FALSE,1
2015-13-7-16:19:25,63.1,134.3,1.642723,1.574887,TRUE,FALSE,1
2015-13-7-16:19:26,63.1,134.4,1.608313,1.58638,TRUE,FALSE,1
2015-13-7-16:19:27,63.1,134.4,1.619783,1.655338,TRUE,FALSE,1
2015-13-7-16:19:29,63,134.4,1.631253,1.689817,TRUE,FALSE,1
2015-13-7-16:19:30,63.1,134.5,1.562434,1.597873,TRUE,FALSE,1
2015-13-7-16:19:32,63,134.6,1.528024,1.528915,TRUE,FALSE,1
2015-13-7-16:19:33,63.1,134.5,1.493615,1.494436,TRUE,FALSE,1
2015-13-7-16:19:34,63.1,134.6,1.482145,1.494436,TRUE,FALSE,1
2015-13-7-16:19:36,63.1,134.6,1.459205,1.459957,TRUE,FALSE,1
2015-13-7-16:19:37,63.1,134.7,1.470675,1.528915,TRUE,FALSE,1
2015-13-7-16:19:39,63.1,134.7,1.447735,1.517422,TRUE,FALSE,1
2015-13-7-16:19:40,63.1,134.7,1.436265,1.47145,TRUE,FALSE,1
2015-13-7-16:19:42,63.1,134.7,1.539494,1.505929,TRUE,FALSE,0.9
2015-13-7-16:19:43,63.1,134.8,1.688603,1.482943,TRUE,FALSE,0.9
2015-13-7-16:19:44,63.1,134.7,1.803301,1.390998,TRUE,FALSE,0.9
2015-13-7-16:19:46,63.1,134.8,1.837711,1.356519,TRUE,FALSE,0.9
2015-13-7-16:19:47,63.1,134.8,1.803301,1.425478,TRUE,FALSE,0.9
2015-13-7-16:19:49,63.1,134.8,1.791832,1.574887,TRUE,FALSE,0.9
2015-13-7-16:19:50,63.2,134.9,1.860651,1.70131,TRUE,FALSE,0.9
2015-13-7-16:19:51,63.1,135,1.860651,1.712803,TRUE,FALSE,0.9
2015-13-7-16:19:53,63.1,135,1.872121,1.643845,TRUE,FALSE,0.9
2015-13-7-16:19:54,63.2,135.1,1.94094,1.724296,TRUE,FALSE,0.9
2015-13-7-16:19:56,63.2,135.2,1.998289,1.816241,TRUE,FALSE,0.9
2015-13-7-16:19:57,63.2,135.2,2.009759,1.758775,TRUE,FALSE,0.9
2015-13-7-16:19:58,63.1,135.3,1.98682,1.804748,TRUE,FALSE,0.9
2015-13-7-16:20:0,63.1,135.4,2.009759,1.862213,TRUE,FALSE,0.9
2015-13-7-16:20:1,63.1,135.4,1.998289,1.931171,TRUE,FALSE,0.9
2015-13-7-16:20:3,63.1,135.4,2.009759,1.977143,TRUE,FALSE,0.9
2015-13-7-16:20:4,63.1,135.5,2.009759,2.000129,TRUE,FALSE,0.9
2015-13-7-16:20:5,63.1,135.6,2.021229,2.034608,TRUE,FALSE,0.9
2015-13-7-16:20:7,63.1,135.7,2.067109,2.034608,TRUE,FALSE,0.9
2015-13-7-16:20:8,63.1,135.8,2.032699,2.069087,TRUE,FALSE,0.9
2015-13-7-16:20:10,63.2,135.9,1.97535,2.069087,TRUE,FALSE,0.9
2015-13-7-16:20:11,63.2,136,1.96388,2.092073,TRUE,FALSE,0.9
2015-13-7-16:20:12,63.2,136.1,1.998289,2.08058,TRUE,FALSE,0.75
2015-13-7-16:20:14,63.2,136.1,1.92947,2.057594,TRUE,FALSE,0.75
2015-13-7-16:20:15,63.2,136.1,1.90653,2.023115,TRUE,FALSE,0.75
2015-13-7-16:20:17,63.2,136.1,1.860651,1.988636,TRUE,FALSE,0.75
2015-13-7-16:20:18,63.2,136.1,1.883591,1.96565,TRUE,FALSE,0.75
2015-13-7-16:20:19,63.2,136.1,1.96388,1.885199,TRUE,FALSE,0.75
2015-13-7-16:20:21,63.2,136.1,1.95241,1.839227,TRUE,FALSE,0.75
2015-13-7-16:20:22,63.2,136,1.94094,1.804748,TRUE,FALSE,1.5
2015-13-7-16:20:24,63.3,136,1.90653,1.839227,TRUE,FALSE,1.5
2015-13-7-16:20:25,63.3,135.9,1.90653,1.839227,TRUE,FALSE,1.5
2015-13-7-16:20:26,63.3,135.8,1.96388,1.827734,TRUE,FALSE,1.5
2015-13-7-16:20:28,63.3,135.7,1.98682,1.804748,TRUE,FALSE,1.5
2015-13-7-16:20:29,63.2,135.7,1.97535,1.827734,TRUE,FALSE,1.5
2015-13-7-16:20:31,63.3,135.7,1.998289,1.862213,TRUE,FALSE,1.5
2015-13-7-16:20:32,63.3,135.6,2.044169,1.873706,TRUE,FALSE,1.5
2015-13-7-16:20:33,63.3,135.6,2.009759,1.862213,TRUE,FALSE,1.5
2015-13-7-16:20:35,63.3,135.6,1.96388,1.977143,TRUE,FALSE,1.5
2015-13-7-16:20:36,63.3,135.6,1.95241,1.908185,TRUE,FALSE,1.5
2015-13-7-16:20:38,63.3,135.6,1.90653,1.931171,TRUE,FALSE,1.5
2015-13-7-16:20:39,63.2,135.5,1.895061,1.931171,TRUE,FALSE,1.5
2015-13-7-16:20:40,63.3,135.5,1.883591,1.896692,TRUE,FALSE,1.5
2015-13-7-16:20:42,63.2,135.4,1.90653,1.908185,TRUE,FALSE,1.5
2015-13-7-16:20:43,63.2,135.3,1.872121,1.942664,TRUE,FALSE,1.5
2015-13-7-16:20:45,63.3,135.2,1.883591,1.908185,TRUE,FALSE,1.3
2015-13-7-16:20:46,63.3,135.1,1.837711,1.908185,TRUE,FALSE,1.3
2015-13-7-16:20:47,63.3,135,1.837711,1.931171,TRUE,FALSE,1.3
2015-13-7-16:20:49,63.3,134.9,1.826241,1.942664,TRUE,FALSE,1.3
2015-13-7-16:20:50,63.3,134.8,1.826241,1.919678,TRUE,FALSE,1.3
2015-13-7-16:20:52,63.3,134.7,1.826241,1.919678,TRUE,FALSE,1.3
2015-13-7-16:20:53,63.3,134.6,1.826241,1.942664,TRUE,FALSE,1.3
2015-13-7-16:20:54,63.4,134.5,1.826241,1.931171,TRUE,FALSE,1.3
2015-13-7-16:20:56,63.4,134.4,1.826241,1.919678,TRUE,FALSE,1.3
2015-13-7-16:20:57,63.4,134.3,1.849181,1.862213,TRUE,FALSE,1.3
2015-13-7-16:20:59,63.4,134.2,1.849181,1.85072,TRUE,FALSE,1.3
2015-13-7-16:21:0,63.4,134.2,1.860651,1.781762,TRUE,FALSE,1.3
2015-13-7-16:21:2,63.4,134.1,1.94094,1.827734,TRUE,FALSE,1.3
2015-13-7-16:21:3,63.4,134,1.860651,1.896692,TRUE,FALSE,1.3
2015-13-7-16:21:4,63.4,134,1.918,1.896692,TRUE,FALSE,1.3
2015-13-7-16:21:6,63.4,134,1.849181,1.908185,TRUE,FALSE,1.3
2015-13-7-16:21:7,63.4,134,1.90653,2.000129,TRUE,FALSE,1.1
2015-13-7-16:21:9,63.4,133.9,1.849181,1.931171,TRUE,FALSE,1.1
2015-13-7-16:21:10,63.3,133.9,1.860651,1.942664,TRUE,FALSE,1.1
2015-13-7-16:21:11,63.3,133.9,1.872121,1.931171,TRUE,FALSE,1.1
2015-13-7-16:21:13,63.3,133.9,1.849181,1.96565,TRUE,FALSE,1.1
2015-13-7-16:21:14,63.3,134,1.849181,1.954157,TRUE,FALSE,1.1
2015-13-7-16:21:16,63.3,134,1.860651,1.96565,TRUE,FALSE,1.1
2015-13-7-16:21:17,63.3,134.1,1.814771,1.988636,TRUE,FALSE,1.1
2015-13-7-16:21:18,63.3,134,1.837711,1.977143,TRUE,FALSE,1.1
2015-13-7-16:21:20,63.4,134,1.814771,1.942664,TRUE,FALSE,1.1
2015-13-7-16:21:21,63.3,134,1.780362,1.931171,TRUE,FALSE,1.1
2015-13-7-16:21:23,63.3,134.1,1.780362,1.85072,TRUE,FALSE,1.1
2015-13-7-16:21:24,63.3,134.3,1.757422,1.873706,TRUE,FALSE,1.1
2015-13-7-16:21:25,63.3,134.5,1.723012,1.85072,TRUE,FALSE,1.1
2015-13-7-16:21:27,63.3,134.5,1.734482,1.770268,TRUE,FALSE,1.1
2015-13-7-16:21:28,63.3,134.5,1.745952,1.770268,TRUE,FALSE,1.1
2015-13-7-16:21:30,63.3,134.5,1.814771,1.712803,TRUE,FALSE,1.1
2015-13-7-16:21:31,63.3,134.5,1.837711,1.689817,TRUE,FALSE,1.1
2015-13-7-16:21:32,63.3,134.5,1.837711,1.689817,TRUE,FALSE,1.1
2015-13-7-16:21:34,63.3,134.5,1.849181,1.712803,TRUE,FALSE,1.1
2015-13-7-16:21:35,63.4,134.5,1.837711,1.712803,TRUE,FALSE,1.1
2015-13-7-16:21:37,63.4,134.6,1.814771,1.724296,TRUE,FALSE,1.1
2015-13-7-16:21:38,63.4,134.7,1.826241,1.724296,TRUE,FALSE,1.1
2015-13-7-16:21:39,63.3,134.7,1.837711,1.689817,TRUE,FALSE,1.1
2015-13-7-16:21:41,63.3,134.7,1.883591,1.689817,TRUE,FALSE,1.1
2015-13-7-16:21:42,63.3,134.7,1.97535,1.689817,TRUE,FALSE,1.1
2015-13-7-16:21:44,63.3,134.7,2.032699,1.678324,TRUE,FALSE,1.1
2015-13-7-16:21:45,63.3,134.7,1.98682,1.747282,TRUE,FALSE,1.1
2015-13-7-16:21:46,63.4,134.8,1.98682,1.816241,TRUE,FALSE,1.1
2015-13-7-16:21:48,63.4,134.8,2.032699,1.804748,TRUE,FALSE,1.1
2015-13-7-16:21:49,63.3,135,2.067109,1.85072,TRUE,FALSE,1.1
2015-13-7-16:21:51,63.3,135,1.96388,1.862213,TRUE,FALSE,1.1
2015-13-7-16:21:52,63.3,135,1.883591,1.827734,TRUE,FALSE,1.1
2015-13-7-16:21:53,63.3,135,1.95241,1.827734,TRUE,FALSE,1.1
2015-13-7-16:21:55,63.3,134.9,1.97535,1.839227,TRUE,FALSE,1.1
2015-13-7-16:21:56,63.3,134.9,1.96388,1.770268,TRUE,FALSE,1.1
2015-13-7-16:21:58,63.2,135,2.067109,1.885199,TRUE,FALSE,1.1
2015-13-7-16:21:59,63.2,135,2.239157,1.908185,TRUE,FALSE,1.1
2015-13-7-16:22:0,63.2,135,1.92947,1.793254,TRUE,FALSE,1.1
2015-13-7-16:22:2,63.3,135.1,1.849181,1.919678,TRUE,FALSE,1.1
2015-13-7-16:22:3,63.3,135.1,1.860651,2.161031,TRUE,FALSE,1.1
2015-13-7-16:22:5,63.3,135.2,1.883591,2.275962,TRUE,FALSE,1.1
2015-13-7-16:22:6,63.3,135.3,1.883591,2.069087,TRUE,FALSE,1.1
2015-13-7-16:22:7,63.4,135.4,1.94094,2.023115,TRUE,FALSE,1.1
2015-13-7-16:22:9,63.3,135.4,1.97535,2.000129,TRUE,FALSE,1.1
2015-13-7-16:22:10,63.3,135.4,2.009759,2.000129,TRUE,FALSE,1.1
2015-13-7-16:22:12,63.3,135.4,1.998289,1.96565,TRUE,FALSE,1.1
2015-13-7-16:22:13,63.3,135.4,1.97535,2.057594,TRUE,FALSE,1.1
2015-13-7-16:22:14,63.4,135.3,1.97535,2.057594,TRUE,FALSE,1.1
2015-13-7-16:22:16,63.3,135.3,1.97535,2.057594,TRUE,FALSE,1.1
2015-13-7-16:22:17,63.3,135.3,1.96388,2.069087,TRUE,FALSE,1.1
2015-13-7-16:22:19,63.4,135.3,1.95241,2.057594,TRUE,FALSE,1.1
2015-13-7-16:22:20,63.4,135.3,1.94094,2.046101,TRUE,FALSE,1.1
2015-13-7-16:22:21,63.4,135.3,1.918,2.046101,TRUE,FALSE,1.1
2015-13-7-16:22:23,63.4,135.3,2.021229,2.011622,TRUE,FALSE,1.1
2015-13-7-16:22:24,63.4,135.2,2.055639,2.000129,TRUE,FALSE,1.1
2015-13-7-16:22:26,63.4,135.2,2.009759,1.977143,TRUE,FALSE,1.1
2015-13-7-16:22:27,63.4,135.2,2.021229,1.896692,TRUE,FALSE,1.1
2015-13-7-16:22:28,63.5,135.2,2.044169,1.885199,TRUE,FALSE,1.1
2015-13-7-16:22:30,63.4,135.2,2.112988,2.011622,TRUE,FALSE,1.1
2015-13-7-16:22:31,63.5,135.1,2.112988,2.023115,TRUE,FALSE,1.1
2015-13-7-16:22:33,63.5,135.1,2.078579,2.023115,TRUE,FALSE,1.1
2015-13-7-16:22:34,63.5,135,2.067109,1.977143,TRUE,FALSE,1.1
2015-13-7-16:22:35,63.5,134.9,2.078579,2.011622,TRUE,FALSE,1.1
2015-13-7-16:22:37,63.5,134.9,2.124458,1.988636,TRUE,FALSE,1.1
2015-13-7-16:22:38,63.5,134.9,2.112988,2.011622,TRUE,FALSE,1.1
2015-13-7-16:22:40,63.6,134.8,2.112988,1.931171,TRUE,FALSE,1.1
2015-13-7-16:22:41,63.6,134.7,2.090049,1.942664,TRUE,FALSE,1.1
2015-13-7-16:22:43,63.6,134.7,2.078579,1.919678,TRUE,FALSE,1.6
2015-13-7-16:22:44,63.6,134.7,2.044169,1.931171,TRUE,FALSE,1.6
2015-13-7-16:22:45,63.5,134.6,2.090049,1.954157,TRUE,FALSE,1.6
2015-13-7-16:22:47,63.5,134.5,2.055639,1.954157,TRUE,FALSE,1.6
2015-13-7-16:22:48,63.6,134.6,2.055639,1.96565,TRUE,FALSE,1.6
2015-13-7-16:22:50,63.6,134.5,2.067109,1.96565,TRUE,FALSE,1.6
2015-13-7-16:22:51,63.6,134.5,2.055639,1.954157,TRUE,FALSE,1.6
2015-13-7-16:22:52,63.6,134.5,2.078579,1.942664,TRUE,FALSE,1.6
2015-13-7-16:22:54,63.6,134.4,2.101518,1.954157,TRUE,FALSE,1.8
2015-13-7-16:22:55,63.5,134.4,2.112988,1.931171,TRUE,FALSE,1.8
2015-13-7-16:22:57,63.5,134.3,2.112988,1.896692,TRUE,FALSE,1.8
2015-13-7-16:22:58,63.5,134.3,2.124458,1.908185,TRUE,FALSE,1.8
2015-13-7-16:22:59,63.5,134.3,2.101518,1.908185,TRUE,FALSE,1.8
2015-13-7-16:23:1,63.5,134.3,2.078579,1.919678,TRUE,FALSE,1.8
2015-13-7-16:23:2,63.5,134.2,2.067109,1.942664,TRUE,FALSE,2.5
2015-13-7-16:23:4,63.5,134.2,2.078579,1.931171,TRUE,FALSE,2.5
2015-13-7-16:23:5,63.5,134.1,2.112988,1.931171,TRUE,FALSE,2.5
2015-13-7-16:23:6,63.6,134.1,2.124458,1.96565,TRUE,FALSE,2.5
2015-13-7-16:23:8,63.6,134.1,2.124458,2.023115,TRUE,FALSE,2.5
2015-13-7-16:23:9,63.6,134.1,2.124458,2.034608,TRUE,FALSE,2.5
2015-13-7-16:23:11,63.6,134.1,2.124458,2.011622,TRUE,FALSE,2
2015-13-7-16:23:12,63.6,134.2,2.112988,1.977143,TRUE,FALSE,2
2015-13-7-16:23:13,63.6,134.2,2.101518,2.000129,TRUE,FALSE,2
2015-13-7-16:23:15,63.6,134.2,2.101518,1.931171,TRUE,FALSE,2
2015-13-7-16:23:16,63.6,134.2,2.067109,1.977143,TRUE,FALSE,2
2015-13-7-16:23:18,63.6,134.3,2.078579,1.942664,TRUE,FALSE,2
2015-13-7-16:23:19,63.6,134.3,2.112988,1.919678,TRUE,FALSE,2
2015-13-7-16:23:20,63.6,134.3,2.101518,1.908185,TRUE,FALSE,2
2015-13-7-16:23:22,63.6,134.4,2.135928,1.885199,TRUE,FALSE,2
2015-13-7-16:23:23,63.5,134.4,2.147398,1.896692,TRUE,FALSE,2
2015-13-7-16:23:25,63.5,134.5,2.112988,1.896692,TRUE,FALSE,2
2015-13-7-16:23:26,63.5,134.5,2.135928,1.919678,TRUE,FALSE,2
2015-13-7-16:23:27,63.5,134.6,2.135928,1.942664,TRUE,FALSE,2
2015-13-7-16:23:29,63.5,134.7,2.078579,1.919678,TRUE,FALSE,2
2015-13-7-16:23:30,63.5,134.7,2.078579,2.023115,TRUE,FALSE,2
2015-13-7-16:23:32,63.5,134.7,2.044169,1.942664,TRUE,FALSE,2
2015-13-7-16:23:33,63.5,134.8,2.009759,1.885199,TRUE,FALSE,2
2015-13-7-16:23:34,63.5,134.9,2.032699,1.862213,TRUE,FALSE,2
2015-13-7-16:23:36,63.5,134.9,2.044169,1.862213,TRUE,FALSE,2
2015-13-7-16:23:37,63.6,134.9,2.044169,1.839227,TRUE,FALSE,2
2015-13-7-16:23:39,63.6,134.9,2.067109,1.873706,TRUE,FALSE,2
2015-13-7-16:23:40,63.6,135,2.078579,1.85072,TRUE,FALSE,2
2015-13-7-16:23:41,63.7,135.1,2.044169,1.85072,TRUE,FALSE,2
2015-13-7-16:23:43,63.7,135.3,1.998289,1.862213,TRUE,FALSE,2
2015-13-7-16:23:44,63.7,135.3,1.998289,1.85072,TRUE,FALSE,2
2015-13-7-16:23:46,63.7,135.4,1.98682,1.85072,TRUE,FALSE,2
2015-13-7-16:23:47,63.7,135.4,2.353856,1.873706,TRUE,FALSE,2
2015-13-7-16:23:48,63.7,135.5,1.791832,1.885199,TRUE,FALSE,2
2015-13-7-16:23:50,63.7,135.6,1.791832,1.839227,TRUE,FALSE,2
2015-13-7-16:23:51,63.6,135.6,1.837711,1.873706,TRUE,FALSE,2
2015-13-7-16:23:53,63.6,135.7,1.849181,1.70131,TRUE,FALSE,2
2015-13-7-16:23:54,63.5,135.7,1.837711,1.609366,TRUE,FALSE,2
2015-13-7-16:23:55,63.6,135.8,1.837711,1.666831,TRUE,FALSE,2
2015-13-7-16:23:57,63.5,135.9,1.883591,1.666831,TRUE,FALSE,2
2015-13-7-16:23:58,63.5,135.9,1.97535,1.620859,TRUE,FALSE,2
2015-13-7-16:24:0,63.5,136,1.98682,1.678324,TRUE,FALSE,2
2015-13-7-16:24:1,63.5,136.1,2.009759,1.758775,TRUE,FALSE,2
2015-13-7-16:24:2,63.5,136.1,2.021229,1.816241,TRUE,FALSE,2
2015-13-7-16:24:4,63.5,136.2,2.021229,1.816241,TRUE,FALSE,1.8
2015-13-7-16:24:5,63.5,136.2,2.044169,1.804748,TRUE,FALSE,1.8
2015-13-7-16:24:7,63.5,136.2,2.032699,1.827734,TRUE,FALSE,1.8
2015-13-7-16:24:8,63.5,136.3,2.009759,1.839227,TRUE,FALSE,1.8
2015-13-7-16:24:10,63.6,136.3,1.998289,1.839227,TRUE,FALSE,1.8
2015-13-7-16:24:11,63.6,136.3,1.96388,1.85072,TRUE,FALSE,1.8
2015-13-7-16:24:12,63.6,136.3,1.94094,1.862213,TRUE,FALSE,1.8
2015-13-7-16:24:14,63.6,136.3,1.918,1.862213,TRUE,FALSE,1.8
2015-13-7-16:24:15,63.6,136.3,1.918,1.827734,TRUE,FALSE,1.8
2015-13-7-16:24:17,63.6,136.3,1.96388,1.816241,TRUE,FALSE,1.8
2015-13-7-16:24:18,63.6,136.4,1.94094,1.793254,TRUE,FALSE,1.8
2015-13-7-16:24:19,63.6,136.4,1.90653,1.793254,TRUE,FALSE,1.8
2015-13-7-16:24:21,63.6,136.4,1.90653,1.839227,TRUE,FALSE,1.8
2015-13-7-16:24:22,63.6,136.4,1.918,1.804748,TRUE,FALSE,1.8
2015-13-7-16:24:24,63.5,136.3,1.883591,1.758775,TRUE,FALSE,1.8
2015-13-7-16:24:25,63.5,136.2,1.883591,1.735789,TRUE,FALSE,1.8
2015-13-7-16:24:26,63.5,136.2,1.883591,1.735789,TRUE,FALSE,1.8
2015-13-7-16:24:28,63.5,136.1,1.837711,1.735789,TRUE,FALSE,1.8
2015-13-7-16:24:29,63.5,136,1.826241,1.712803,TRUE,FALSE,1.8
2015-13-7-16:24:31,63.5,135.9,1.814771,1.678324,TRUE,FALSE,1.8
2015-13-7-16:24:32,63.5,135.7,1.814771,1.678324,TRUE,FALSE,1.8
2015-13-7-16:24:33,63.6,135.7,1.791832,1.655338,TRUE,FALSE,1.8
2015-13-7-16:24:35,63.6,135.6,1.768892,1.643845,TRUE,FALSE,1.8
2015-13-7-16:24:36,63.7,135.4,1.883591,1.632352,TRUE,FALSE,1.8
2015-13-7-16:24:38,63.7,135.3,1.745952,1.609366,TRUE,FALSE,1.8
2015-13-7-16:24:39,63.7,135.3,1.803301,1.632352,TRUE,FALSE,1.8
2015-13-7-16:24:40,63.7,135.1,1.826241,1.70131,TRUE,FALSE,1.8
2015-13-7-16:24:42,63.7,135,1.837711,1.655338,TRUE,FALSE,1.8
2015-13-7-16:24:43,63.7,134.9,1.860651,1.655338,TRUE,FALSE,1.8
2015-13-7-16:24:45,63.8,134.8,1.814771,1.678324,TRUE,FALSE,1.8
2015-13-7-16:24:46,63.8,134.7,1.814771,1.689817,TRUE,FALSE,1.8
2015-13-7-16:24:47,63.8,134.6,1.837711,1.70131,TRUE,FALSE,1.8
2015-13-7-16:24:49,63.8,134.5,1.826241,1.689817,TRUE,FALSE,1.8
2015-13-7-16:24:50,63.8,134.5,1.849181,1.689817,TRUE,FALSE,1.8
2015-13-7-16:24:52,63.8,134.4,1.883591,1.747282,TRUE,FALSE,1.8
2015-13-7-16:24:53,63.8,134.3,1.883591,1.70131,TRUE,FALSE,1.8
2015-13-7-16:24:54,63.8,134.2,1.814771,1.712803,TRUE,FALSE,1.8
2015-13-7-16:24:56,63.7,134.2,1.791832,1.735789,TRUE,FALSE,1.8
2015-13-7-16:24:57,63.7,134.2,1.803301,1.758775,TRUE,FALSE,1.8
2015-13-7-16:24:59,63.7,134.2,1.814771,1.689817,TRUE,FALSE,1.8
2015-13-7-16:25:0,63.7,134.2,1.860651,1.712803,TRUE,FALSE,1.8
2015-13-7-16:25:1,63.7,134.2,1.883591,1.689817,TRUE,FALSE,1.8
2015-13-7-16:25:3,63.7,134.2,1.883591,1.758775,TRUE,FALSE,1.8
2015-13-7-16:25:4,63.7,134.1,1.95241,1.804748,TRUE,FALSE,1.8
2015-13-7-16:25:6,63.6,134.1,1.998289,1.862213,TRUE,FALSE,1.8
2015-13-7-16:25:7,63.6,134.1,2.009759,1.862213,TRUE,FALSE,1.8
2015-13-7-16:25:8,63.6,134.1,1.98682,1.862213,TRUE,FALSE,1.8
2015-13-7-16:25:10,63.6,134,2.009759,1.908185,TRUE,FALSE,1.8
2015-13-7-16:25:11,63.6,134,2.021229,1.885199,TRUE,FALSE,1.8
2015-13-7-16:25:13,63.6,134.1,2.009759,1.885199,TRUE,FALSE,1.8
2015-13-7-16:25:14,63.7,134.1,2.009759,1.896692,TRUE,FALSE,1.8
2015-13-7-16:25:15,63.7,134.1,1.98682,1.885199,TRUE,FALSE,1.6
2015-13-7-16:25:17,63.7,134.2,1.97535,1.896692,TRUE,FALSE,1.6
2015-13-7-16:25:18,63.7,134.2,1.95241,1.908185,TRUE,FALSE,1.6
2015-13-7-16:25:20,63.7,134.2,1.90653,1.942664,TRUE,FALSE,1.6
2015-13-7-16:25:21,63.7,134.3,1.872121,1.896692,TRUE,FALSE,1.6
2015-13-7-16:25:22,63.7,134.4,1.860651,1.885199,TRUE,FALSE,1.6
2015-13-7-16:25:24,63.7,134.5,1.895061,1.919678,TRUE,FALSE,2
2015-13-7-16:25:25,63.7,134.6,1.90653,1.862213,TRUE,FALSE,2
2015-13-7-16:25:27,63.7,134.7,1.92947,1.862213,TRUE,FALSE,2
2015-13-7-16:25:28,63.7,134.7,1.918,1.885199,TRUE,FALSE,2
2015-13-7-16:25:29,63.7,134.8,1.92947,1.896692,TRUE,FALSE,2
2015-13-7-16:25:31,63.7,134.9,1.96388,1.908185,TRUE,FALSE,2
2015-13-7-16:25:32,63.7,135,2.009759,1.862213,TRUE,FALSE,2
2015-13-7-16:25:34,63.7,135,2.044169,1.862213,TRUE,FALSE,2
2015-13-7-16:25:35,63.7,135.2,2.078579,1.931171,TRUE,FALSE,2
2015-13-7-16:25:36,63.8,135.3,2.067109,2.000129,TRUE,FALSE,2
2015-13-7-16:25:38,63.8,135.4,2.067109,2.000129,TRUE,FALSE,2
2015-13-7-16:25:39,63.8,135.5,2.044169,1.988636,TRUE,FALSE,2
2015-13-7-16:25:41,63.8,135.5,2.044169,1.977143,TRUE,FALSE,2
2015-13-7-16:25:42,63.8,135.5,2.021229,2.000129,TRUE,FALSE,2
2015-13-7-16:25:44,63.8,135.5,2.009759,2.023115,TRUE,FALSE,2
2015-13-7-16:25:45,63.8,135.5,2.021229,2.057594,TRUE,FALSE,2
2015-13-7-16:25:46,63.9,135.6,2.067109,2.046101,TRUE,FALSE,2
2015-13-7-16:25:48,63.9,135.5,2.044169,2.057594,TRUE,FALSE,2
2015-13-7-16:25:49,63.9,135.6,2.021229,2.023115,TRUE,FALSE,2
2015-13-7-16:25:51,63.9,135.5,2.009759,2.069087,TRUE,FALSE,2
2015-13-7-16:25:52,63.9,135.5,1.998289,2.069087,TRUE,FALSE,2
2015-13-7-16:25:53,63.9,135.5,1.97535,2.057594,TRUE,FALSE,2
2015-13-7-16:25:55,63.9,135.5,1.95241,2.057594,TRUE,FALSE,2
2015-13-7-16:25:56,63.9,135.5,1.95241,2.103566,TRUE,FALSE,2
2015-13-7-16:25:58,63.8,135.6,2.101518,2.057594,TRUE,FALSE,2
2015-13-7-16:25:59,63.8,135.5,2.044169,2.011622,TRUE,FALSE,2
2015-13-7-16:26:0,63.8,135.5,2.032699,2.000129,TRUE,FALSE,2
2015-13-7-16:26:2,63.7,135.6,1.94094,2.069087,TRUE,FALSE,2
2015-13-7-16:26:3,63.8,135.9,1.95241,2.069087,TRUE,FALSE,2.5
2015-13-7-16:26:5,63.8,135.9,2.044169,2.103566,TRUE,FALSE,2.5
2015-13-7-16:26:6,63.7,136,2.090049,2.034608,TRUE,FALSE,2.5
2015-13-7-16:26:7,63.8,136.1,2.032699,2.000129,TRUE,FALSE,2.5
2015-13-7-16:26:9,63.8,136.2,1.98682,2.023115,TRUE,FALSE,2.5
2015-13-7-16:26:10,63.8,136.2,2.009759,2.000129,TRUE,FALSE,2.5
2015-13-7-16:26:12,63.8,136.2,2.009759,1.977143,TRUE,FALSE,2.5
2015-13-7-16:26:13,63.8,136.3,1.97535,1.954157,TRUE,FALSE,2.5
2015-13-7-16:26:14,63.8,136.3,1.895061,1.96565,TRUE,FALSE,2.5
2015-13-7-16:26:16,63.8,136.3,1.849181,1.942664,TRUE,FALSE,2.5
2015-13-7-16:26:17,63.8,136.2,1.860651,1.942664,TRUE,FALSE,2.5
2015-13-7-16:26:19,63.8,136.1,1.849181,1.885199,TRUE,FALSE,2.5
2015-13-7-16:26:20,63.7,135.9,1.826241,1.896692,TRUE,FALSE,2.5
2015-13-7-16:26:21,63.8,135.8,1.768892,1.873706,TRUE,FALSE,1.9
2015-13-7-16:26:23,63.8,135.7,1.734482,1.862213,TRUE,FALSE,1.9
2015-13-7-16:26:24,63.8,135.6,1.711542,1.85072,TRUE,FALSE,1.9
2015-13-7-16:26:26,63.8,135.5,1.642723,1.804748,TRUE,FALSE,1.9
2015-13-7-16:26:27,63.8,135.3,1.723012,1.770268,TRUE,FALSE,1.9
2015-13-7-16:26:28,63.7,135.3,1.803301,1.747282,TRUE,FALSE,1.9
2015-13-7-16:26:30,63.7,135.1,1.826241,1.666831,TRUE,FALSE,1.9
2015-13-7-16:26:31,63.7,135,1.849181,1.735789,TRUE,FALSE,1.9
2015-13-7-16:26:33,63.7,135,1.872121,1.781762,TRUE,FALSE,1.9
2015-13-7-16:26:34,63.7,134.9,1.895061,1.793254,TRUE,FALSE,1.9
2015-13-7-16:26:35,63.7,134.8,1.895061,1.804748,TRUE,FALSE,1.9
2015-13-7-16:26:37,63.7,134.8,1.895061,1.793254,TRUE,FALSE,1.9
2015-13-7-16:26:38,63.7,134.7,1.883591,1.770268,TRUE,FALSE,1.9
2015-13-7-16:26:40,63.7,134.7,1.860651,1.793254,TRUE,FALSE,1.9
2015-13-7-16:26:41,63.7,134.6,1.860651,1.793254,TRUE,FALSE,1.9
2015-13-7-16:26:42,63.7,134.5,1.837711,1.793254,TRUE,FALSE,1.9
2015-13-7-16:26:44,63.7,134.5,1.780362,1.781762,TRUE,FALSE,1.9
2015-13-7-16:26:45,63.7,134.4,1.757422,1.781762,TRUE,FALSE,1.9
2015-13-7-16:26:47,63.8,134.4,1.745952,1.758775,TRUE,FALSE,1.9
2015-13-7-16:26:48,63.7,134.4,1.780362,1.770268,TRUE,FALSE,1.9
2015-13-7-16:26:49,63.8,134.3,1.780362,1.747282,TRUE,FALSE,1.9
2015-13-7-16:26:51,63.7,134.3,1.757422,1.770268,TRUE,FALSE,1.9
2015-13-7-16:26:52,63.8,134.2,1.734482,1.804748,TRUE,FALSE,1.9
2015-13-7-16:26:54,63.8,134.2,1.780362,1.816241,TRUE,FALSE,1.9
2015-13-7-16:26:55,63.8,134.2,1.768892,1.781762,TRUE,FALSE,1.9
2015-13-7-16:26:56,63.9,134.2,1.768892,1.758775,TRUE,FALSE,1.9
2015-13-7-16:26:58,63.9,134.2,1.757422,1.770268,TRUE,FALSE,1.9
2015-13-7-16:26:59,63.9,134.3,1.757422,1.770268,TRUE,FALSE,1.9
2015-13-7-16:27:1,63.9,134.3,1.768892,1.781762,TRUE,FALSE,1.9
2015-13-7-16:27:2,63.9,134.4,1.757422,1.770268,TRUE,FALSE,1.9
2015-13-7-16:27:3,63.9,134.4,1.757422,1.758775,TRUE,FALSE,1.9
2015-13-7-16:27:5,63.9,134.5,1.734482,1.758775,TRUE,FALSE,1.9
2015-13-7-16:27:6,63.8,134.5,1.734482,1.758775,TRUE,FALSE,1.9
2015-13-7-16:27:8,63.9,134.6,1.711542,1.735789,TRUE,FALSE,1.9
2015-13-7-16:27:9,63.9,134.7,1.711542,1.712803,TRUE,FALSE,1.9
2015-13-7-16:27:10,64,134.9,1.757422,1.735789,TRUE,FALSE,1.9
2015-13-7-16:27:12,64,135,1.757422,1.747282,TRUE,FALSE,1.9
2015-13-7-16:27:13,63.9,135,1.734482,1.758775,TRUE,FALSE,1.9
2015-13-7-16:27:15,64,135,1.745952,1.793254,TRUE,FALSE,1.9
2015-13-7-16:27:16,64,135.2,1.745952,1.770268,TRUE,FALSE,1.9
2015-13-7-16:27:18,64,135.3,1.757422,1.758775,TRUE,FALSE,1.9
2015-13-7-16:27:19,64,135.3,1.780362,1.781762,TRUE,FALSE,1.9
2015-13-7-16:27:20,64,135.4,1.791832,1.770268,TRUE,FALSE,1.9
2015-13-7-16:27:22,64,135.4,1.768892,1.770268,TRUE,FALSE,1.9
2015-13-7-16:27:23,64,135.4,1.700073,1.758775,TRUE,FALSE,1.9
2015-13-7-16:27:25,64,135.3,1.654193,1.758775,TRUE,FALSE,1.9
2015-13-7-16:27:26,64,135.3,1.631253,1.735789,TRUE,FALSE,1.9
2015-13-7-16:27:27,64,135.3,1.585374,1.689817,TRUE,FALSE,1.9
2015-13-7-16:27:29,64,135.2,1.505085,1.609366,TRUE,FALSE,1.9
2015-13-7-16:27:30,64.1,135.2,1.459205,1.597873,TRUE,FALSE,1.9
2015-13-7-16:27:32,64.1,135.2,1.482145,1.551901,TRUE,FALSE,1.9
2015-13-7-16:27:33,64.1,135.2,1.585374,1.482943,TRUE,FALSE,1.9
2015-13-7-16:27:34,64.1,135.2,1.688603,1.413985,TRUE,FALSE,1.9
2015-13-7-16:27:36,64.1,135.2,1.734482,1.402492,TRUE,FALSE,1.9
2015-13-7-16:27:37,64.1,135.2,1.803301,1.482943,TRUE,FALSE,1.9
2015-13-7-16:27:39,64.1,135.2,1.826241,1.632352,TRUE,FALSE,1.9
2015-13-7-16:27:40,64.1,135.1,1.791832,1.735789,TRUE,FALSE,1.9
2015-13-7-16:27:41,64.1,135,1.768892,1.816241,TRUE,FALSE,1.9
2015-13-7-16:27:43,64.1,135,1.780362,1.839227,TRUE,FALSE,1.9
2015-13-7-16:27:44,64.1,135,1.768892,1.804748,TRUE,FALSE,1.9
2015-13-7-16:27:46,64.1,134.9,1.791832,1.770268,TRUE,FALSE,1.9
2015-13-7-16:27:47,64.1,134.9,1.814771,1.781762,TRUE,FALSE,1.9
2015-13-7-16:27:48,64.1,134.9,1.803301,1.770268,TRUE,FALSE,1.9
2015-13-7-16:27:50,64.1,134.9,1.814771,1.816241,TRUE,FALSE,1.9
2015-13-7-16:27:51,64.1,134.8,1.837711,1.816241,TRUE,FALSE,1.9
2015-13-7-16:27:53,64.1,134.8,1.849181,1.804748,TRUE,FALSE,1.9
2015-13-7-16:27:54,64.1,134.8,1.849181,1.862213,TRUE,FALSE,1.9
2015-13-7-16:27:55,64.1,134.7,1.849181,1.873706,TRUE,FALSE,1.9
2015-13-7-16:27:57,64.1,134.7,1.837711,1.908185,TRUE,FALSE,1.9
2015-13-7-16:27:58,64.1,134.7,1.849181,1.908185,TRUE,FALSE,1.9
2015-13-7-16:28:0,64.1,134.6,1.872121,1.908185,TRUE,FALSE,1.9
2015-13-7-16:28:1,64.1,134.6,1.883591,1.896692,TRUE,FALSE,1.9
2015-13-7-16:28:2,64.1,134.6,1.872121,1.908185,TRUE,FALSE,1.9
2015-13-7-16:28:4,64.1,134.7,1.883591,1.942664,TRUE,FALSE,1.9
2015-13-7-16:28:5,64.1,134.7,1.860651,1.977143,TRUE,FALSE,1.9
2015-13-7-16:28:7,64.1,134.7,1.849181,1.988636,TRUE,FALSE,1.9
2015-13-7-16:28:8,64.1,134.7,1.849181,1.96565,TRUE,FALSE,1.9
2015-13-7-16:28:9,64,134.7,1.883591,1.954157,TRUE,FALSE,1.9
2015-13-7-16:28:11,64,134.7,1.918,1.931171,TRUE,FALSE,1.9
2015-13-7-16:28:12,64.1,134.7,1.95241,1.919678,TRUE,FALSE,1.9
2015-13-7-16:28:14,64,134.7,1.95241,1.931171,TRUE,FALSE,1.9
2015-13-7-16:28:15,64,134.7,1.895061,1.942664,TRUE,FALSE,1.9
2015-13-7-16:28:17,64.1,134.8,1.90653,1.942664,TRUE,FALSE,1.9
2015-13-7-16:28:18,64.1,134.8,1.895061,1.942664,TRUE,FALSE,1.9
2015-13-7-16:28:19,64.1,134.8,1.895061,1.908185,TRUE,FALSE,1.9
2015-13-7-16:28:21,64.1,134.8,1.90653,1.885199,TRUE,FALSE,1.9
2015-13-7-16:28:22,64.2,134.9,1.97535,1.896692,TRUE,FALSE,1.9
2015-13-7-16:28:24,64.1,135,1.96388,1.885199,TRUE,FALSE,1.9
2015-13-7-16:28:25,64.2,135,1.998289,1.862213,TRUE,FALSE,1.9
2015-13-7-16:28:26,64.1,135,1.98682,1.896692,TRUE,FALSE,1.9
2015-13-7-16:28:28,64.2,135.1,1.96388,1.919678,TRUE,FALSE,1.9
2015-13-7-16:28:29,64.2,135.1,1.96388,1.931171,TRUE,FALSE,1.9
2015-13-7-16:28:31,64.1,135.1,1.94094,1.931171,TRUE,FALSE,1.9
2015-13-7-16:28:32,64.2,135.1,1.918,1.896692,TRUE,FALSE,1.9
2015-13-7-16:28:33,64.1,135.2,1.883591,1.896692,TRUE,FALSE,1.9
2015-13-7-16:28:35,64.2,135.3,1.918,1.885199,TRUE,FALSE,1.9
2015-13-7-16:28:36,64.1,135.3,1.918,1.85072,TRUE,FALSE,1.9
2015-13-7-16:28:38,64.1,135.4,1.918,1.827734,TRUE,FALSE,1.9
2015-13-7-16:28:39,64.2,135.5,1.90653,1.839227,TRUE,FALSE,1.9
2015-13-7-16:28:40,64.1,135.5,1.895061,1.862213,TRUE,FALSE,1.9
2015-13-7-16:28:42,64.2,135.5,1.883591,1.85072,TRUE,FALSE,1.9
2015-13-7-16:28:43,64.2,135.5,1.883591,1.85072,TRUE,FALSE,1.9
2015-13-7-16:28:45,64.1,135.5,1.895061,1.827734,TRUE,FALSE,1.9
2015-13-7-16:28:46,64.2,135.6,1.872121,1.804748,TRUE,FALSE,1.9
2015-13-7-16:28:48,64.2,135.5,1.837711,1.793254,TRUE,FALSE,1.9
2015-13-7-16:28:49,64.1,135.5,1.780362,1.781762,TRUE,FALSE,1.9
2015-13-7-16:28:50,64.1,135.5,1.768892,1.770268,TRUE,FALSE,1.9
2015-13-7-16:28:52,64.1,135.5,1.757422,1.747282,TRUE,FALSE,1.9
2015-13-7-16:28:53,64.2,135.4,1.780362,1.689817,TRUE,FALSE,1.9
2015-13-7-16:28:55,64.2,135.5,1.768892,1.666831,TRUE,FALSE,1.9
2015-13-7-16:28:56,64.2,135.5,1.768892,1.643845,TRUE,FALSE,1.9
2015-13-7-16:28:57,64.2,135.4,1.803301,1.666831,TRUE,FALSE,1.9
2015-13-7-16:28:59,64.2,135.4,1.791832,1.70131,TRUE,FALSE,1.9
2015-13-7-16:29:0,64.2,135.3,1.814771,1.678324,TRUE,FALSE,1.9
2015-13-7-16:29:2,64.2,135.3,1.826241,1.678324,TRUE,FALSE,1.9
2015-13-7-16:29:3,64.2,135.2,1.860651,1.70131,TRUE,FALSE,1.9
2015-13-7-16:29:4,64.2,135.2,1.860651,1.724296,TRUE,FALSE,1.9
2015-13-7-16:29:6,64.2,135.2,1.860651,1.747282,TRUE,FALSE,1.9
2015-13-7-16:29:7,64.2,135.2,1.837711,1.770268,TRUE,FALSE,1.9
2015-13-7-16:29:9,64.2,135.2,1.837711,1.770268,TRUE,FALSE,1.9
2015-13-7-16:29:10,64.2,135.2,1.814771,1.793254,TRUE,FALSE,1.9
2015-13-7-16:29:11,64.2,135.2,1.826241,1.781762,TRUE,FALSE,1.9
2015-13-7-16:29:13,64.2,135.1,1.849181,1.827734,TRUE,FALSE,1.9
2015-13-7-16:29:14,64.2,135,1.860651,1.839227,TRUE,FALSE,1.9
2015-13-7-16:29:16,64.2,135,1.849181,1.85072,TRUE,FALSE,1.9
2015-13-7-16:29:17,64.2,135,1.826241,1.908185,TRUE,FALSE,1.9
2015-13-7-16:29:18,64.2,135,1.826241,1.908185,TRUE,FALSE,1.9
2015-13-7-16:29:20,64.2,134.9,1.757422,1.839227,TRUE,FALSE,1.9
2015-13-7-16:29:21,64.2,134.9,1.734482,1.804748,TRUE,FALSE,1.9
2015-13-7-16:29:23,64.2,134.9,1.734482,1.804748,TRUE,FALSE,1.9
2015-13-7-16:29:24,64.2,134.8,1.723012,1.770268,TRUE,FALSE,1.9
2015-13-7-16:29:25,64.2,134.7,1.688603,1.758775,TRUE,FALSE,1.9
2015-13-7-16:29:27,64.2,134.6,1.631253,1.735789,TRUE,FALSE,1.9
2015-13-7-16:29:28,64.2,134.6,1.562434,1.70131,TRUE,FALSE,1.9
2015-13-7-16:29:30,64.2,134.6,1.562434,1.666831,TRUE,FALSE,1.9
2015-13-7-16:29:31,64.2,134.7,1.585374,1.632352,TRUE,FALSE,1.9
2015-13-7-16:29:32,64.2,134.7,1.619783,1.574887,TRUE,FALSE,1.9
2015-13-7-16:29:34,64.2,134.7,1.596844,1.540408,TRUE,FALSE,1.9
2015-13-7-16:29:35,64.3,134.6,1.562434,1.551901,TRUE,FALSE,1.9
2015-13-7-16:29:37,64.3,134.7,1.413326,1.540408,TRUE,FALSE,1.9
2015-13-7-16:29:38,64.3,134.6,1.447735,1.528915,TRUE,FALSE,0.75
2015-13-7-16:29:39,64.3,134.6,2.055639,1.494436,TRUE,FALSE,0.75
2015-13-7-16:29:41,64.2,134.6,2.239157,1.425478,TRUE,FALSE,0.75
2015-13-7-16:29:42,64.2,134.6,1.97535,1.356519,TRUE,FALSE,0.75
2015-13-7-16:29:44,64.2,134.6,1.333036,1.390998,TRUE,FALSE,0.75
2015-13-7-16:29:45,64.2,134.6,1.149518,1.988636,TRUE,FALSE,0.75
2015-13-7-16:29:46,64.3,134.6,1.264217,2.310441,TRUE,FALSE,0.75
2015-13-7-16:29:48,64.2,134.5,1.413326,2.069087,TRUE,FALSE,0.75
2015-13-7-16:29:49,64.2,134.5,1.550964,1.413985,TRUE,FALSE,0.75
2015-13-7-16:29:51,64.3,134.5,1.619783,1.138152,TRUE,FALSE,0.75
2015-13-7-16:29:52,64.3,134.5,1.619783,1.172631,TRUE,FALSE,0.75
2015-13-7-16:29:53,64.3,134.6,1.562434,1.32204,TRUE,FALSE,0.75
2015-13-7-16:29:55,64.3,134.7,1.562434,1.459957,TRUE,FALSE,0.75
2015-13-7-16:29:56,64.3,134.7,1.562434,1.528915,TRUE,FALSE,0.75
2015-13-7-16:29:58,64.3,134.7,1.596844,1.540408,TRUE,FALSE,0.75
2015-13-7-16:29:59,64.3,134.8,1.619783,1.528915,TRUE,FALSE,0.75
2015-13-7-16:30:0,64.2,134.9,1.642723,1.528915,TRUE,FALSE,0.75
2015-13-7-16:30:2,64.3,134.9,1.608313,1.540408,TRUE,FALSE,0.75
2015-13-7-16:30:3,64.3,135,1.528024,1.574887,TRUE,FALSE,0.75
2015-13-7-16:30:5,64.3,135,1.539494,1.563394,TRUE,FALSE,0.75
2015-13-7-16:30:6,64.3,135,1.550964,1.609366,TRUE,FALSE,0.75
2015-13-7-16:30:7,64.3,135,1.505085,1.643845,TRUE,FALSE,0.75
2015-13-7-16:30:9,64.3,135,1.493615,1.632352,TRUE,FALSE,0.75
2015-13-7-16:30:10,64.2,135.1,1.505085,1.574887,TRUE,FALSE,0.75
2015-13-7-16:30:12,64.2,135.3,1.550964,1.540408,TRUE,FALSE,0.75
2015-13-7-16:30:13,64.2,135.6,1.562434,1.482943,TRUE,FALSE,0.75
2015-13-7-16:30:14,64.2,135.7,1.585374,1.482943,TRUE,FALSE,0.75
2015-13-7-16:30:16,64.3,136.1,1.528024,1.494436,TRUE,FALSE,0.75
2015-13-7-16:30:17,64.3,136.5,1.505085,1.528915,TRUE,FALSE,0.75
2015-13-7-16:30:19,64.2,136.8,1.505085,1.540408,TRUE,FALSE,0.75
2015-13-7-16:30:20,64.3,137,1.516554,1.540408,TRUE,FALSE,0.75
2015-13-7-16:30:22,64.3,137.2,1.516554,1.517422,TRUE,FALSE,0.75
2015-13-7-16:30:23,64.3,137.5,1.860651,1.494436,TRUE,FALSE,0.75
2015-13-7-16:30:24,64.3,137.5,1.654193,1.505929,TRUE,FALSE,0.75
2015-13-7-16:30:26,64.3,137.5,1.573904,1.505929,TRUE,FALSE,0.75
2015-13-7-16:30:27,64.3,137.4,1.562434,1.517422,TRUE,FALSE,0.75
2015-13-7-16:30:29,64.3,137.4,1.573904,1.839227,TRUE,FALSE,0.75
2015-13-7-16:30:30,64.2,137.4,1.596844,1.655338,TRUE,FALSE,0.75
2015-13-7-16:30:31,64.2,137.4,1.596844,1.551901,TRUE,FALSE,0.75
2015-13-7-16:30:33,64.1,137.6,1.608313,1.528915,TRUE,FALSE,0.75
2015-13-7-16:30:34,64.1,137.8,1.654193,1.528915,TRUE,FALSE,0.75
2015-13-7-16:30:36,64.1,137.9,1.700073,1.574887,TRUE,FALSE,0.75
2015-13-7-16:30:37,64,138,1.757422,1.574887,TRUE,FALSE,0.75
2015-13-7-16:30:38,64,138,1.745952,1.620859,TRUE,FALSE,0.75
2015-13-7-16:30:40,64,138.2,1.745952,1.666831,TRUE,FALSE,0.75
2015-13-7-16:30:41,64,138.3,1.826241,1.712803,TRUE,FALSE,0.75
2015-13-7-16:30:43,64,138.5,1.883591,1.735789,TRUE,FALSE,0.75
2015-13-7-16:30:44,64,138.6,1.92947,1.747282,TRUE,FALSE,0.75
2015-13-7-16:30:45,64,138.6,1.96388,1.781762,TRUE,FALSE,0.75
2015-13-7-16:30:47,64,138.6,1.92947,1.816241,TRUE,FALSE,0.75
2015-13-7-16:30:48,64,138.6,1.94094,1.873706,TRUE,FALSE,0.75
2015-13-7-16:30:50,64,138.6,1.95241,1.908185,TRUE,FALSE,0.75
2015-13-7-16:30:51,64,138.7,1.94094,1.954157,TRUE,FALSE,0.75
2015-13-7-16:30:52,63.9,138.7,1.94094,1.96565,TRUE,FALSE,0.75
2015-13-7-16:30:54,63.9,138.7,1.97535,2.000129,TRUE,FALSE,0.75
2015-13-7-16:30:55,63.9,138.6,1.998289,2.000129,TRUE,FALSE,0.75
2015-13-7-16:30:57,63.9,138.4,1.98682,2.000129,TRUE,FALSE,0.75
2015-13-7-16:30:58,63.9,138,2.009759,2.000129,TRUE,FALSE,0.75
2015-13-7-16:31:0,63.8,137.9,2.021229,2.000129,TRUE,FALSE,0.75
2015-13-7-16:31:1,63.8,137.7,2.021229,2.023115,TRUE,FALSE,0.75
2015-13-7-16:31:2,63.8,137.6,1.998289,2.046101,TRUE,FALSE,0.75
2015-13-7-16:31:4,63.8,137.5,2.021229,2.08058,TRUE,FALSE,0.75
2015-13-7-16:31:5,63.8,137.5,2.044169,2.103566,TRUE,FALSE,0.75
2015-13-7-16:31:7,63.8,137.4,2.055639,2.092073,TRUE,FALSE,0.75
2015-13-7-16:31:8,63.8,137.5,2.044169,2.057594,TRUE,FALSE,0.75
2015-13-7-16:31:9,63.8,137.5,2.009759,2.069087,TRUE,FALSE,0.75
2015-13-7-16:31:11,63.8,137.6,1.97535,2.092073,TRUE,FALSE,0.75
2015-13-7-16:31:12,63.8,137.5,1.96388,2.103566,TRUE,FALSE,0.75
2015-13-7-16:31:14,63.8,137.5,1.96388,2.092073,TRUE,FALSE,0.75
2015-13-7-16:31:15,63.8,137.2,1.97535,2.08058,TRUE,FALSE,0.75
2015-13-7-16:31:16,63.8,136.9,1.97535,2.057594,TRUE,FALSE,0.75
2015-13-7-16:31:18,63.7,136.5,1.98682,1.977143,TRUE,FALSE,0.75
2015-13-7-16:31:19,63.7,136.3,1.98682,1.942664,TRUE,FALSE,0.75
2015-13-7-16:31:21,63.7,136,1.97535,1.954157,TRUE,FALSE,0.75
2015-13-7-16:31:22,63.7,135.6,1.97535,1.954157,TRUE,FALSE,0.75
2015-13-7-16:31:23,63.7,135.3,1.92947,1.954157,TRUE,FALSE,0.75
2015-13-7-16:31:25,63.7,135,1.918,1.96565,TRUE,FALSE,0.75
2015-13-7-16:31:26,63.7,134.6,1.92947,1.919678,TRUE,FALSE,0.75
2015-13-7-16:31:28,63.7,134.3,1.97535,1.896692,TRUE,FALSE,0.75
2015-13-7-16:31:29,63.7,134,2.021229,1.885199,TRUE,FALSE,0.75
2015-13-7-16:31:30,63.7,133.8,2.055639,1.908185,TRUE,FALSE,0.75
2015-13-7-16:31:32,63.7,133.5,2.055639,1.931171,TRUE,FALSE,0.75
2015-13-7-16:31:33,63.7,133.2,2.044169,1.977143,TRUE,FALSE,0.75
2015-13-7-16:31:35,63.7,132.9,2.032699,2.000129,TRUE,FALSE,0.75
2015-13-7-16:31:36,63.7,132.6,1.97535,2.011622,TRUE,FALSE,0.75
2015-13-7-16:31:37,63.7,132.4,1.998289,1.988636,TRUE,FALSE,0.5
2015-13-7-16:31:39,63.7,132.2,1.998289,1.988636,TRUE,FALSE,0.5
2015-13-7-16:31:40,63.7,132.1,2.009759,1.988636,TRUE,FALSE,0.5
2015-13-7-16:31:42,63.7,131.8,2.009759,1.988636,TRUE,FALSE,0.5
2015-13-7-16:31:43,63.7,131.7,1.998289,1.988636,TRUE,FALSE,0.75
2015-13-7-16:31:44,63.8,131.4,1.998289,1.988636,TRUE,FALSE,0.75
2015-13-7-16:31:46,63.8,131.2,2.009759,1.977143,TRUE,FALSE,0.75
2015-13-7-16:31:47,63.8,131.1,1.998289,1.96565,TRUE,FALSE,0.75
2015-13-7-16:31:49,63.8,131.2,2.032699,1.96565,TRUE,FALSE,0.75
2015-13-7-16:31:50,63.8,131.2,2.044169,1.988636,TRUE,FALSE,0.75
2015-13-7-16:31:51,63.8,131.5,2.044169,2.000129,TRUE,FALSE,0.75
2015-13-7-16:31:53,63.8,131.5,2.032699,2.034608,TRUE,FALSE,0.75
2015-13-7-16:31:54,63.8,131.6,2.021229,2.08058,TRUE,FALSE,0.75
2015-13-7-16:31:56,63.8,131.6,2.032699,2.115059,TRUE,FALSE,0.75
2015-13-7-16:31:57,63.8,131.6,2.032699,2.115059,TRUE,FALSE,0.75
2015-13-7-16:31:59,63.8,131.6,2.021229,2.08058,TRUE,FALSE,0.75
2015-13-7-16:32:0,63.9,131.6,2.009759,2.057594,TRUE,FALSE,0.75
2015-13-7-16:32:1,63.9,131.6,2.009759,2.057594,TRUE,FALSE,0.75
2015-13-7-16:32:3,63.9,131.5,2.021229,2.092073,TRUE,FALSE,0.75
2015-13-7-16:32:4,63.9,131.5,2.021229,2.08058,TRUE,FALSE,0.75
2015-13-7-16:32:6,63.9,131.5,2.021229,2.069087,TRUE,FALSE,0.75
2015-13-7-16:32:7,63.9,131.3,2.009759,2.08058,TRUE,FALSE,0.75
2015-13-7-16:32:8,63.9,131.2,2.009759,2.092073,TRUE,FALSE,0.75
2015-13-7-16:32:10,63.9,131.1,2.044169,2.115059,TRUE,FALSE,0.75
2015-13-7-16:32:11,63.9,131.1,2.078579,2.126552,TRUE,FALSE,0.75
2015-13-7-16:32:13,63.9,131.1,2.101518,2.138045,TRUE,FALSE,0.75
2015-13-7-16:32:14,63.9,131.1,2.112988,2.138045,TRUE,FALSE,0.75
2015-13-7-16:32:15,63.9,131.1,2.135928,2.138045,TRUE,FALSE,0.75
2015-13-7-16:32:17,63.9,131.1,2.158868,2.161031,TRUE,FALSE,0.75
2015-13-7-16:32:18,63.9,131.1,2.181808,2.172524,TRUE,FALSE,0.75
2015-13-7-16:32:20,63.9,131.1,2.158868,2.172524,TRUE,FALSE,0.75
2015-13-7-16:32:21,63.9,131.1,2.158868,2.184017,TRUE,FALSE,0.75
2015-13-7-16:32:22,63.9,131.1,2.021229,2.172524,TRUE,FALSE,0.75
2015-13-7-16:32:24,63.9,131.1,1.92947,2.184017,TRUE,FALSE,0.75
2015-13-7-16:32:25,63.9,131.2,1.895061,2.184017,TRUE,FALSE,0.75
2015-13-7-16:32:27,63.9,131.2,1.918,2.172524,TRUE,FALSE,0.75
2015-13-7-16:32:28,63.9,131.2,2.032699,2.046101,TRUE,FALSE,0.75
2015-13-7-16:32:29,63.9,131.3,2.067109,1.908185,TRUE,FALSE,0.75
2015-13-7-16:32:31,63.8,131.4,2.021229,1.85072,TRUE,FALSE,0.75
2015-13-7-16:32:32,63.8,131.5,1.98682,1.896692,TRUE,FALSE,0.75
2015-13-7-16:32:34,63.8,131.5,1.97535,2.000129,TRUE,FALSE,0.75
2015-13-7-16:32:35,63.8,131.6,1.96388,2.023115,TRUE,FALSE,0.75
2015-13-7-16:32:36,63.8,131.7,1.96388,2.057594,TRUE,FALSE,0.75
2015-13-7-16:32:38,63.9,131.9,1.97535,2.057594,TRUE,FALSE,0.75
2015-13-7-16:32:39,63.9,132.1,2.032699,2.046101,TRUE,FALSE,0.75
2015-13-7-16:32:41,63.9,132.2,2.055639,2.034608,TRUE,FALSE,0.75
2015-13-7-16:32:42,63.9,132.5,2.055639,2.023115,TRUE,FALSE,0.75
2015-13-7-16:32:43,63.9,132.9,2.090049,2.023115,TRUE,FALSE,0.75
2015-13-7-16:32:45,63.9,133.1,2.193277,2.023115,TRUE,FALSE,0.75
2015-13-7-16:32:46,63.9,133.2,2.376796,2.023115,TRUE,FALSE,0.75
2015-13-7-16:32:48,63.9,133.4,2.480024,2.023115,TRUE,FALSE,0.75
2015-13-7-16:32:49,63.9,133.5,2.491494,2.034608,TRUE,FALSE,0.75
2015-13-7-16:32:50,63.9,133.6,2.480024,2.057594,TRUE,FALSE,0.75
2015-13-7-16:32:52,63.8,133.7,2.491494,2.057594,TRUE,FALSE,0.75
2015-13-7-16:32:53,63.8,133.9,2.480024,2.057594,TRUE,FALSE,0.75
2015-13-7-16:32:55,63.8,134.1,2.480024,2.057594,TRUE,FALSE,0.75
2015-13-7-16:32:56,63.8,134.3,2.480024,2.069087,TRUE,FALSE,0.75
2015-13-7-16:32:57,63.9,134.3,2.078579,1.988636,TRUE,FALSE,0.75
2015-13-7-16:32:59,63.9,134.3,1.96388,1.988636,TRUE,FALSE,0.75
2015-13-7-16:33:0,63.9,134.3,0.174578,0.230203,TRUE,FALSE,0.75
2015-13-7-16:33:2,63.9,134.3,0.014,0.000342,TRUE,FALSE,0.75
2015-13-7-16:33:3,63.9,134.4,0.014,0.000342,TRUE,FALSE,0.75
2015-13-7-16:33:4,63.9,134.4,0.014,0.000342,TRUE,FALSE,0.75
2015-13-7-16:33:6,63.9,134.5,0.014,0.000342,TRUE,FALSE,0.75
2015-13-7-16:33:7,63.9,134.7,0.014,0.000342,TRUE,FALSE,0.75
2015-13-7-16:33:9,63.9,134.7,0.014,0.000342,TRUE,FALSE,0.75
2015-13-7-16:33:10,63.9,134.8,0.014,0.000342,TRUE,FALSE,0.75
2015-13-7-16:33:11,63.8,134.9,0.014,0.000342,TRUE,FALSE,0.75
2015-13-7-16:33:13,63.8,134.9,0.014,0.000342,TRUE,FALSE,0.75
2015-13-7-16:33:14,63.8,134.9,0.014,0.000342,TRUE,FALSE,0.75
2015-13-7-16:33:16,63.8,134.9,0.014,0.000342,TRUE,FALSE,0.75
2015-13-7-16:33:17,63.8,135,0.014,0.000342,TRUE,FALSE,0.75
2015-13-7-16:33:18,63.8,135.1,0.014,0.000342,TRUE,FALSE,0.75
2015-13-7-16:33:20,63.8,135.1,0.014,0.000342,TRUE,FALSE,0.75
2015-13-7-16:33:21,63.7,135.2,0.014,0.000342,TRUE,FALSE,0.75
2015-13-7-16:33:23,63.7,135.1,0.014,0.000342,TRUE,FALSE,0.75
2015-13-7-16:33:24,63.7,135,0.014,0.000342,TRUE,FALSE,0.75
2015-13-7-16:33:25,63.7,135,0.014,0.000342,TRUE,FALSE,0.75
2015-13-7-16:33:27,63.8,134.9,0.014,0.000342,TRUE,FALSE,0.75
2015-13-7-16:33:28,63.8,134.8,0.014,0.000342,TRUE,FALSE,0.75
2015-13-7-16:33:30,63.8,134.6,0.014,0.000342,TRUE,FALSE,0.75
2015-13-7-16:33:31,63.8,134.6,0.014,0.000342,TRUE,FALSE,0.75
2015-13-7-16:33:32,63.8,134.5,0.014,0.000342,TRUE,FALSE,0.75
2015-13-7-16:33:34,63.8,134.5,0.014,0.000342,TRUE,FALSE,0.75
2015-13-7-16:33:35,63.9,134.4,0.014,0.000342,TRUE,FALSE,0.75
2015-13-7-16:33:37,63.9,134.3,0.014,0.000342,TRUE,FALSE,0.75
2015-13-7-16:33:38,63.9,134.4,0.014,0.000342,TRUE,FALSE,0.75
2015-13-7-16:33:40,63.9,134.5,0.014,0.000342,TRUE,FALSE,0.75
2015-13-7-16:33:41,63.9,134.5,0.014,0.000342,TRUE,FALSE,0.75
2015-13-7-16:33:42,63.9,134.3,1.287157,0.000342,TRUE,FALSE,0.75
2015-13-7-16:33:44,63.9,134.2,1.677133,0.000342,TRUE,FALSE,0.75
2015-13-7-16:33:45,63.9,134.1,1.596844,1.678324,TRUE,FALSE,0.75
2015-13-7-16:33:47,63.9,134.1,1.918,0.276175,TRUE,FALSE,0.75
2015-13-7-16:33:48,63.9,134.2,1.837711,1.425478,TRUE,FALSE,0.75
2015-13-7-16:33:49,63.9,134.2,1.791832,1.655338,TRUE,FALSE,0.75
2015-13-7-16:33:51,63.9,134.2,1.723012,1.574887,TRUE,FALSE,0.75
2015-13-7-16:33:52,63.9,134.2,1.745952,1.678324,TRUE,FALSE,0.75
2015-13-7-16:33:54,63.9,134.2,1.619783,1.758775,TRUE,FALSE,0.75
2015-13-7-16:33:55,63.9,134.2,1.424795,1.689817,TRUE,FALSE,0.75
2015-13-7-16:33:56,63.9,134.3,1.321566,1.643845,TRUE,FALSE,0.75
2015-13-7-16:33:58,63.9,134.2,1.528024,1.666831,TRUE,FALSE,0.75
2015-13-7-16:33:59,64,134.1,1.470675,1.609366,TRUE,FALSE,0.75
2015-13-7-16:34:1,64,134,1.298627,1.379506,TRUE,FALSE,0.75
2015-13-7-16:34:2,64,133.8,1.149518,1.276068,TRUE,FALSE,0.75
2015-13-7-16:34:3,64,133.7,1.080699,1.47145,TRUE,FALSE,0.75
2015-13-7-16:34:5,64,133.6,1.080699,1.390998,TRUE,FALSE,0.75
2015-13-7-16:34:6,64,133.7,1.390386,1.241589,TRUE,FALSE,0.75
2015-13-7-16:34:8,64,133.7,1.90653,1.126659,TRUE,FALSE,0.75
2015-13-7-16:34:9,64,133.9,1.872121,1.046208,TRUE,FALSE,0.75
2015-13-7-16:34:10,64,134,1.803301,1.103673,TRUE,FALSE,0.75
2015-13-7-16:34:12,64.1,134.1,1.619783,1.287561,TRUE,FALSE,0.75
2015-13-7-16:34:13,64.1,134.2,1.596844,2.000129,TRUE,FALSE,0.75
2015-13-7-16:34:15,64.1,134.3,1.608313,1.885199,TRUE,FALSE,0.75
2015-13-7-16:34:16,64.2,134.4,1.528024,1.758775,TRUE,FALSE,0.75
2015-13-7-16:34:17,64.2,134.4,1.447735,1.597873,TRUE,FALSE,0.75
2015-13-7-16:34:19,64.2,134.4,1.390386,1.574887,TRUE,FALSE,0.75
2015-13-7-16:34:20,64.2,134.4,1.344506,1.609366,TRUE,FALSE,0.75
2015-13-7-16:34:22,64.2,134.3,2.078579,1.551901,TRUE,FALSE,0.75
2015-13-7-16:34:23,64.2,134.4,2.204747,1.494436,TRUE,FALSE,0.75
2015-13-7-16:34:24,64.2,134.4,2.124458,1.448464,TRUE,FALSE,0.75
2015-13-7-16:34:26,64.3,134.5,2.090049,1.379506,TRUE,FALSE,0.75
2015-13-7-16:34:27,64.3,134.5,2.021229,2.034608,TRUE,FALSE,0.75
2015-13-7-16:34:29,64.3,134.5,1.98682,2.22999,TRUE,FALSE,0.75
2015-13-7-16:34:30,64.3,134.5,1.97535,2.172524,TRUE,FALSE,0.75
2015-13-7-16:34:31,64.3,134.6,1.998289,2.138045,TRUE,FALSE,0.75
2015-13-7-16:34:33,64.3,134.6,1.998289,2.092073,TRUE,FALSE,0.75
2015-13-7-16:34:34,64.3,134.5,1.98682,2.08058,TRUE,FALSE,0.75
2015-13-7-16:34:36,64.3,134.6,1.96388,2.057594,TRUE,FALSE,0.75
2015-13-7-16:34:37,64.3,134.6,1.849181,2.046101,TRUE,FALSE,0.75
2015-13-7-16:34:38,64.3,134.6,1.791832,2.034608,TRUE,FALSE,0.75
2015-13-7-16:34:40,64.3,134.6,1.608313,2.023115,TRUE,FALSE,0.75
2015-13-7-16:34:41,64.3,134.6,1.424795,2.000129,TRUE,FALSE,0.75
2015-13-7-16:34:43,64.3,134.6,1.413326,1.896692,TRUE,FALSE,0.75
2015-13-7-16:34:44,64.3,134.7,1.355976,1.827734,TRUE,FALSE,0.75
2015-13-7-16:34:45,64.3,134.7,1.539494,1.597873,TRUE,FALSE,0.75
2015-13-7-16:34:47,64.3,134.7,1.998289,1.459957,TRUE,FALSE,0.75
2015-13-7-16:34:48,64.3,134.6,2.067109,1.402492,TRUE,FALSE,0.75
2015-13-7-16:34:50,64.3,134.5,2.009759,1.390998,TRUE,FALSE,0.75
2015-13-7-16:34:51,64.3,134.6,2.090049,1.551901,TRUE,FALSE,0.75
2015-13-7-16:34:52,64.3,134.7,2.135928,2.000129,TRUE,FALSE,0.75
2015-13-7-16:34:54,64.3,134.8,2.101518,2.069087,TRUE,FALSE,0.75
2015-13-7-16:34:55,64.3,134.8,2.067109,2.023115,TRUE,FALSE,0.75
2015-13-7-16:34:57,64.3,135,2.067109,2.138045,TRUE,FALSE,0.75
2015-13-7-16:34:58,64.4,135,2.078579,2.149539,TRUE,FALSE,0.75
2015-13-7-16:34:59,64.4,135.1,2.124458,2.149539,TRUE,FALSE,0.75
2015-13-7-16:35:1,64.4,135,2.101518,2.126552,TRUE,FALSE,0.75
2015-13-7-16:35:2,64.4,134.9,2.044169,2.115059,TRUE,FALSE,0.75
2015-13-7-16:35:4,64.4,134.8,1.998289,2.115059,TRUE,FALSE,0.75
2015-13-7-16:35:5,64.4,134.8,2.021229,2.149539,TRUE,FALSE,0.75
2015-13-7-16:35:7,64.4,134.7,2.032699,2.126552,TRUE,FALSE,0.75
2015-13-7-16:35:8,64.4,134.6,2.032699,2.046101,TRUE,FALSE,0.75
2015-13-7-16:35:9,64.4,134.5,2.009759,1.977143,TRUE,FALSE,0.75
2015-13-7-16:35:11,64.3,134.5,2.032699,1.96565,TRUE,FALSE,0.75
2015-13-7-16:35:12,64.3,134.5,2.055639,1.96565,TRUE,FALSE,0.75
2015-13-7-16:35:14,64.3,134.4,2.044169,1.988636,TRUE,FALSE,0.75
2015-13-7-16:35:15,64.3,134.4,2.055639,1.96565,TRUE,FALSE,0.75
2015-13-7-16:35:16,64.3,134.4,2.101518,1.988636,TRUE,FALSE,0.75
2015-13-7-16:35:18,64.3,134.3,2.090049,2.023115,TRUE,FALSE,0.75
2015-13-7-16:35:19,64.3,134.4,1.998289,2.000129,TRUE,FALSE,0.75
2015-13-7-16:35:21,64.3,134.5,1.97535,2.000129,TRUE,FALSE,0.75
2015-13-7-16:35:22,64.3,134.5,1.92947,2.057594,TRUE,FALSE,0.75
2015-13-7-16:35:23,64.4,134.5,1.918,2.057594,TRUE,FALSE,0.75
2015-13-7-16:35:25,64.4,134.5,1.97535,2.011622,TRUE,FALSE,0.75
2015-13-7-16:35:26,64.4,134.5,1.998289,1.942664,TRUE,FALSE,0.75
2015-13-7-16:35:28,64.4,134.4,1.97535,1.885199,TRUE,FALSE,0.75
2015-13-7-16:35:29,64.5,134.4,1.98682,1.885199,TRUE,FALSE,0.75
2015-13-7-16:35:30,64.5,134.5,2.032699,1.931171,TRUE,FALSE,0.75
2015-13-7-16:35:32,64.5,134.7,2.078579,1.931171,TRUE,FALSE,0.75
2015-13-7-16:35:33,64.5,134.8,2.067109,1.942664,TRUE,FALSE,0.75
2015-13-7-16:35:35,64.5,134.8,2.078579,1.96565,TRUE,FALSE,0.75
2015-13-7-16:35:36,64.5,134.8,2.135928,2.011622,TRUE,FALSE,0.75
2015-13-7-16:35:37,64.5,134.7,2.193277,2.046101,TRUE,FALSE,0.75
2015-13-7-16:35:39,64.5,134.6,2.216217,2.057594,TRUE,FALSE,0.75
2015-13-7-16:35:40,64.5,134.5,2.204747,2.08058,TRUE,FALSE,0.75
2015-13-7-16:35:42,64.5,134.5,2.239157,2.149539,TRUE,FALSE,0.75
2015-13-7-16:35:43,64.5,134.6,2.239157,2.207004,TRUE,FALSE,0.75
2015-13-7-16:35:44,64.5,134.7,2.273566,2.207004,TRUE,FALSE,0.75
2015-13-7-16:35:46,64.6,134.7,2.296506,2.195511,TRUE,FALSE,0.75
2015-13-7-16:35:47,64.6,134.7,2.262097,2.207004,TRUE,FALSE,0.75
2015-13-7-16:35:49,64.6,134.7,2.216217,2.22999,TRUE,FALSE,0.75
2015-13-7-16:35:50,64.6,134.8,2.135928,2.22999,TRUE,FALSE,0.75
2015-13-7-16:35:51,64.6,134.8,2.009759,2.22999,TRUE,FALSE,0.75
2015-13-7-16:35:53,64.6,134.9,1.918,2.207004,TRUE,FALSE,0.75
2015-13-7-16:35:54,64.6,134.9,1.94094,2.149539,TRUE,FALSE,0.75
2015-13-7-16:35:56,64.6,134.9,1.97535,2.069087,TRUE,FALSE,0.75
2015-13-7-16:35:57,64.6,135,2.032699,1.954157,TRUE,FALSE,0.75
2015-13-7-16:35:58,64.6,135,2.090049,1.896692,TRUE,FALSE,0.75
2015-13-7-16:36:0,64.6,135,2.112988,1.908185,TRUE,FALSE,0.75
2015-13-7-16:36:1,64.6,135,2.124458,1.942664,TRUE,FALSE,0.75
2015-13-7-16:36:3,64.6,135.1,2.101518,2.000129,TRUE,FALSE,0.75
2015-13-7-16:36:4,64.6,135.1,2.090049,2.057594,TRUE,FALSE,1.45
2015-13-7-16:36:5,64.6,135.3,2.032699,2.08058,TRUE,FALSE,1.45
2015-13-7-16:36:7,64.6,135.3,1.98682,2.115059,TRUE,FALSE,1.45
2015-13-7-16:36:8,64.6,135.4,1.998289,2.138045,TRUE,FALSE,1.45
2015-13-7-16:36:10,64.6,135.4,1.96388,2.161031,TRUE,FALSE,1.45
2015-13-7-16:36:11,64.6,135.4,1.92947,2.115059,TRUE,FALSE,1.45
2015-13-7-16:36:12,64.7,135.3,1.95241,2.103566,TRUE,FALSE,1.45
2015-13-7-16:36:14,64.7,135.3,1.94094,2.092073,TRUE,FALSE,1.45
2015-13-7-16:36:15,64.7,135.4,1.895061,2.023115,TRUE,FALSE,1.45
2015-13-7-16:36:17,64.7,135.3,1.814771,2.057594,TRUE,FALSE,1.45
2015-13-7-16:36:18,64.8,135.3,1.757422,2.034608,TRUE,FALSE,1.45
2015-13-7-16:36:19,64.8,135.3,1.723012,2.034608,TRUE,FALSE,1.45
2015-13-7-16:36:21,64.8,135.3,1.654193,1.954157,TRUE,FALSE,1.45
2015-13-7-16:36:22,64.8,135.3,1.654193,1.873706,TRUE,FALSE,1.45
2015-13-7-16:36:24,64.9,135.3,1.665663,1.862213,TRUE,FALSE,1.45
2015-13-7-16:36:25,64.9,135.3,1.619783,1.770268,TRUE,FALSE,1.45
2015-13-7-16:36:26,64.9,135.3,1.711542,1.735789,TRUE,FALSE,1.45
2015-13-7-16:36:28,64.9,135.3,1.757422,1.770268,TRUE,FALSE,1.45
2015-13-7-16:36:29,64.9,135.3,1.723012,1.735789,TRUE,FALSE,1.45
2015-13-7-16:36:31,64.9,135.3,1.700073,1.747282,TRUE,FALSE,1.45
2015-13-7-16:36:32,64.9,135.2,1.677133,1.827734,TRUE,FALSE,1.45
2015-13-7-16:36:34,64.9,135,1.711542,1.816241,TRUE,FALSE,1.45
2015-13-7-16:36:35,64.9,134.7,1.688603,1.804748,TRUE,FALSE,1.45
2015-13-7-16:36:36,64.9,134.7,1.745952,1.816241,TRUE,FALSE,1.45
2015-13-7-16:36:38,65,134.7,1.860651,1.816241,TRUE,FALSE,1.45
2015-13-7-16:36:39,65,134.6,1.895061,1.827734,TRUE,FALSE,1.45
2015-13-7-16:36:41,64.9,134.4,1.849181,1.839227,TRUE,FALSE,1.45
2015-13-7-16:36:42,65,134.4,1.814771,1.931171,TRUE,FALSE,1.45
2015-13-7-16:36:43,65,134.2,1.780362,2.011622,TRUE,FALSE,1.45
2015-13-7-16:36:45,65,134.1,1.700073,1.977143,TRUE,FALSE,1.45
2015-13-7-16:36:46,64.9,133.9,1.585374,1.931171,TRUE,FALSE,1.45
2015-13-7-16:36:48,64.9,133.8,1.562434,1.896692,TRUE,FALSE,1.45
2015-13-7-16:36:49,64.9,133.8,1.585374,1.85072,TRUE,FALSE,1.45
2015-13-7-16:36:50,64.9,133.7,1.631253,1.735789,TRUE,FALSE,1.45
2015-13-7-16:36:52,64.9,133.7,1.665663,1.655338,TRUE,FALSE,1.45
2015-13-7-16:36:53,64.9,133.7,1.700073,1.678324,TRUE,FALSE,1.45
2015-13-7-16:36:55,64.9,133.7,1.677133,1.678324,TRUE,FALSE,1.45
2015-13-7-16:36:56,64.9,133.7,1.734482,1.689817,TRUE,FALSE,1.45
2015-13-7-16:36:57,64.9,133.5,1.608313,1.724296,TRUE,FALSE,1.45
2015-13-7-16:36:59,64.9,133.4,1.516554,1.747282,TRUE,FALSE,1.45
2015-13-7-16:37:0,64.9,133.4,1.573904,1.816241,TRUE,FALSE,1.45
2015-13-7-16:37:2,64.9,133.4,1.596844,1.724296,TRUE,FALSE,1.45
2015-13-7-16:37:3,64.9,133.5,1.608313,1.620859,TRUE,FALSE,1.45
2015-13-7-16:37:4,64.9,133.7,1.631253,1.632352,TRUE,FALSE,1.45
2015-13-7-16:37:6,64.8,133.7,1.734482,1.609366,TRUE,FALSE,1.45
2015-13-7-16:37:7,64.8,133.7,2.032699,1.632352,TRUE,FALSE,1.45
2015-13-7-16:37:9,64.8,133.7,1.791832,1.609366,TRUE,FALSE,1.45
2015-13-7-16:37:10,64.9,133.8,1.711542,1.643845,TRUE,FALSE,1.45
2015-13-7-16:37:11,64.9,133.8,1.665663,1.70131,TRUE,FALSE,1.45
2015-13-7-16:37:13,64.9,133.7,1.700073,1.735789,TRUE,FALSE,1.45
2015-13-7-16:37:14,64.9,133.6,1.700073,1.758775,TRUE,FALSE,1.45
2015-13-7-16:37:16,64.9,133.4,1.723012,1.712803,TRUE,FALSE,1.45
2015-13-7-16:37:17,64.9,133.3,1.745952,1.712803,TRUE,FALSE,1.45
2015-13-7-16:37:18,64.9,133.2,1.700073,1.758775,TRUE,FALSE,1.45
2015-13-7-16:37:20,64.9,133.2,1.585374,1.781762,TRUE,FALSE,1.45
2015-13-7-16:37:21,64.8,133.2,1.562434,1.816241,TRUE,FALSE,1.45
2015-13-7-16:37:23,64.8,133.1,1.608313,1.816241,TRUE,FALSE,1.45
2015-13-7-16:37:24,64.8,133.2,1.642723,1.70131,TRUE,FALSE,1.45
2015-13-7-16:37:25,64.8,133.2,1.677133,1.609366,TRUE,FALSE,1.45
2015-13-7-16:37:27,64.8,133.2,1.757422,1.597873,TRUE,FALSE,1.45
2015-13-7-16:37:28,64.8,133.3,1.723012,1.643845,TRUE,FALSE,1.45
2015-13-7-16:37:30,64.8,133.5,1.665663,1.666831,TRUE,FALSE,1.45
2015-13-7-16:37:31,64.8,133.6,1.688603,1.70131,TRUE,FALSE,1.45
2015-13-7-16:37:32,64.8,133.7,1.734482,1.804748,TRUE,FALSE,1.45
2015-13-7-16:37:34,64.8,133.7,1.734482,1.839227,TRUE,FALSE,1.45
2015-13-7-16:37:35,64.8,133.7,1.757422,1.758775,TRUE,FALSE,1.45
2015-13-7-16:37:37,64.9,133.8,1.814771,1.735789,TRUE,FALSE,1.45
2015-13-7-16:37:38,64.9,133.9,1.849181,1.758775,TRUE,FALSE,1.45
2015-13-7-16:37:39,64.9,134,1.849181,1.70131,TRUE,FALSE,1.45
2015-13-7-16:37:41,64.9,134,1.768892,1.735789,TRUE,FALSE,1.45
2015-13-7-16:37:42,64.9,134,1.745952,1.804748,TRUE,FALSE,1.45
2015-13-7-16:37:44,64.9,134.1,1.734482,1.839227,TRUE,FALSE,1.45
2015-13-7-16:37:45,65,134.1,1.677133,1.793254,TRUE,FALSE,1.45
2015-13-7-16:37:46,65,134.2,1.677133,1.735789,TRUE,FALSE,1.45
2015-13-7-16:37:48,65,134.2,1.700073,1.678324,TRUE,FALSE,1.45
2015-13-7-16:37:49,65,134.2,1.723012,1.70131,TRUE,FALSE,1.45
2015-13-7-16:37:51,65,134.2,1.711542,1.70131,TRUE,FALSE,1.45
2015-13-7-16:37:52,65,134.3,1.631253,1.70131,TRUE,FALSE,1.45
2015-13-7-16:37:53,65,134.2,1.482145,1.793254,TRUE,FALSE,1.45
2015-13-7-16:37:55,65,134.2,1.516554,1.758775,TRUE,FALSE,1.45
2015-13-7-16:37:56,65,134.2,1.550964,1.655338,TRUE,FALSE,1.45
2015-13-7-16:37:58,65,134.2,1.619783,1.528915,TRUE,FALSE,1.45
2015-13-7-16:37:59,65,134.3,1.631253,1.517422,TRUE,FALSE,1.45
2015-13-7-16:38:0,65,134.4,1.573904,1.574887,TRUE,FALSE,1.45
2015-13-7-16:38:2,64.9,134.7,1.654193,1.655338,TRUE,FALSE,1.45
2015-13-7-16:38:3,64.9,134.8,1.757422,1.735789,TRUE,FALSE,1.45
2015-13-7-16:38:5,64.9,135,1.711542,1.666831,TRUE,FALSE,1.45
2015-13-7-16:38:6,64.9,135.1,1.677133,1.632352,TRUE,FALSE,1.45
2015-13-7-16:38:8,64.9,135.2,1.619783,1.747282,TRUE,FALSE,1.45
2015-13-7-16:38:9,64.8,135.3,1.562434,1.758775,TRUE,FALSE,1.45
2015-13-7-16:38:10,64.8,135.3,1.516554,1.724296,TRUE,FALSE,1.45
2015-13-7-16:38:12,64.8,135.3,1.585374,1.712803,TRUE,FALSE,1.45
2015-13-7-16:38:13,64.8,135.4,1.608313,1.655338,TRUE,FALSE,1.45
2015-13-7-16:38:15,64.8,135.5,1.665663,1.58638,TRUE,FALSE,1.45
2015-13-7-16:38:16,64.8,135.6,1.723012,1.632352,TRUE,FALSE,1.45
2015-13-7-16:38:17,64.8,135.7,1.642723,1.666831,TRUE,FALSE,1.45
2015-13-7-16:38:19,64.8,135.6,1.642723,1.735789,TRUE,FALSE,1.45
2015-13-7-16:38:20,64.8,135.6,1.723012,1.816241,TRUE,FALSE,1.45
2015-13-7-16:38:22,64.8,135.5,1.814771,1.620859,TRUE,FALSE,1.45
2015-13-7-16:38:23,64.8,135.4,2.055639,1.632352,TRUE,FALSE,1.45
2015-13-7-16:38:24,64.8,135.3,1.918,1.632352,TRUE,FALSE,1.45
2015-13-7-16:38:26,64.8,135.2,1.528024,1.85072,TRUE,FALSE,1.45
2015-13-7-16:38:27,64.8,135,1.436265,2.057594,TRUE,FALSE,1.45
2015-13-7-16:38:29,64.8,134.9,1.539494,1.908185,TRUE,FALSE,1.45
2015-13-7-16:38:30,64.8,134.8,1.665663,1.666831,TRUE,FALSE,1.45
2015-13-7-16:38:31,64.8,134.8,1.745952,1.47145,TRUE,FALSE,1.45
2015-13-7-16:38:33,64.9,134.8,1.768892,1.482943,TRUE,FALSE,1.45
2015-13-7-16:38:34,64.9,134.8,1.768892,1.597873,TRUE,FALSE,1.45
2015-13-7-16:38:36,64.9,134.8,1.745952,1.689817,TRUE,FALSE,1.45
2015-13-7-16:38:37,64.9,134.9,1.723012,1.735789,TRUE,FALSE,1.45
2015-13-7-16:38:38,64.9,134.9,1.734482,1.735789,TRUE,FALSE,1.45
2015-13-7-16:38:40,64.9,135,1.677133,1.735789,TRUE,FALSE,1.45
2015-13-7-16:38:41,64.9,135,1.642723,1.758775,TRUE,FALSE,1.45
2015-13-7-16:38:43,64.9,135.1,1.585374,1.724296,TRUE,FALSE,1.45
2015-13-7-16:38:44,65,135.1,1.608313,1.70131,TRUE,FALSE,1.45
2015-13-7-16:38:45,65,135.1,1.677133,1.735789,TRUE,FALSE,1.25
2015-13-7-16:38:47,65,135.1,1.711542,1.666831,TRUE,FALSE,1.25
2015-13-7-16:38:48,65,135.1,1.745952,1.747282,TRUE,FALSE,1.25
2015-13-7-16:38:50,65,135,1.768892,1.70131,TRUE,FALSE,1.25
2015-13-7-16:38:51,65.1,135,1.745952,1.770268,TRUE,FALSE,1.25
2015-13-7-16:38:52,65.1,134.9,1.688603,1.793254,TRUE,FALSE,1.25
2015-13-7-16:38:54,65.2,134.8,1.700073,1.862213,TRUE,FALSE,1.25
2015-13-7-16:38:55,65.2,134.7,1.700073,1.862213,TRUE,FALSE,1.25
2015-13-7-16:38:57,65.2,134.7,1.596844,1.839227,TRUE,FALSE,1.25
2015-13-7-16:38:58,65.2,134.6,1.505085,1.770268,TRUE,FALSE,1.25
2015-13-7-16:38:59,65.2,134.5,1.608313,1.781762,TRUE,FALSE,1.25
2015-13-7-16:39:1,65.2,134.5,1.665663,1.747282,TRUE,FALSE,1.25
2015-13-7-16:39:2,65.2,134.4,1.585374,1.609366,TRUE,FALSE,1.25
2015-13-7-16:39:4,65.2,134.4,1.631253,1.58638,TRUE,FALSE,1.25
2015-13-7-16:39:5,65.2,134.5,1.700073,1.712803,TRUE,FALSE,1.25
2015-13-7-16:39:6,65.2,134.4,1.791832,1.689817,TRUE,FALSE,1.25
2015-13-7-16:39:8,65.2,134.3,1.803301,1.712803,TRUE,FALSE,1.25
2015-13-7-16:39:9,65.3,134.3,1.768892,1.724296,TRUE,FALSE,1.25
2015-13-7-16:39:11,65.3,134.3,1.757422,1.804748,TRUE,FALSE,1.25
2015-13-7-16:39:12,65.4,134.3,1.711542,1.839227,TRUE,FALSE,1.25
2015-13-7-16:39:13,65.4,134.3,1.665663,1.827734,TRUE,FALSE,1.25
2015-13-7-16:39:15,65.4,134.3,1.745952,1.793254,TRUE,FALSE,1.25
2015-13-7-16:39:16,65.5,134.3,1.780362,1.804748,TRUE,FALSE,1.25
2015-13-7-16:39:18,65.5,134.3,1.711542,1.758775,TRUE,FALSE,1.25
2015-13-7-16:39:19,65.5,134.4,1.711542,1.804748,TRUE,FALSE,1.25
2015-13-7-16:39:20,65.5,134.3,1.700073,1.85072,TRUE,FALSE,1.25
2015-13-7-16:39:22,65.5,134.3,1.711542,1.816241,TRUE,FALSE,1.25
2015-13-7-16:39:23,65.5,134.3,1.734482,1.839227,TRUE,FALSE,1.25
2015-13-7-16:39:25,65.6,134.2,1.757422,1.827734,TRUE,FALSE,1.25
2015-13-7-16:39:26,65.6,134.2,1.780362,1.793254,TRUE,FALSE,1.25
2015-13-7-16:39:27,65.6,134.2,1.768892,1.827734,TRUE,FALSE,1.25
2015-13-7-16:39:29,65.7,134.2,1.711542,1.839227,TRUE,FALSE,1.25
2015-13-7-16:39:30,65.7,134.3,1.677133,1.839227,TRUE,FALSE,1.25
2015-13-7-16:39:32,65.7,134.4,1.723012,1.816241,TRUE,FALSE,1.25
2015-13-7-16:39:33,65.7,134.4,1.768892,1.770268,TRUE,FALSE,1.25
2015-13-7-16:39:35,65.7,134.4,1.745952,1.70131,TRUE,FALSE,1.25
2015-13-7-16:39:36,65.7,134.4,1.745952,1.712803,TRUE,FALSE,1.25
2015-13-7-16:39:37,65.7,134.4,1.768892,1.747282,TRUE,FALSE,1.25
2015-13-7-16:39:39,65.7,134.4,1.826241,1.770268,TRUE,FALSE,1.25
2015-13-7-16:39:40,65.8,134.6,1.883591,1.781762,TRUE,FALSE,1.25
2015-13-7-16:39:42,65.8,134.7,1.94094,1.793254,TRUE,FALSE,1.25
2015-13-7-16:39:43,65.8,134.9,1.92947,1.827734,TRUE,FALSE,1.25
2015-13-7-16:39:44,65.8,134.9,1.90653,1.873706,TRUE,FALSE,1.25
2015-13-7-16:39:46,65.8,135,1.918,1.931171,TRUE,FALSE,1.25
2015-13-7-16:39:47,65.8,135.1,1.90653,1.96565,TRUE,FALSE,1.25
2015-13-7-16:39:49,65.8,135.1,1.895061,1.954157,TRUE,FALSE,1.25
2015-13-7-16:39:50,65.8,135.2,1.90653,1.96565,TRUE,FALSE,1.5
2015-13-7-16:39:51,65.8,135.3,1.94094,2.000129,TRUE,FALSE,1.5
2015-13-7-16:39:53,65.8,135.3,1.96388,1.988636,TRUE,FALSE,1.5
2015-13-7-16:39:54,65.8,135.3,1.96388,1.96565,TRUE,FALSE,1.5
2015-13-7-16:39:56,65.8,135.5,1.872121,1.96565,TRUE,FALSE,1.5
2015-13-7-16:39:57,65.8,135.6,1.814771,2.023115,TRUE,FALSE,1.5
2015-13-7-16:39:58,65.8,135.7,1.849181,2.046101,TRUE,FALSE,1.5
2015-13-7-16:40:0,65.8,135.8,1.872121,2.000129,TRUE,FALSE,1.5
2015-13-7-16:40:1,65.7,136,1.883591,1.896692,TRUE,FALSE,1.5
2015-13-7-16:40:3,65.7,136,1.883591,1.862213,TRUE,FALSE,1.5
2015-13-7-16:40:4,65.7,136,1.90653,1.827734,TRUE,FALSE,1.5
2015-13-7-16:40:5,65.7,135.8,1.94094,1.885199,TRUE,FALSE,1.5
2015-13-7-16:40:7,65.7,135.6,1.860651,1.873706,TRUE,FALSE,1.5
2015-13-7-16:40:8,65.7,135.6,1.791832,1.896692,TRUE,FALSE,1.5
2015-13-7-16:40:10,65.7,135.4,1.803301,1.954157,TRUE,FALSE,1.5
2015-13-7-16:40:11,65.7,135.3,1.837711,1.942664,TRUE,FALSE,1.5
2015-13-7-16:40:12,65.7,135.3,1.837711,1.896692,TRUE,FALSE,1.5
2015-13-7-16:40:14,65.7,135.2,1.803301,1.885199,TRUE,FALSE,1.5
2015-13-7-16:40:15,65.7,135.2,1.814771,1.839227,TRUE,FALSE,1.5
2015-13-7-16:40:17,65.7,135.1,1.837711,1.85072,TRUE,FALSE,1.5
2015-13-7-16:40:18,65.6,135,1.814771,1.816241,TRUE,FALSE,1.5
2015-13-7-16:40:19,65.7,135,1.791832,1.827734,TRUE,FALSE,1.5
2015-13-7-16:40:21,65.7,135.1,1.837711,1.873706,TRUE,FALSE,1.5
2015-13-7-16:40:22,65.7,135.1,1.92947,1.862213,TRUE,FALSE,1.5
2015-13-7-16:40:24,65.7,135.2,1.895061,1.839227,TRUE,FALSE,1.5
2015-13-7-16:40:25,65.7,135.2,1.803301,1.862213,TRUE,FALSE,1.5
2015-13-7-16:40:26,65.6,135.1,1.734482,1.919678,TRUE,FALSE,1.5
2015-13-7-16:40:28,65.7,135.1,1.734482,1.954157,TRUE,FALSE,1.5
2015-13-7-16:40:29,65.7,135.1,1.700073,1.896692,TRUE,FALSE,1.5
2015-13-7-16:40:31,65.7,135,1.723012,1.85072,TRUE,FALSE,1.5
2015-13-7-16:40:32,65.7,135,1.745952,1.804748,TRUE,FALSE,1.5
2015-13-7-16:40:33,65.7,135,1.803301,1.770268,TRUE,FALSE,1.5
2015-13-7-16:40:35,65.7,135,1.814771,1.781762,TRUE,FALSE,1.5
2015-13-7-16:40:36,65.8,135,1.791832,1.816241,TRUE,FALSE,1.5
2015-13-7-16:40:38,65.8,135,1.768892,1.839227,TRUE,FALSE,1.5
2015-13-7-16:40:39,65.8,135,1.768892,1.85072,TRUE,FALSE,1.5
2015-13-7-16:40:40,65.9,135,1.768892,1.85072,TRUE,FALSE,1.5
2015-13-7-16:40:42,65.9,135,1.734482,1.770268,TRUE,FALSE,1.5
2015-13-7-16:40:43,66,135,1.826241,1.804748,TRUE,FALSE,1.5
2015-13-7-16:40:45,66,135.1,1.872121,1.827734,TRUE,FALSE,1.5
2015-13-7-16:40:46,66,135.3,1.780362,1.85072,TRUE,FALSE,1.5
2015-13-7-16:40:47,66,135.6,1.803301,1.839227,TRUE,FALSE,1.5
2015-13-7-16:40:49,66,135.7,1.95241,1.885199,TRUE,FALSE,1.5
2015-13-7-16:40:50,66,135.6,1.98682,1.839227,TRUE,FALSE,1.5
2015-13-7-16:40:52,66,135.7,1.92947,1.85072,TRUE,FALSE,1.5
2015-13-7-16:40:53,66,135.9,1.92947,1.942664,TRUE,FALSE,1.5
2015-13-7-16:40:54,66,135.8,1.849181,2.046101,TRUE,FALSE,1.5
2015-13-7-16:40:56,66,135.8,1.768892,1.931171,TRUE,FALSE,1.5
2015-13-7-16:40:57,65.9,135.8,1.791832,1.942664,TRUE,FALSE,1.5
2015-13-7-16:40:59,65.9,135.8,1.803301,1.942664,TRUE,FALSE,1.5
2015-13-7-16:41:0,66,135.7,1.780362,1.873706,TRUE,FALSE,1.5
2015-13-7-16:41:2,66,135.6,1.700073,1.839227,TRUE,FALSE,1.5
2015-13-7-16:41:3,66,135.5,1.619783,1.827734,TRUE,FALSE,1.5
2015-13-7-16:41:4,66,135.4,1.631253,1.827734,TRUE,FALSE,1.5
2015-13-7-16:41:6,66,135.3,1.654193,1.758775,TRUE,FALSE,1.5
2015-13-7-16:41:7,66,135.2,1.619783,1.70131,TRUE,FALSE,1.5
2015-13-7-16:41:9,66,135.2,1.585374,1.655338,TRUE,FALSE,1.5
2015-13-7-16:41:10,66,135.1,1.550964,1.643845,TRUE,FALSE,1.5
2015-13-7-16:41:11,66,135,1.562434,1.632352,TRUE,FALSE,1.5
2015-13-7-16:41:13,66,135,1.573904,1.597873,TRUE,FALSE,1.5
2015-13-7-16:41:14,66.1,134.8,1.573904,1.620859,TRUE,FALSE,1.5
2015-13-7-16:41:16,66.1,134.7,1.585374,1.609366,TRUE,FALSE,1.5
2015-13-7-16:41:17,66.1,134.7,1.745952,1.551901,TRUE,FALSE,1.5
2015-13-7-16:41:18,66.2,134.7,1.768892,1.551901,TRUE,FALSE,1.5
2015-13-7-16:41:20,66.2,134.7,1.791832,1.563394,TRUE,FALSE,1.5
2015-13-7-16:41:21,66.3,134.6,1.723012,1.724296,TRUE,FALSE,1.5
2015-13-7-16:41:23,66.3,134.6,1.688603,1.781762,TRUE,FALSE,1.5
2015-13-7-16:41:24,66.3,134.6,1.688603,1.839227,TRUE,FALSE,1.5
2015-13-7-16:41:25,66.3,134.7,1.723012,1.839227,TRUE,FALSE,1.5
2015-13-7-16:41:27,66.4,134.7,1.757422,1.781762,TRUE,FALSE,1.5
2015-13-7-16:41:28,66.4,134.7,1.723012,1.770268,TRUE,FALSE,1.5
2015-13-7-16:41:30,66.4,134.7,1.734482,1.747282,TRUE,FALSE,1.5
2015-13-7-16:41:31,66.4,134.7,1.734482,1.758775,TRUE,FALSE,1.5
2015-13-7-16:41:32,66.4,134.7,1.700073,1.735789,TRUE,FALSE,1.5
2015-13-7-16:41:34,66.5,134.7,1.654193,1.712803,TRUE,FALSE,1.5
2015-13-7-16:41:35,66.5,134.7,1.711542,1.758775,TRUE,FALSE,1.5
2015-13-7-16:41:37,66.5,134.7,1.745952,1.724296,TRUE,FALSE,1.5
2015-13-7-16:41:38,66.5,134.6,1.734482,1.712803,TRUE,FALSE,1.5
2015-13-7-16:41:39,66.5,134.7,1.688603,1.758775,TRUE,FALSE,1.5
2015-13-7-16:41:41,66.5,134.7,1.745952,1.793254,TRUE,FALSE,1.5
2015-13-7-16:41:42,66.6,134.8,1.780362,1.816241,TRUE,FALSE,1.5
2015-13-7-16:41:44,66.6,134.9,1.757422,1.770268,TRUE,FALSE,1.5
2015-13-7-16:41:45,66.6,135.1,1.757422,1.735789,TRUE,FALSE,1.5
2015-13-7-16:41:46,66.6,135.2,1.803301,1.770268,TRUE,FALSE,1.5
2015-13-7-16:41:48,66.6,135.3,1.768892,1.758775,TRUE,FALSE,1.5
2015-13-7-16:41:49,66.6,135.3,1.768892,1.735789,TRUE,FALSE,1.5
2015-13-7-16:41:51,66.6,135.3,1.837711,1.770268,TRUE,FALSE,1.5
2015-13-7-16:41:52,66.6,135.4,1.814771,1.770268,TRUE,FALSE,1.5
2015-13-7-16:41:54,66.6,135.6,1.757422,1.793254,TRUE,FALSE,1.5
2015-13-7-16:41:55,66.6,135.7,1.780362,1.896692,TRUE,FALSE,1.5
2015-13-7-16:41:56,66.6,135.8,1.803301,1.896692,TRUE,FALSE,1.5
2015-13-7-16:41:58,66.6,135.9,1.780362,1.839227,TRUE,FALSE,1.5
2015-13-7-16:41:59,66.6,136,1.711542,1.793254,TRUE,FALSE,1.5
2015-13-7-16:42:1,66.6,136,1.768892,1.839227,TRUE,FALSE,1.5
2015-13-7-16:42:2,66.5,136,1.872121,1.827734,TRUE,FALSE,1.5
2015-13-7-16:42:3,66.5,136,1.98682,1.747282,TRUE,FALSE,1.5
2015-13-7-16:42:5,66.5,135.9,1.97535,1.712803,TRUE,FALSE,1.5
2015-13-7-16:42:6,66.5,135.8,1.94094,1.827734,TRUE,FALSE,1.5
2015-13-7-16:42:8,66.4,135.8,1.895061,2.011622,TRUE,FALSE,1.5
2015-13-7-16:42:9,66.4,135.7,1.837711,2.08058,TRUE,FALSE,1.5
2015-13-7-16:42:11,66.4,135.7,1.883591,2.092073,TRUE,FALSE,1.5
2015-13-7-16:42:12,66.3,135.6,1.90653,1.977143,TRUE,FALSE,1.5
2015-13-7-16:42:14,66.3,135.6,1.860651,1.896692,TRUE,FALSE,1.5
2015-13-7-16:42:15,66.3,135.7,1.90653,1.885199,TRUE,FALSE,1.5
