bq,formfutura,filastruder
1.73,1.65,1.92
1.73,1.65,1.90
1.72,1.65,1.88
1.72,1.67,1.86
1.73,1.68,1.87
1.73,1.68,1.91
1.75,1.68,1.92
1.75,1.69,1.94
1.73,1.68,1.96
1.75,1.69,1.99
1.75,1.7,2.01
1.75,1.69,2.01
1.75,1.68,1.90
1.75,1.69,1.73
1.75,1.69,1.52
1.75,1.68,1.30
1.75,1.68,1.18
1.75,1.68,1.13
1.75,1.7,1.14
1.75,1.67,1.15
1.75,1.68,1.15
1.73,1.68,1.14
1.75,1.68,1.10
1.75,1.68,1.26
1.73,1.67,1.65
1.75,1.67,1.81
1.75,1.69,1.71
1.75,1.69,1.37
1.75,1.69,1.03
1.75,1.68,1.01
1.75,1.68,1.14
1.75,1.68,1.62
1.76,1.69,1.86
1.76,1.7,1.93
1.76,1.71,1.86
1.77,1.7,1.56
1.76,1.69,1.60
1.77,1.69,1.62
1.76,1.7,1.59
1.76,1.71,1.79
1.77,1.69,1.67
1.77,1.68,1.63
1.77,1.68,1.51
1.77,1.67,1.56
1.77,1.7,1.70
1.77,1.7,1.77
1.77,1.71,1.79
1.77,1.71,1.77
1.77,1.69,1.75
1.77,1.7,1.70
1.77,1.69,1.68
1.76,1.7,1.64
1.76,1.7,1.59
1.76,1.71,1.51
1.77,1.71,1.47
1.77,1.69,1.45
1.77,1.68,1.44
1.77,1.68,1.44
1.79,1.69,1.42
1.76,1.68,1.44
1.77,1.69,1.49
1.75,1.68,1.51
1.75,1.68,1.52
1.8,1.67,1.48
1.77,1.68,1.49
1.77,1.69,1.52
1.78,1.7,1.52
1.78,1.7,1.55
1.79,1.71,1.56
1.78,1.68,1.57
1.78,1.68,1.62
1.78,1.64,1.63
1.78,1.67,1.61
1.78,1.67,1.59
1.78,1.69,1.53
1.78,1.71,1.54
1.78,1.69,1.54
1.77,1.7,1.53
1.77,1.69,1.54
1.77,1.69,1.51
1.77,1.67,1.55
1.77,1.67,1.63
1.77,1.65,1.70
1.72,1.67,1.76
1.76,1.68,1.85
1.77,1.7,1.94
1.77,1.68,1.94
1.77,1.7,1.98
1.77,1.69,1.93
1.77,1.7,1.84
1.77,1.69,1.81
1.77,1.68,1.88
1.77,1.68,1.88
1.77,1.68,1.92
1.77,1.68,2.08
1.76,1.68,2.14
1.77,1.69,2.10
1.77,1.69,2.01
1.76,1.69,1.91
1.77,1.69,1.83
1.77,1.69,1.75
1.77,1.69,1.69
1.77,1.68,1.67
1.77,1.7,1.70
1.77,1.7,1.73
1.77,1.7,1.78
1.77,1.7,1.87
1.78,1.7,1.91
1.78,1.7,1.91
1.77,1.73,1.87
1.78,1.73,1.86
1.76,1.73,1.88
1.76,1.73,1.92
1.76,1.73,1.91
1.77,1.72,1.90
1.76,1.72,1.91
1.76,1.7,1.88
1.76,1.68,1.87
1.77,1.67,1.92
1.76,1.7,1.94
1.77,1.7,1.99
1.76,1.69,2.03
1.76,1.69,2.09
1.76,1.67,2.08
1.77,1.68,2.01
1.77,1.68,1.98
1.77,1.71,2.00
1.77,1.7,1.99
1.77,1.71,1.93
1.77,1.7,1.88
1.76,1.69,1.85
1.76,1.69,1.84
1.75,1.68,1.80
1.76,1.67,1.83
1.75,1.68,1.85
1.75,1.7,1.86
1.75,1.7,1.87
1.73,1.69,1.88
1.73,1.68,1.86
1.75,1.67,1.85
1.75,1.67,1.79
1.73,1.68,1.68
1.73,1.67,1.56
1.73,1.69,1.41
1.72,1.68,1.47
1.72,1.69,1.68
1.72,1.68,1.87
1.71,1.68,1.88
1.72,1.69,1.90
1.7,1.64,1.90
1.7,1.67,1.90
1.72,1.69,1.90
1.72,1.68,1.88
1.73,1.71,1.90
1.73,1.7,1.92
1.73,1.7,1.94
1.73,1.69,1.94
1.73,1.69,1.95
1.73,1.69,1.95
1.73,1.68,1.93
1.73,1.68,1.93
1.73,1.67,1.95
1.77,1.65,1.90
1.78,1.65,1.88
1.78,1.67,1.87
1.77,1.67,1.80
1.78,1.68,1.64
1.77,1.68,1.64
1.78,1.68,1.95
1.78,1.69,1.92
1.78,1.7,1.92
1.77,1.7,1.90
1.78,1.7,1.87
1.77,1.71,1.80
1.77,1.71,1.79
1.77,1.71,1.76
1.77,1.71,1.77
1.78,1.72,1.79
1.78,1.73,1.80
1.78,1.7,1.80
1.78,1.73,1.83
1.77,1.72,1.79
1.78,1.73,1.84
1.77,1.73,1.87
1.78,1.72,1.88
1.78,1.72,1.87
1.77,1.72,1.88
1.78,1.71,1.88
1.77,1.71,1.87
1.78,1.69,1.84
1.78,1.7,1.83
1.77,1.72,1.83
1.77,1.71,1.85
1.78,1.73,1.85
1.77,1.83,1.87
1.77,1.72,1.92
1.77,1.73,1.92
1.77,1.71,1.99
1.77,1.71,2.01
1.77,1.71,2.03
1.77,1.73,2.01
1.77,2.12,1.98
1.77,1.73,1.95
1.76,1.71,1.93
1.76,1.71,1.93
1.77,1.69,1.92
1.77,1.69,1.98
1.76,1.69,1.99
1.76,1.7,1.96
1.76,1.71,1.93
1.77,1.69,1.93
1.76,1.7,1.92
1.77,1.69,1.92
1.75,1.69,1.96
1.75,1.67,2.00
1.76,1.67,2.01
1.77,1.65,2.01
1.76,1.65,2.02
1.76,1.65,1.99
1.77,1.67,1.96
1.77,1.65,1.93
1.77,1.67,1.87
1.76,1.65,1.86
1.77,1.67,1.84
1.77,1.68,1.86
1.77,1.69,1.90
1.76,1.7,1.90
1.76,2.48,1.91
1.77,1.81,1.87
1.77,1.69,1.85
1.76,1.69,1.84
1.75,1.69,1.80
1.75,1.7,1.77
1.75,1.7,1.85
1.75,1.69,1.85
1.75,1.68,1.83
1.75,1.68,1.75
1.67,1.69,1.67
1.76,1.69,1.62
1.76,1.7,1.59
1.76,1.71,1.57
1.75,1.7,1.55
1.76,1.7,1.52
1.76,1.69,1.51
1.76,1.7,1.51
1.75,1.7,1.51
1.75,1.7,1.53
1.75,1.71,1.51
1.75,1.71,1.51
1.75,1.72,1.51
1.75,1.69,1.52
1.75,1.73,1.54
1.73,1.72,1.55
1.75,1.72,1.57
1.75,1.73,1.60
1.75,1.72,1.62
1.75,1.73,1.64
1.73,1.72,1.68
1.73,1.76,1.70
1.73,1.75,1.72
1.73,1.76,1.71
1.73,1.75,1.68
1.73,1.75,1.63
1.73,1.76,1.59
1.73,1.75,1.60
1.73,1.75,1.64
1.73,1.76,1.48
1.75,1.75,1.40
1.75,1.75,1.34
1.75,1.75,1.30
1.76,1.72,1.24
1.76,1.73,1.36
1.77,1.73,1.65
1.76,1.73,1.70
1.76,1.73,1.68
1.76,1.72,1.64
1.77,1.7,1.65
1.77,1.73,1.62
1.77,1.72,1.62
1.77,1.71,1.59
1.77,1.71,1.57
1.77,1.72,1.60
1.76,1.71,1.57
1.76,1.71,1.60
1.76,1.71,1.61
1.77,1.72,1.61
1.77,1.73,1.62
1.77,1.73,1.64
1.78,1.72,1.73
1.77,1.73,1.85
1.77,1.71,1.91
