time,Tmp Husillo,Tmp Nozzle,Diametro X,Diametro Y,MARCHA,PARO,RPM EXTR,RPM TRAC
2015-8-12 9:5:0,66,150.5,1.700073,1.747282,TRUE,TRUE,0,1.9425
2015-8-12 9:5:2,66,150.6,1.700073,1.758775,TRUE,TRUE,0,1.9425
2015-8-12 9:5:4,66,150.8,1.700073,1.712803,TRUE,TRUE,0,1.4975
2015-8-12 9:5:5,66,151,1.654193,1.735789,TRUE,TRUE,0,1.4975
2015-8-12 9:5:7,66,151.1,1.608313,1.712803,TRUE,TRUE,0,1.4975
2015-8-12 9:5:8,66,151.3,1.654193,1.666831,TRUE,TRUE,0,1.4975
2015-8-12 9:5:10,66,151.4,1.780362,1.666831,TRUE,TRUE,0,1.4975
2015-8-12 9:5:12,66,151.5,1.90653,1.678324,TRUE,TRUE,0,1.4975
2015-8-12 9:5:13,66,151.7,1.94094,1.666831,TRUE,TRUE,0,2.3875
2015-8-12 9:5:15,66,151.8,1.94094,1.666831,TRUE,TRUE,0,2.3875
2015-8-12 9:5:16,66,151.9,1.97535,1.597873,TRUE,TRUE,0,3.5
2015-8-12 9:5:18,66,152,1.94094,1.712803,TRUE,TRUE,0,3.5
2015-8-12 9:5:20,66,152.1,1.90653,1.885199,TRUE,TRUE,0,3.5
2015-8-12 9:5:21,66,152.2,1.837711,1.931171,TRUE,TRUE,0,3.5
2015-8-12 9:5:23,66,152.3,1.711542,1.873706,TRUE,TRUE,0,2.61
2015-8-12 9:5:24,66,152.3,1.596844,1.885199,TRUE,TRUE,0,2.61
2015-8-12 9:5:26,66,152.4,1.895061,1.85072,TRUE,TRUE,0,1.72
2015-8-12 9:5:28,66,152.4,1.90653,1.816241,TRUE,TRUE,0,1.72
2015-8-12 9:5:29,66,152.5,1.918,1.770268,TRUE,TRUE,0,2.61
2015-8-12 9:5:31,66,152.5,1.918,1.678324,TRUE,TRUE,0,2.61
2015-8-12 9:5:32,66,152.5,1.94094,1.609366,TRUE,TRUE,0,3.5
2015-8-12 9:5:34,66,152.6,1.97535,1.873706,TRUE,TRUE,0,3.5
2015-8-12 9:5:36,66,152.6,2.009759,1.885199,TRUE,TRUE,0,3.5
2015-8-12 9:5:37,66,152.6,2.032699,1.931171,TRUE,TRUE,0,3.5
2015-8-12 9:5:39,66,152.6,1.98682,1.942664,TRUE,TRUE,0,3.5
2015-8-12 9:5:40,66,152.6,2.021229,2.000129,TRUE,TRUE,0,3.5
2015-8-12 9:5:42,66,152.5,2.009759,2.000129,TRUE,TRUE,0,3.5
2015-8-12 9:5:44,66,152.5,1.98682,2.023115,TRUE,TRUE,0,3.5
2015-8-12 9:5:45,66,152.4,1.96388,2.046101,TRUE,TRUE,0,3.5
2015-8-12 9:5:47,66,152.4,1.895061,2.057594,TRUE,TRUE,0,3.5
2015-8-12 9:5:48,66,152.4,1.860651,2.011622,TRUE,TRUE,0,3.5
2015-8-12 9:5:50,66,152.3,1.849181,1.977143,TRUE,TRUE,0,3.5
2015-8-12 9:5:52,66,152.3,1.791832,1.931171,TRUE,TRUE,0,2.61
2015-8-12 9:5:53,66,152.2,1.780362,1.908185,TRUE,TRUE,0,2.61
2015-8-12 9:5:55,66,152.1,1.757422,1.885199,TRUE,TRUE,0,2.165
2015-8-12 9:5:56,66.1,152.1,1.734482,1.873706,TRUE,TRUE,0,2.165
2015-8-12 9:5:58,66.1,152,1.723012,1.873706,TRUE,TRUE,0,1.72
2015-8-12 9:6:0,66.1,152,1.700073,1.839227,TRUE,TRUE,0,1.72
2015-8-12 9:6:1,66.1,151.9,1.654193,1.816241,TRUE,TRUE,0,1.4975
2015-8-12 9:6:3,66.1,151.9,1.677133,1.804748,TRUE,TRUE,0,1.4975
2015-8-12 9:6:4,66.1,151.8,1.768892,1.793254,TRUE,TRUE,0,1.4975
2015-8-12 9:6:6,66.1,151.8,1.608313,1.770268,TRUE,TRUE,0,1.4975
2015-8-12 9:6:8,66.1,151.7,1.539494,1.758775,TRUE,TRUE,0,1.9425
2015-8-12 9:6:9,66.1,151.7,1.505085,1.747282,TRUE,TRUE,0,1.9425
2015-8-12 9:6:11,66.1,151.6,1.493615,1.724296,TRUE,TRUE,0,1.4975
2015-8-12 9:6:12,66.1,151.6,1.482145,1.666831,TRUE,TRUE,0,1.4975
2015-8-12 9:6:14,66.1,151.6,1.482145,1.655338,TRUE,TRUE,0,1.4975
2015-8-12 9:6:16,66.1,151.5,1.516554,1.781762,TRUE,TRUE,0,1.4975
2015-8-12 9:6:17,66.1,151.5,1.539494,1.655338,TRUE,TRUE,0,1.4975
2015-8-12 9:6:19,66.1,151.5,1.585374,1.517422,TRUE,TRUE,0,1.4975
2015-8-12 9:6:20,66.1,151.5,1.642723,1.494436,TRUE,TRUE,0,1.4975
2015-8-12 9:6:22,66.1,151.4,1.723012,1.459957,TRUE,TRUE,0,1.4975
2015-8-12 9:6:24,66,151.5,1.791832,1.47145,TRUE,TRUE,0,2.3875
2015-8-12 9:6:25,66,151.5,1.860651,1.494436,TRUE,TRUE,0,2.3875
2015-8-12 9:6:27,66,151.5,1.883591,1.517422,TRUE,TRUE,0,3.2775
2015-8-12 9:6:28,66,151.5,1.918,1.563394,TRUE,TRUE,0,3.2775
2015-8-12 9:6:30,66,151.5,1.96388,1.678324,TRUE,TRUE,0,3.5
2015-8-12 9:6:32,66,151.6,1.97535,1.804748,TRUE,TRUE,0,3.5
2015-8-12 9:6:33,66,151.6,1.98682,1.873706,TRUE,TRUE,0,3.5
2015-8-12 9:6:35,66,151.6,1.98682,1.931171,TRUE,TRUE,0,3.5
2015-8-12 9:6:36,66,151.6,1.98682,1.977143,TRUE,TRUE,0,3.5
2015-8-12 9:6:38,66,151.7,1.94094,2.000129,TRUE,TRUE,0,3.5
2015-8-12 9:6:40,66,151.7,1.95241,2.023115,TRUE,TRUE,0,3.5
2015-8-12 9:6:41,66.1,151.7,1.918,2.011622,TRUE,TRUE,0,3.5
2015-8-12 9:6:43,66.1,151.7,1.872121,1.977143,TRUE,TRUE,0,3.5
2015-8-12 9:6:44,66.1,151.7,1.837711,1.96565,TRUE,TRUE,0,3.5
2015-8-12 9:6:46,66,151.7,1.883591,1.977143,TRUE,TRUE,0,2.61
2015-8-12 9:6:48,66,151.7,1.918,1.919678,TRUE,TRUE,0,2.61
2015-8-12 9:6:49,66,151.7,1.97535,1.873706,TRUE,TRUE,0,3.5
2015-8-12 9:6:51,66,151.7,2.032699,1.839227,TRUE,TRUE,0,3.5
2015-8-12 9:6:52,66,151.7,2.090049,1.885199,TRUE,TRUE,0,3.5
2015-8-12 9:6:54,66,151.7,2.147398,1.919678,TRUE,TRUE,0,3.5
2015-8-12 9:6:56,66,151.7,2.181808,1.96565,TRUE,TRUE,0,3.5
2015-8-12 9:6:57,66,151.7,2.170338,2.023115,TRUE,TRUE,0,3.5
2015-8-12 9:6:59,66,151.6,2.135928,2.115059,TRUE,TRUE,0,3.5
2015-8-12 9:7:0,66,151.6,2.090049,2.161031,TRUE,TRUE,0,3.5
2015-8-12 9:7:2,66,151.6,2.021229,2.172524,TRUE,TRUE,0,3.5
2015-8-12 9:7:4,66,151.5,1.97535,2.161031,TRUE,TRUE,0,3.5
2015-8-12 9:7:5,66,151.5,1.895061,2.092073,TRUE,TRUE,0,3.5
2015-8-12 9:7:7,66,151.5,1.849181,2.034608,TRUE,TRUE,0,3.5
2015-8-12 9:7:8,66,151.4,1.780362,1.96565,TRUE,TRUE,0,2.61
2015-8-12 9:7:10,66,151.3,1.780362,1.931171,TRUE,TRUE,0,2.61
2015-8-12 9:7:12,66,151.2,1.745952,1.908185,TRUE,TRUE,0,2.165
2015-8-12 9:7:13,66,151.2,1.711542,1.85072,TRUE,TRUE,0,2.165
2015-8-12 9:7:15,66,151.1,1.711542,1.816241,TRUE,TRUE,0,1.72
2015-8-12 9:7:16,66,151,1.700073,1.793254,TRUE,TRUE,0,1.72
2015-8-12 9:7:18,66,151,1.700073,1.781762,TRUE,TRUE,0,1.4975
2015-8-12 9:7:20,66,150.9,1.723012,1.770268,TRUE,TRUE,0,1.4975
2015-8-12 9:7:21,66,150.9,1.745952,1.735789,TRUE,TRUE,0,1.4975
2015-8-12 9:7:23,66,150.8,1.780362,1.724296,TRUE,TRUE,0,1.4975
2015-8-12 9:7:24,66,150.7,1.814771,1.712803,TRUE,TRUE,0,1.9425
2015-8-12 9:7:26,66,150.7,1.849181,1.712803,TRUE,TRUE,0,1.9425
2015-8-12 9:7:28,66,150.6,1.872121,1.70131,TRUE,TRUE,0,2.8325
2015-8-12 9:7:29,66,150.6,1.90653,1.735789,TRUE,TRUE,0,2.8325
2015-8-12 9:7:31,66,150.6,1.918,1.770268,TRUE,TRUE,0,3.5
2015-8-12 9:7:32,66,150.6,1.94094,1.827734,TRUE,TRUE,0,3.5
2015-8-12 9:7:34,66,150.6,1.94094,1.885199,TRUE,TRUE,0,3.5
2015-8-12 9:7:36,66,150.6,1.95241,1.908185,TRUE,TRUE,0,3.5
2015-8-12 9:7:37,66,150.6,1.96388,1.931171,TRUE,TRUE,0,3.5
2015-8-12 9:7:39,66,150.6,1.97535,1.942664,TRUE,TRUE,0,3.5
2015-8-12 9:7:40,66,150.6,1.98682,1.942664,TRUE,TRUE,0,3.5
2015-8-12 9:7:42,66,150.6,2.032699,1.954157,TRUE,TRUE,0,3.5
2015-8-12 9:7:44,66,150.6,2.090049,1.977143,TRUE,TRUE,0,3.5
2015-8-12 9:7:45,66,150.7,2.147398,1.988636,TRUE,TRUE,0,3.5
2015-8-12 9:7:47,66,150.7,2.227687,1.988636,TRUE,TRUE,0,3.5
2015-8-12 9:7:48,66,150.8,2.457085,2.034608,TRUE,TRUE,0,3.5
2015-8-12 9:7:50,66,150.8,2.285037,2.092073,TRUE,TRUE,0,3.5
2015-8-12 9:7:52,66,150.8,2.285037,2.195511,TRUE,TRUE,0,3.5
2015-8-12 9:7:53,66,150.9,2.296506,2.275962,TRUE,TRUE,0,3.5
2015-8-12 9:7:55,66,150.9,2.273566,2.252976,TRUE,TRUE,0,3.5
2015-8-12 9:7:56,66,150.9,2.227687,2.275962,TRUE,TRUE,0,3.5
2015-8-12 9:7:58,66,151,2.170338,2.264469,TRUE,TRUE,0,3.5
2015-8-12 9:8:0,66,151,2.124458,2.241483,TRUE,TRUE,0,3.5
2015-8-12 9:8:1,66,151,2.067109,2.218497,TRUE,TRUE,0,3.5
2015-8-12 9:8:3,66,151,2.055639,2.184017,TRUE,TRUE,0,3.5
2015-8-12 9:8:4,66,151,1.998289,2.149539,TRUE,TRUE,0,3.5
2015-8-12 9:8:6,66,151,1.998289,2.08058,TRUE,TRUE,0,3.5
2015-8-12 9:8:8,66,150.9,1.998289,2.08058,TRUE,TRUE,0,3.5
2015-8-12 9:8:9,66,150.9,2.021229,2.011622,TRUE,TRUE,0,3.5
2015-8-12 9:8:11,66,150.9,2.055639,2.000129,TRUE,TRUE,0,3.5
2015-8-12 9:8:12,66,150.9,2.101518,2.000129,TRUE,TRUE,0,3.5
2015-8-12 9:8:14,65.9,150.8,2.112988,2.000129,TRUE,TRUE,0,3.5
2015-8-12 9:8:16,66,150.8,2.067109,2.023115,TRUE,TRUE,0,3.5
2015-8-12 9:8:17,66,150.7,2.009759,2.046101,TRUE,TRUE,0,3.5
2015-8-12 9:8:19,66,150.6,1.95241,2.08058,TRUE,TRUE,0,3.5
2015-8-12 9:8:20,66,150.6,1.883591,2.057594,TRUE,TRUE,0,3.5
2015-8-12 9:8:22,66,150.5,1.814771,2.023115,TRUE,TRUE,0,3.5
2015-8-12 9:8:24,66,150.5,1.711542,1.96565,TRUE,TRUE,0,3.5
2015-8-12 9:8:25,65.9,150.4,1.688603,1.908185,TRUE,TRUE,0,3.055
2015-8-12 9:8:27,66,150.3,1.688603,1.839227,TRUE,TRUE,0,3.055
2015-8-12 9:8:28,66,150.3,1.688603,1.770268,TRUE,TRUE,0,2.165
2015-8-12 9:8:30,65.9,150.3,1.723012,1.712803,TRUE,TRUE,0,2.165
2015-8-12 9:8:32,65.9,150.2,1.723012,1.70131,TRUE,TRUE,0,3.055
2015-8-12 9:8:33,65.9,150.2,1.768892,1.712803,TRUE,TRUE,0,3.055
2015-8-12 9:8:35,65.9,150.1,1.837711,1.689817,TRUE,TRUE,0,3.5
2015-8-12 9:8:36,65.9,150.1,1.883591,1.735789,TRUE,TRUE,0,3.5
2015-8-12 9:8:38,65.9,150.1,1.92947,1.747282,TRUE,TRUE,0,3.5
2015-8-12 9:8:40,65.9,150,1.998289,1.804748,TRUE,TRUE,0,3.5
2015-8-12 9:8:41,65.9,150,2.044169,1.873706,TRUE,TRUE,0,3.5
2015-8-12 9:8:43,65.9,150,2.101518,1.919678,TRUE,TRUE,0,3.5
2015-8-12 9:8:44,65.9,150,2.170338,1.977143,TRUE,TRUE,0,3.5
2015-8-12 9:8:46,65.9,150,2.170338,2.034608,TRUE,TRUE,0,3.5
2015-8-12 9:8:48,65.9,150,2.124458,2.023115,TRUE,TRUE,0,3.5
2015-8-12 9:8:49,65.9,150,2.055639,1.931171,TRUE,TRUE,0,3.5
2015-8-12 9:8:51,65.9,150,1.998289,1.954157,TRUE,TRUE,0,3.5
2015-8-12 9:8:52,65.9,150,1.849181,1.96565,TRUE,TRUE,0,3.5
2015-8-12 9:8:54,65.9,150,1.734482,1.977143,TRUE,TRUE,0,3.5
2015-8-12 9:8:56,65.9,150.1,1.631253,1.977143,TRUE,TRUE,0,3.5
2015-8-12 9:8:57,65.9,150.1,1.562434,1.896692,TRUE,TRUE,0,3.055
2015-8-12 9:8:59,65.9,150.2,1.539494,1.804748,TRUE,TRUE,0,3.055
2015-8-12 9:9:0,65.9,150.2,1.562434,1.712803,TRUE,TRUE,0,1.4975
2015-8-12 9:9:2,65.9,150.3,1.596844,1.643845,TRUE,TRUE,0,1.4975
2015-8-12 9:9:4,65.9,150.3,1.585374,1.609366,TRUE,TRUE,0,1.4975
2015-8-12 9:9:5,65.9,150.3,1.665663,1.574887,TRUE,TRUE,0,1.4975
2015-8-12 9:9:7,65.9,150.4,1.677133,1.563394,TRUE,TRUE,0,2.3875
2015-8-12 9:9:8,65.9,150.5,1.734482,1.563394,TRUE,TRUE,0,2.3875
2015-8-12 9:9:10,65.9,150.6,1.745952,1.563394,TRUE,TRUE,0,3.2775
2015-8-12 9:9:12,65.9,150.7,1.768892,1.620859,TRUE,TRUE,0,3.2775
2015-8-12 9:9:13,65.9,150.8,1.745952,1.70131,TRUE,TRUE,0,3.5
2015-8-12 9:9:15,65.9,150.9,1.700073,1.770268,TRUE,TRUE,0,3.5
2015-8-12 9:9:16,65.9,151,1.665663,1.804748,TRUE,TRUE,0,3.055
2015-8-12 9:9:18,65.9,151.1,1.596844,1.770268,TRUE,TRUE,0,3.055
2015-8-12 9:9:20,65.9,151.2,1.619783,1.747282,TRUE,TRUE,0,2.165
2015-8-12 9:9:21,65.9,151.3,1.631253,1.712803,TRUE,TRUE,0,2.165
2015-8-12 9:9:23,65.9,151.4,1.619783,1.689817,TRUE,TRUE,0,1.4975
2015-8-12 9:9:24,65.8,151.4,1.596844,1.666831,TRUE,TRUE,0,1.4975
2015-8-12 9:9:26,65.8,151.5,1.573904,1.632352,TRUE,TRUE,0,1.4975
2015-8-12 9:9:28,65.8,151.6,1.573904,1.597873,TRUE,TRUE,0,1.4975
2015-8-12 9:9:29,65.8,151.6,1.573904,1.609366,TRUE,TRUE,0,1.4975
2015-8-12 9:9:31,65.8,151.7,1.573904,1.643845,TRUE,TRUE,0,1.4975
2015-8-12 9:9:32,65.8,151.7,1.528024,1.643845,TRUE,TRUE,0,1.4975
2015-8-12 9:9:34,65.8,151.7,1.528024,1.632352,TRUE,TRUE,0,1.4975
2015-8-12 9:9:36,65.9,151.7,1.550964,1.620859,TRUE,TRUE,0,1.4975
2015-8-12 9:9:37,65.9,151.8,1.562434,1.609366,TRUE,TRUE,0,1.4975
2015-8-12 9:9:39,65.9,151.8,1.562434,1.58638,TRUE,TRUE,0,1.4975
2015-8-12 9:9:40,65.9,151.8,1.528024,1.609366,TRUE,TRUE,0,1.4975
2015-8-12 9:9:42,65.9,151.7,1.505085,1.609366,TRUE,TRUE,0,1.4975
2015-8-12 9:9:44,65.9,151.7,1.539494,1.563394,TRUE,TRUE,0,1.4975
2015-8-12 9:9:45,66,151.8,1.505085,1.563394,TRUE,TRUE,0,1.4975
2015-8-12 9:9:47,66,151.7,1.459205,1.574887,TRUE,TRUE,0,1.4975
2015-8-12 9:9:48,66,151.7,1.447735,1.597873,TRUE,TRUE,0,1.4975
2015-8-12 9:9:50,66,151.7,1.459205,1.574887,TRUE,TRUE,0,1.4975
2015-8-12 9:9:52,66,151.6,1.505085,1.540408,TRUE,TRUE,0,1.4975
2015-8-12 9:9:53,66,151.6,1.539494,1.528915,TRUE,TRUE,0,1.4975
2015-8-12 9:9:55,66,151.5,1.585374,1.563394,TRUE,TRUE,0,1.4975
2015-8-12 9:9:56,66,151.5,1.619783,1.563394,TRUE,TRUE,0,1.4975
2015-8-12 9:9:58,66,151.4,1.642723,1.494436,TRUE,TRUE,0,1.4975
2015-8-12 9:10:0,66,151.4,1.665663,1.459957,TRUE,TRUE,0,1.4975
2015-8-12 9:10:1,66,151.3,1.677133,1.448464,TRUE,TRUE,0,2.3875
2015-8-12 9:10:3,66,151.3,1.711542,1.482943,TRUE,TRUE,0,2.3875
2015-8-12 9:10:4,66,151.3,1.757422,1.563394,TRUE,TRUE,0,3.2775
2015-8-12 9:10:6,66,151.2,1.780362,1.643845,TRUE,TRUE,0,3.2775
2015-8-12 9:10:8,66,151.2,1.780362,1.689817,TRUE,TRUE,0,3.5
2015-8-12 9:10:9,66,151.1,1.723012,1.747282,TRUE,TRUE,0,3.5
2015-8-12 9:10:11,66,151,1.677133,1.804748,TRUE,TRUE,0,3.5
2015-8-12 9:10:12,66,151,1.608313,1.816241,TRUE,TRUE,0,3.5
2015-8-12 9:10:14,66,151,1.493615,1.770268,TRUE,TRUE,0,2.61
2015-8-12 9:10:16,66,150.9,1.516554,1.747282,TRUE,TRUE,0,2.61
2015-8-12 9:10:17,66,150.9,1.482145,1.689817,TRUE,TRUE,0,1.4975
2015-8-12 9:10:19,66,150.8,1.378916,1.666831,TRUE,TRUE,0,1.4975
2015-8-12 9:10:20,66,150.8,1.321566,1.609366,TRUE,TRUE,0,1.4975
2015-8-12 9:10:22,66,150.8,1.310097,1.528915,TRUE,TRUE,0,1.4975
2015-8-12 9:10:24,66,150.8,1.310097,1.47145,TRUE,TRUE,0,1.4975
2015-8-12 9:10:25,66,150.8,1.298627,1.505929,TRUE,TRUE,0,1.4975
2015-8-12 9:10:27,66,150.8,1.298627,1.505929,TRUE,TRUE,0,1.4975
2015-8-12 9:10:28,66,150.9,1.298627,1.47145,TRUE,TRUE,0,1.4975
2015-8-12 9:10:30,66,150.9,1.321566,1.413985,TRUE,TRUE,0,1.4975
2015-8-12 9:10:32,66,150.9,1.298627,1.310547,TRUE,TRUE,0,1.4975
2015-8-12 9:10:33,66,150.9,1.310097,1.276068,TRUE,TRUE,0,1.4975
2015-8-12 9:10:35,66,150.9,1.310097,1.287561,TRUE,TRUE,0,1.4975
2015-8-12 9:10:36,66,151,1.333036,1.287561,TRUE,TRUE,0,1.4975
2015-8-12 9:10:38,66,151,1.367446,1.241589,TRUE,TRUE,0,1.4975
2015-8-12 9:10:40,66,151,1.436265,1.264575,TRUE,TRUE,0,1.4975
2015-8-12 9:10:41,66,151,1.470675,1.287561,TRUE,TRUE,0,1.4975
2015-8-12 9:10:43,66,151,1.470675,1.264575,TRUE,TRUE,0,1.4975
2015-8-12 9:10:44,66,151,1.505085,1.264575,TRUE,TRUE,0,1.4975
2015-8-12 9:10:46,66,151,1.539494,1.264575,TRUE,TRUE,0,1.4975
2015-8-12 9:10:48,66,151.1,1.539494,1.264575,TRUE,TRUE,0,1.4975
2015-8-12 9:10:49,66,151.1,1.528024,1.264575,TRUE,TRUE,0,1.4975
2015-8-12 9:10:51,66,151.1,1.528024,1.264575,TRUE,TRUE,0,1.4975
2015-8-12 9:10:52,66,151.1,1.528024,1.264575,TRUE,TRUE,0,1.4975
2015-8-12 9:10:54,66,151.1,1.528024,1.276068,TRUE,TRUE,0,1.4975
2015-8-12 9:10:56,66,151,1.550964,1.264575,TRUE,TRUE,0,1.4975
2015-8-12 9:10:57,66,151,1.550964,1.264575,TRUE,TRUE,0,1.4975
2015-8-12 9:10:59,66,151,1.550964,1.264575,TRUE,TRUE,0,1.4975
2015-8-12 9:11:0,66,151,1.573904,1.299054,TRUE,TRUE,0,1.4975
2015-8-12 9:11:2,66,151,1.631253,1.287561,TRUE,TRUE,0,1.4975
2015-8-12 9:11:4,66,151,1.700073,1.299054,TRUE,TRUE,0,1.4975
2015-8-12 9:11:5,66.1,150.9,1.757422,1.310547,TRUE,TRUE,0,2.3875
2015-8-12 9:11:7,66.1,150.9,1.768892,1.32204,TRUE,TRUE,0,2.3875
2015-8-12 9:11:8,66.1,150.8,1.768892,1.32204,TRUE,TRUE,0,2.8325
2015-8-12 9:11:10,66.1,150.8,1.814771,1.379506,TRUE,TRUE,0,2.8325
2015-8-12 9:11:12,66.1,150.7,1.883591,1.459957,TRUE,TRUE,0,3.2775
2015-8-12 9:11:13,66,150.7,1.98682,1.563394,TRUE,TRUE,0,3.2775
2015-8-12 9:11:15,66.1,150.6,2.009759,1.735789,TRUE,TRUE,0,3.5
2015-8-12 9:11:16,66.1,150.6,1.98682,1.862213,TRUE,TRUE,0,3.5
2015-8-12 9:11:18,66.1,150.5,1.849181,1.988636,TRUE,TRUE,0,3.5
2015-8-12 9:11:20,66.1,150.4,1.677133,2.057594,TRUE,TRUE,0,3.5
2015-8-12 9:11:21,66.1,150.3,1.516554,2.057594,TRUE,TRUE,0,2.61
2015-8-12 9:11:23,66.1,150.3,1.378916,2.011622,TRUE,TRUE,0,2.61
2015-8-12 9:11:24,66.1,150.2,1.264217,1.896692,TRUE,TRUE,0,1.4975
2015-8-12 9:11:26,66.1,150.1,1.252747,1.804748,TRUE,TRUE,0,1.4975
2015-8-12 9:11:28,66.1,150,1.344506,1.724296,TRUE,TRUE,0,1.4975
2015-8-12 9:11:29,66.1,150,1.378916,1.655338,TRUE,TRUE,0,1.4975
2015-8-12 9:11:31,66.1,150,1.424795,1.551901,TRUE,TRUE,0,1.4975
2015-8-12 9:11:32,66.1,149.9,1.459205,1.448464,TRUE,TRUE,0,1.4975
2015-8-12 9:11:34,66.1,149.9,1.516554,1.390998,TRUE,TRUE,0,1.4975
2015-8-12 9:11:36,66.1,149.9,1.619783,1.32204,TRUE,TRUE,0,1.4975
2015-8-12 9:11:37,66.1,149.9,1.803301,1.287561,TRUE,TRUE,0,1.4975
2015-8-12 9:11:39,66.1,149.9,2.021229,1.32204,TRUE,TRUE,0,1.4975
2015-8-12 9:11:40,66.1,149.9,2.124458,1.413985,TRUE,TRUE,0,2.3875
2015-8-12 9:11:42,66.1,150,2.147398,1.436971,TRUE,TRUE,0,2.3875
2015-8-12 9:11:44,66.1,150,2.124458,1.482943,TRUE,TRUE,0,3.5
2015-8-12 9:11:45,66.2,150,2.067109,1.643845,TRUE,TRUE,0,3.5
2015-8-12 9:11:47,66.1,150.1,1.895061,2.057594,TRUE,TRUE,0,3.5
2015-8-12 9:11:48,66.1,150.2,2.147398,2.195511,TRUE,TRUE,0,3.5
2015-8-12 9:11:50,66.1,150.3,2.170338,2.138045,TRUE,TRUE,0,3.5
2015-8-12 9:11:52,66.2,150.3,2.112988,2.023115,TRUE,TRUE,0,3.5
2015-8-12 9:11:53,66.1,150.5,2.067109,1.804748,TRUE,TRUE,0,3.5
2015-8-12 9:11:55,66.2,150.6,1.998289,2.184017,TRUE,TRUE,0,3.5
2015-8-12 9:11:56,66.1,150.7,1.883591,2.161031,TRUE,TRUE,0,3.5
2015-8-12 9:11:58,66.2,150.9,1.883591,2.092073,TRUE,TRUE,0,3.5
2015-8-12 9:12:0,66.1,151,1.837711,2.103566,TRUE,TRUE,0,2.61
2015-8-12 9:12:1,66.2,151.1,1.734482,2.023115,TRUE,TRUE,0,2.61
2015-8-12 9:12:3,66.1,151.2,1.642723,1.942664,TRUE,TRUE,0,2.165
2015-8-12 9:12:4,66.1,151.4,1.562434,1.919678,TRUE,TRUE,0,2.165
2015-8-12 9:12:6,66.1,151.5,1.470675,1.919678,TRUE,TRUE,0,1.4975
2015-8-12 9:12:8,66.2,151.6,1.367446,1.85072,TRUE,TRUE,0,1.4975
2015-8-12 9:12:9,66.2,151.7,1.252747,1.839227,TRUE,TRUE,0,1.4975
2015-8-12 9:12:11,66.2,151.8,1.138048,1.747282,TRUE,TRUE,0,1.4975
2015-8-12 9:12:12,66.2,151.9,1.057759,1.689817,TRUE,TRUE,0,1.4975
2015-8-12 9:12:14,66.2,152,1.02335,1.632352,TRUE,TRUE,0,1.4975
2015-8-12 9:12:16,66.2,152.1,1.401856,1.563394,TRUE,TRUE,0,1.4975
2015-8-12 9:12:17,66.2,152.1,1.895061,1.505929,TRUE,TRUE,0,1.4975
2015-8-12 9:12:19,66.2,152.3,1.90653,1.390998,TRUE,TRUE,0,1.4975
2015-8-12 9:12:20,66.2,152.3,1.895061,1.310547,TRUE,TRUE,0,1.4975
2015-8-12 9:12:22,66.2,152.3,1.860651,1.195617,TRUE,TRUE,0,3.5
2015-8-12 9:12:24,66.2,152.4,1.814771,1.080687,TRUE,TRUE,0,3.5
2015-8-12 9:12:25,66.2,152.4,1.745952,1.149645,TRUE,TRUE,0,2.61
2015-8-12 9:12:27,66.2,152.4,1.837711,1.896692,TRUE,TRUE,0,2.61
2015-8-12 9:12:28,66.2,152.4,1.895061,1.919678,TRUE,TRUE,0,2.165
2015-8-12 9:12:30,66.2,152.4,1.97535,1.873706,TRUE,TRUE,0,2.165
2015-8-12 9:12:32,66.2,152.4,1.95241,1.804748,TRUE,TRUE,0,3.5
2015-8-12 9:12:33,66.2,152.4,2.009759,1.816241,TRUE,TRUE,0,3.5
2015-8-12 9:12:35,66.2,152.4,2.112988,1.919678,TRUE,TRUE,0,3.5
2015-8-12 9:12:36,66.2,152.4,2.112988,2.011622,TRUE,TRUE,0,3.5
2015-8-12 9:12:38,66.2,152.4,2.101518,2.023115,TRUE,TRUE,0,3.5
2015-8-12 9:12:40,66.2,152.3,2.090049,2.046101,TRUE,TRUE,0,3.5
2015-8-12 9:12:41,66.2,152.3,2.067109,2.126552,TRUE,TRUE,0,3.5
2015-8-12 9:12:43,66.2,152.2,2.067109,2.172524,TRUE,TRUE,0,3.5
2015-8-12 9:12:44,66.2,152.1,2.181808,2.184017,TRUE,TRUE,0,3.5
2015-8-12 9:12:46,66.2,152.1,2.330916,2.161031,TRUE,TRUE,0,3.5
2015-8-12 9:12:48,66.2,152,2.434145,2.092073,TRUE,TRUE,0,3.5
2015-8-12 9:12:49,66.2,152,2.388265,2.069087,TRUE,TRUE,0,3.5
2015-8-12 9:12:51,66.2,151.9,2.227687,2.298948,TRUE,TRUE,0,3.5
2015-8-12 9:12:52,66.2,151.9,2.101518,2.436864,TRUE,TRUE,0,3.5
2015-8-12 9:12:54,66.2,151.8,1.98682,2.448357,TRUE,TRUE,0,3.5
2015-8-12 9:12:56,66.2,151.7,1.849181,2.367906,TRUE,TRUE,0,3.5
2015-8-12 9:12:57,66.2,151.7,1.677133,2.092073,TRUE,TRUE,0,3.5
2015-8-12 9:12:59,66.2,151.6,1.872121,1.873706,TRUE,TRUE,0,3.5
2015-8-12 9:13:0,66.2,151.6,2.078579,1.747282,TRUE,TRUE,0,3.055
2015-8-12 9:13:2,66.2,151.5,2.193277,1.770268,TRUE,TRUE,0,3.055
2015-8-12 9:13:4,66.2,151.5,2.170338,1.885199,TRUE,TRUE,0,3.5
2015-8-12 9:13:5,66.2,151.5,2.112988,1.96565,TRUE,TRUE,0,3.5
2015-8-12 9:13:7,66.2,151.4,1.97535,2.161031,TRUE,TRUE,0,3.5
2015-8-12 9:13:8,66.2,151.4,1.757422,2.22999,TRUE,TRUE,0,3.5
2015-8-12 9:13:10,66.2,151.4,1.482145,2.172524,TRUE,TRUE,0,3.5
2015-8-12 9:13:12,66.2,151.4,1.275687,2.046101,TRUE,TRUE,0,3.5
2015-8-12 9:13:13,66.2,151.3,1.149518,1.839227,TRUE,TRUE,0,1.4975
2015-8-12 9:13:15,66.2,151.3,1.103639,1.70131,TRUE,TRUE,0,1.4975
2015-8-12 9:13:16,66.3,151.4,1.138048,1.574887,TRUE,TRUE,0,1.4975
2015-8-12 9:13:18,66.3,151.4,1.172458,1.459957,TRUE,TRUE,0,1.4975
2015-8-12 9:13:20,66.3,151.4,1.206868,1.356519,TRUE,TRUE,0,1.4975
2015-8-12 9:13:21,66.3,151.4,1.241277,1.276068,TRUE,TRUE,0,1.4975
2015-8-12 9:13:23,66.3,151.4,1.275687,1.218603,TRUE,TRUE,0,1.4975
2015-8-12 9:13:24,66.3,151.4,1.321566,1.161138,TRUE,TRUE,0,1.4975
2015-8-12 9:13:26,66.3,151.4,1.390386,1.103673,TRUE,TRUE,0,1.4975
2015-8-12 9:13:28,66.3,151.5,1.459205,1.126659,TRUE,TRUE,0,1.4975
2015-8-12 9:13:29,66.3,151.5,1.505085,1.161138,TRUE,TRUE,0,1.4975
2015-8-12 9:13:31,66.3,151.5,1.596844,1.195617,TRUE,TRUE,0,1.4975
2015-8-12 9:13:32,66.3,151.5,1.757422,1.218603,TRUE,TRUE,0,1.4975
2015-8-12 9:13:34,66.3,151.5,1.883591,1.230096,TRUE,TRUE,0,1.4975
2015-8-12 9:13:36,66.3,151.6,1.95241,1.264575,TRUE,TRUE,0,1.9425
2015-8-12 9:13:37,66.3,151.6,1.97535,1.345026,TRUE,TRUE,0,1.9425
2015-8-12 9:13:39,66.3,151.6,1.95241,1.425478,TRUE,TRUE,0,3.5
2015-8-12 9:13:40,66.3,151.6,1.92947,1.505929,TRUE,TRUE,0,3.5
2015-8-12 9:13:42,66.3,151.6,1.872121,1.816241,TRUE,TRUE,0,3.5
2015-8-12 9:13:44,66.3,151.6,1.849181,1.954157,TRUE,TRUE,0,3.5
2015-8-12 9:13:45,66.3,151.6,1.96388,1.931171,TRUE,TRUE,0,2.61
2015-8-12 9:13:47,66.3,151.6,1.803301,1.885199,TRUE,TRUE,0,2.61
2015-8-12 9:13:48,66.3,151.6,1.665663,1.804748,TRUE,TRUE,0,3.5
2015-8-12 9:13:50,66.3,151.6,1.505085,1.839227,TRUE,TRUE,0,3.5
2015-8-12 9:13:52,66.3,151.5,1.482145,1.954157,TRUE,TRUE,0,2.61
2015-8-12 9:13:53,66.3,151.5,1.596844,1.770268,TRUE,TRUE,0,2.61
2015-8-12 9:13:55,66.3,151.5,1.723012,1.666831,TRUE,TRUE,0,1.4975
2015-8-12 9:13:56,66.3,151.5,1.768892,1.58638,TRUE,TRUE,0,1.4975
2015-8-12 9:13:58,66.3,151.4,1.757422,1.528915,TRUE,TRUE,0,1.9425
2015-8-12 9:14:0,66.3,151.3,1.768892,1.528915,TRUE,TRUE,0,1.9425
2015-8-12 9:14:1,66.3,151.3,1.745952,1.482943,TRUE,TRUE,0,2.3875
2015-8-12 9:14:3,66.3,151.2,1.734482,1.574887,TRUE,TRUE,0,2.3875
2015-8-12 9:14:4,66.3,151.2,1.688603,1.678324,TRUE,TRUE,0,1.9425
2015-8-12 9:14:6,66.3,151,1.688603,1.70131,TRUE,TRUE,0,1.9425
2015-8-12 9:14:8,66.3,151,1.723012,1.735789,TRUE,TRUE,0,1.4975
2015-8-12 9:14:9,66.3,150.9,1.723012,1.712803,TRUE,TRUE,0,1.4975
2015-8-12 9:14:11,66.3,150.9,1.700073,1.689817,TRUE,TRUE,0,1.9425
2015-8-12 9:14:12,66.3,150.9,1.665663,1.70131,TRUE,TRUE,0,1.9425
2015-8-12 9:14:14,66.3,150.8,1.665663,1.632352,TRUE,TRUE,0,1.4975
2015-8-12 9:14:16,66.3,150.8,1.482145,1.632352,TRUE,TRUE,0,1.4975
2015-8-12 9:14:17,66.3,150.7,1.390386,1.655338,TRUE,TRUE,0,1.4975
2015-8-12 9:14:19,66.3,150.7,1.390386,1.689817,TRUE,TRUE,0,1.4975
2015-8-12 9:14:20,66.3,150.7,1.390386,1.678324,TRUE,TRUE,0,1.4975
2015-8-12 9:14:22,66.3,150.6,1.390386,1.655338,TRUE,TRUE,0,1.4975
2015-8-12 9:14:24,66.3,150.6,1.355976,1.655338,TRUE,TRUE,0,1.4975
2015-8-12 9:14:25,66.3,150.6,1.355976,1.632352,TRUE,TRUE,0,1.4975
2015-8-12 9:14:27,66.3,150.6,1.333036,1.517422,TRUE,TRUE,0,1.4975
2015-8-12 9:14:28,66.3,150.7,1.333036,1.402492,TRUE,TRUE,0,1.4975
2015-8-12 9:14:30,66.3,150.7,1.344506,1.379506,TRUE,TRUE,0,1.4975
2015-8-12 9:14:32,66.3,150.7,1.310097,1.379506,TRUE,TRUE,0,1.4975
2015-8-12 9:14:33,66.3,150.7,1.275687,1.379506,TRUE,TRUE,0,1.4975
2015-8-12 9:14:35,66.3,150.8,1.241277,1.368012,TRUE,TRUE,0,1.4975
2015-8-12 9:14:36,66.3,150.8,1.229807,1.368012,TRUE,TRUE,0,1.4975
2015-8-12 9:14:38,66.3,150.9,1.229807,1.345026,TRUE,TRUE,0,1.4975
2015-8-12 9:14:40,66.3,150.9,1.218338,1.345026,TRUE,TRUE,0,1.4975
2015-8-12 9:14:41,66.4,151,1.206868,1.356519,TRUE,TRUE,0,1.4975
2015-8-12 9:14:43,66.3,151,1.218338,1.333533,TRUE,TRUE,0,1.4975
2015-8-12 9:14:44,66.3,151,1.218338,1.310547,TRUE,TRUE,0,1.4975
2015-8-12 9:14:46,66.4,151,1.229807,1.299054,TRUE,TRUE,0,1.4975
2015-8-12 9:14:48,66.3,151,1.229807,1.276068,TRUE,TRUE,0,1.4975
2015-8-12 9:14:49,66.3,151.1,1.241277,1.264575,TRUE,TRUE,0,1.4975
2015-8-12 9:14:51,66.3,151.1,1.218338,1.276068,TRUE,TRUE,0,1.4975
2015-8-12 9:14:52,66.3,151.1,1.206868,1.264575,TRUE,TRUE,0,1.4975
2015-8-12 9:14:54,66.4,151.1,1.401856,1.264575,TRUE,TRUE,0,1.4975
2015-8-12 9:14:56,66.3,151.2,1.596844,1.276068,TRUE,TRUE,0,1.4975
2015-8-12 9:14:57,66.3,151.1,1.654193,1.276068,TRUE,TRUE,0,1.4975
2015-8-12 9:14:59,66.3,151.1,1.688603,1.287561,TRUE,TRUE,0,2.3875
2015-8-12 9:15:0,66.3,151.1,1.619783,1.276068,TRUE,TRUE,0,2.3875
2015-8-12 9:15:2,66.4,151.1,1.528024,1.264575,TRUE,TRUE,0,3.2775
2015-8-12 9:15:4,66.3,151,1.470675,1.609366,TRUE,TRUE,0,3.2775
2015-8-12 9:15:5,66.3,151,1.436265,1.70131,TRUE,TRUE,0,1.4975
2015-8-12 9:15:7,66.3,151,1.401856,1.666831,TRUE,TRUE,0,1.4975
2015-8-12 9:15:8,66.3,150.9,1.413326,1.597873,TRUE,TRUE,0,1.4975
2015-8-12 9:15:10,66.3,150.8,1.459205,1.551901,TRUE,TRUE,0,1.4975
2015-8-12 9:15:12,66.3,150.8,1.493615,1.482943,TRUE,TRUE,0,1.4975
2015-8-12 9:15:13,66.3,150.7,1.539494,1.448464,TRUE,TRUE,0,1.4975
2015-8-12 9:15:15,66.3,150.7,1.654193,1.413985,TRUE,TRUE,0,1.4975
2015-8-12 9:15:16,66.3,150.6,1.837711,1.402492,TRUE,TRUE,0,1.4975
2015-8-12 9:15:18,66.3,150.5,1.95241,1.425478,TRUE,TRUE,0,1.9425
2015-8-12 9:15:20,66.4,150.4,1.95241,1.390998,TRUE,TRUE,0,1.9425
2015-8-12 9:15:21,66.3,150.4,1.92947,1.425478,TRUE,TRUE,0,3.5
2015-8-12 9:15:23,66.4,150.3,1.92947,1.47145,TRUE,TRUE,0,3.5
2015-8-12 9:15:24,66.4,150.3,1.96388,1.678324,TRUE,TRUE,0,3.5
2015-8-12 9:15:26,66.3,150.2,1.998289,1.908185,TRUE,TRUE,0,3.5
2015-8-12 9:15:28,66.3,150.1,1.94094,1.896692,TRUE,TRUE,0,3.5
2015-8-12 9:15:29,66.3,150.1,1.849181,1.896692,TRUE,TRUE,0,3.5
2015-8-12 9:15:31,66.4,150.1,1.711542,1.954157,TRUE,TRUE,0,3.5
2015-8-12 9:15:32,66.3,150.1,1.562434,1.96565,TRUE,TRUE,0,3.5
2015-8-12 9:15:34,66.3,150,1.413326,1.908185,TRUE,TRUE,0,2.61
2015-8-12 9:15:36,66.4,150.1,1.378916,1.804748,TRUE,TRUE,0,2.61
2015-8-12 9:15:37,66.4,150,1.275687,1.678324,TRUE,TRUE,0,1.4975
2015-8-12 9:15:39,66.4,150,1.275687,1.597873,TRUE,TRUE,0,1.4975
2015-8-12 9:15:40,66.3,150.1,1.333036,1.505929,TRUE,TRUE,0,1.4975
2015-8-12 9:15:42,66.3,150.1,1.367446,1.425478,TRUE,TRUE,0,1.4975
2015-8-12 9:15:44,66.3,150.1,1.401856,1.413985,TRUE,TRUE,0,1.4975
2015-8-12 9:15:45,66.4,150.2,1.436265,1.402492,TRUE,TRUE,0,1.4975
2015-8-12 9:15:47,66.4,150.2,1.447735,1.333533,TRUE,TRUE,0,1.4975
2015-8-12 9:15:48,66.4,150.3,1.447735,1.276068,TRUE,TRUE,0,1.4975
2015-8-12 9:15:50,66.4,150.3,1.459205,1.253082,TRUE,TRUE,0,1.4975
2015-8-12 9:15:52,66.4,150.3,1.470675,1.310547,TRUE,TRUE,0,1.4975
2015-8-12 9:15:53,66.4,150.4,1.608313,1.356519,TRUE,TRUE,0,1.4975
2015-8-12 9:15:55,66.5,150.5,1.734482,1.390998,TRUE,TRUE,0,1.4975
2015-8-12 9:15:56,66.5,150.6,1.837711,1.413985,TRUE,TRUE,0,2.3875
2015-8-12 9:15:58,66.4,150.6,1.90653,1.425478,TRUE,TRUE,0,2.3875
2015-8-12 9:16:0,66.4,150.7,2.009759,1.459957,TRUE,TRUE,0,3.2775
2015-8-12 9:16:1,66.4,150.8,2.021229,1.505929,TRUE,TRUE,0,3.2775
2015-8-12 9:16:3,66.4,150.9,2.055639,1.724296,TRUE,TRUE,0,3.5
2015-8-12 9:16:4,66.3,151,2.101518,1.931171,TRUE,TRUE,0,3.5
2015-8-12 9:16:6,66.3,151,2.078579,2.046101,TRUE,TRUE,0,3.5
2015-8-12 9:16:8,66.3,151,2.032699,2.034608,TRUE,TRUE,0,3.5
2015-8-12 9:16:9,66.3,151.1,1.95241,2.092073,TRUE,TRUE,0,3.5
2015-8-12 9:16:11,66.3,151.1,1.95241,2.103566,TRUE,TRUE,0,3.5
2015-8-12 9:16:12,66.3,151.2,1.98682,2.115059,TRUE,TRUE,0,3.5
2015-8-12 9:16:14,66.3,151.2,2.044169,2.046101,TRUE,TRUE,0,3.5
2015-8-12 9:16:16,66.3,151.2,2.055639,2.000129,TRUE,TRUE,0,3.5
2015-8-12 9:16:17,66.3,151.2,2.044169,2.000129,TRUE,TRUE,0,3.5
2015-8-12 9:16:19,66.3,151.2,2.067109,1.96565,TRUE,TRUE,0,3.5
2015-8-12 9:16:20,66.3,151.2,2.147398,1.977143,TRUE,TRUE,0,3.5
2015-8-12 9:16:22,66.3,151.2,2.250627,2.034608,TRUE,TRUE,0,3.5
2015-8-12 9:16:24,66.4,151.2,2.216217,2.069087,TRUE,TRUE,0,3.5
2015-8-12 9:16:25,66.4,151.2,2.078579,2.149539,TRUE,TRUE,0,3.5
2015-8-12 9:16:27,66.3,151.1,2.078579,2.241483,TRUE,TRUE,0,3.5
2015-8-12 9:16:28,66.3,151.1,1.998289,2.22999,TRUE,TRUE,0,3.5
2015-8-12 9:16:30,66.3,151,1.872121,2.115059,TRUE,TRUE,0,3.5
2015-8-12 9:16:32,66.3,151,1.791832,2.023115,TRUE,TRUE,0,3.5
2015-8-12 9:16:33,66.3,150.9,1.768892,2.000129,TRUE,TRUE,0,3.5
2015-8-12 9:16:35,66.4,150.8,1.768892,1.839227,TRUE,TRUE,0,3.055
2015-8-12 9:16:36,66.4,150.7,1.757422,1.862213,TRUE,TRUE,0,3.055
2015-8-12 9:16:38,66.3,150.6,1.768892,1.839227,TRUE,TRUE,0,2.61
2015-8-12 9:16:40,66.3,150.5,1.768892,1.827734,TRUE,TRUE,0,2.61
2015-8-12 9:16:41,66.3,150.5,1.780362,1.827734,TRUE,TRUE,0,3.055
2015-8-12 9:16:43,66.3,150.3,1.803301,1.827734,TRUE,TRUE,0,3.055
2015-8-12 9:16:44,66.3,150.3,1.791832,1.827734,TRUE,TRUE,0,3.5
2015-8-12 9:16:46,66.3,150.3,1.791832,1.839227,TRUE,TRUE,0,3.5
2015-8-12 9:16:48,66.3,150.2,1.803301,1.827734,TRUE,TRUE,0,3.5
2015-8-12 9:16:49,66.3,150.1,1.803301,1.827734,TRUE,TRUE,0,3.5
2015-8-12 9:16:51,66.3,150.1,1.860651,1.804748,TRUE,TRUE,0,3.5
2015-8-12 9:16:52,66.4,150,1.95241,1.804748,TRUE,TRUE,0,3.5
2015-8-12 9:16:54,66.4,150,1.97535,1.747282,TRUE,TRUE,0,3.5
2015-8-12 9:16:56,66.4,150,1.92947,1.781762,TRUE,TRUE,0,3.5
2015-8-12 9:16:57,66.3,150,1.95241,1.862213,TRUE,TRUE,0,3.5
2015-8-12 9:16:59,66.3,150,2.101518,1.942664,TRUE,TRUE,0,3.5
2015-8-12 9:17:0,66.3,150,2.021229,1.919678,TRUE,TRUE,0,3.5
2015-8-12 9:17:2,66.3,150.1,1.700073,1.885199,TRUE,TRUE,0,3.5
2015-8-12 9:17:4,66.3,150.1,1.482145,2.103566,TRUE,TRUE,0,3.5
2015-8-12 9:17:5,66.3,150.2,1.344506,2.149539,TRUE,TRUE,0,3.5
2015-8-12 9:17:7,66.3,150.2,1.264217,1.85072,TRUE,TRUE,0,1.4975
2015-8-12 9:17:8,66.3,150.3,1.298627,1.70131,TRUE,TRUE,0,1.4975
2015-8-12 9:17:10,66.3,150.4,1.378916,1.597873,TRUE,TRUE,0,1.4975
2015-8-12 9:17:12,66.3,150.5,1.493615,1.505929,TRUE,TRUE,0,1.4975
2015-8-12 9:17:13,66.3,150.6,1.619783,1.413985,TRUE,TRUE,0,1.4975
2015-8-12 9:17:15,66.3,150.7,1.734482,1.379506,TRUE,TRUE,0,1.4975
2015-8-12 9:17:16,66.3,150.8,1.860651,1.310547,TRUE,TRUE,0,2.3875
2015-8-12 9:17:18,66.4,151,2.044169,1.287561,TRUE,TRUE,0,2.3875
2015-8-12 9:17:20,66.4,151.1,2.158868,1.390998,TRUE,TRUE,0,3.5
2015-8-12 9:17:21,66.3,151.2,2.181808,1.540408,TRUE,TRUE,0,3.5
2015-8-12 9:17:23,66.3,151.2,2.112988,1.781762,TRUE,TRUE,0,3.5
2015-8-12 9:17:24,66.3,151.4,1.998289,2.034608,TRUE,TRUE,0,3.5
2015-8-12 9:17:26,66.3,151.5,1.791832,2.172524,TRUE,TRUE,0,3.5
2015-8-12 9:17:28,66.3,151.6,1.596844,2.126552,TRUE,TRUE,0,3.5
2015-8-12 9:17:29,66.3,151.7,1.573904,2.000129,TRUE,TRUE,0,3.055
2015-8-12 9:17:31,66.3,151.8,1.619783,1.827734,TRUE,TRUE,0,3.055
2015-8-12 9:17:32,66.3,151.9,1.700073,1.655338,TRUE,TRUE,0,1.4975
2015-8-12 9:17:34,66.3,152,1.688603,1.574887,TRUE,TRUE,0,1.4975
2015-8-12 9:17:36,66.3,152.1,1.654193,1.517422,TRUE,TRUE,0,2.3875
2015-8-12 9:17:37,66.3,152.2,1.608313,1.517422,TRUE,TRUE,0,2.3875
2015-8-12 9:17:39,66.3,152.3,1.585374,1.563394,TRUE,TRUE,0,1.4975
2015-8-12 9:17:40,66.3,152.3,1.573904,1.58638,TRUE,TRUE,0,1.4975
2015-8-12 9:17:42,66.3,152.4,1.562434,1.632352,TRUE,TRUE,0,1.4975
2015-8-12 9:17:44,66.3,152.4,1.562434,1.643845,TRUE,TRUE,0,1.4975
2015-8-12 9:17:45,66.3,152.5,1.585374,1.643845,TRUE,TRUE,0,1.4975
2015-8-12 9:17:47,66.3,152.5,1.608313,1.597873,TRUE,TRUE,0,1.4975
2015-8-12 9:17:48,66.3,152.5,1.608313,1.563394,TRUE,TRUE,0,1.4975
2015-8-12 9:17:50,66.3,152.6,1.619783,1.563394,TRUE,TRUE,0,1.4975
2015-8-12 9:17:52,66.3,152.6,1.619783,1.563394,TRUE,TRUE,0,2.3875
2015-8-12 9:17:53,66.4,152.6,1.619783,1.528915,TRUE,TRUE,0,2.3875
2015-8-12 9:17:55,66.4,152.6,1.619783,1.528915,TRUE,TRUE,0,3.2775
2015-8-12 9:17:56,66.4,152.6,1.608313,1.551901,TRUE,TRUE,0,3.2775
2015-8-12 9:17:58,66.4,152.5,1.631253,1.574887,TRUE,TRUE,0,2.3875
2015-8-12 9:18:0,66.4,152.5,1.585374,1.58638,TRUE,TRUE,0,2.3875
2015-8-12 9:18:1,66.4,152.4,1.596844,1.58638,TRUE,TRUE,0,3.2775
2015-8-12 9:18:3,66.3,152.4,1.413326,1.597873,TRUE,TRUE,0,3.2775
2015-8-12 9:18:4,66.3,152.3,1.355976,1.632352,TRUE,TRUE,0,1.4975
2015-8-12 9:18:6,66.3,152.3,1.378916,1.609366,TRUE,TRUE,0,1.4975
2015-8-12 9:18:8,66.3,152.2,1.378916,1.563394,TRUE,TRUE,0,1.4975
2015-8-12 9:18:9,66.3,152.1,1.401856,1.551901,TRUE,TRUE,0,1.4975
2015-8-12 9:18:11,66.3,152,1.413326,1.517422,TRUE,TRUE,0,1.4975
2015-8-12 9:18:12,66.3,151.9,1.447735,1.368012,TRUE,TRUE,0,1.4975
2015-8-12 9:18:14,66.3,151.9,1.459205,1.32204,TRUE,TRUE,0,1.4975
2015-8-12 9:18:16,66.3,151.8,1.505085,1.32204,TRUE,TRUE,0,1.4975
2015-8-12 9:18:17,66.3,151.8,1.528024,1.368012,TRUE,TRUE,0,1.4975
2015-8-12 9:18:19,66.3,151.7,1.539494,1.368012,TRUE,TRUE,0,1.4975
2015-8-12 9:18:20,66.3,151.7,1.550964,1.368012,TRUE,TRUE,0,1.4975
2015-8-12 9:18:22,66.3,151.6,1.550964,1.379506,TRUE,TRUE,0,1.4975
2015-8-12 9:18:24,66.3,151.6,1.562434,1.379506,TRUE,TRUE,0,1.4975
2015-8-12 9:18:25,66.3,151.6,1.562434,1.368012,TRUE,TRUE,0,1.4975
2015-8-12 9:18:27,66.3,151.6,1.573904,1.368012,TRUE,TRUE,0,1.4975
2015-8-12 9:18:28,66.3,151.6,1.573904,1.379506,TRUE,TRUE,0,1.4975
2015-8-12 9:18:30,66.3,151.6,1.585374,1.390998,TRUE,TRUE,0,1.4975
2015-8-12 9:18:32,66.3,151.6,1.608313,1.390998,TRUE,TRUE,0,1.4975
2015-8-12 9:18:33,66.3,151.7,1.619783,1.390998,TRUE,TRUE,0,1.4975
2015-8-12 9:18:35,66.3,151.7,1.619783,1.390998,TRUE,TRUE,0,1.4975
2015-8-12 9:18:36,66.3,151.7,1.608313,1.390998,TRUE,TRUE,0,2.3875
2015-8-12 9:18:38,66.3,151.7,1.619783,1.390998,TRUE,TRUE,0,2.3875
2015-8-12 9:18:40,66.3,151.7,1.631253,1.390998,TRUE,TRUE,0,2.3875
2015-8-12 9:18:41,66.3,151.7,1.631253,1.390998,TRUE,TRUE,0,2.3875
2015-8-12 9:18:43,66.3,151.7,1.700073,1.390998,TRUE,TRUE,0,3.2775
2015-8-12 9:18:44,66.3,151.8,1.883591,1.413985,TRUE,TRUE,0,3.2775
2015-8-12 9:18:46,66.3,151.8,2.239157,1.459957,TRUE,TRUE,0,3.5
2015-8-12 9:18:48,66.3,151.9,2.399735,1.540408,TRUE,TRUE,0,3.5
2015-8-12 9:18:49,66.3,151.9,2.388265,1.678324,TRUE,TRUE,0,3.5
2015-8-12 9:18:51,66.3,151.9,2.262097,1.919678,TRUE,TRUE,0,3.5
2015-8-12 9:18:52,66.3,152,2.135928,2.390892,TRUE,TRUE,0,3.5
2015-8-12 9:18:54,66.3,152,1.94094,2.471343,TRUE,TRUE,0,3.5
2015-8-12 9:18:56,66.4,152,1.826241,2.448357,TRUE,TRUE,0,3.5
2015-8-12 9:18:57,66.3,152,1.528024,2.321934,TRUE,TRUE,0,3.5
2015-8-12 9:18:59,66.4,152,1.367446,2.241483,TRUE,TRUE,0,3.055
2015-8-12 9:19:0,66.4,152,1.229807,2.057594,TRUE,TRUE,0,3.055
2015-8-12 9:19:2,66.4,152,1.195398,1.816241,TRUE,TRUE,0,1.4975
2015-8-12 9:19:4,66.4,152,1.264217,1.655338,TRUE,TRUE,0,1.4975
2015-8-12 9:19:5,66.3,152,1.413326,1.528915,TRUE,TRUE,0,1.4975
2015-8-12 9:19:7,66.4,152,1.585374,1.402492,TRUE,TRUE,0,1.4975
2015-8-12 9:19:8,66.4,151.9,1.745952,1.310547,TRUE,TRUE,0,1.4975
2015-8-12 9:19:10,66.4,151.9,1.872121,1.230096,TRUE,TRUE,0,1.4975
2015-8-12 9:19:12,66.4,151.8,1.95241,1.195617,TRUE,TRUE,0,1.9425
2015-8-12 9:19:13,66.4,151.8,2.044169,1.184124,TRUE,TRUE,0,1.9425
2015-8-12 9:19:15,66.4,151.7,2.032699,1.32204,TRUE,TRUE,0,3.5
2015-8-12 9:19:16,66.3,151.7,1.883591,1.632352,TRUE,TRUE,0,3.5
2015-8-12 9:19:18,66.4,151.6,1.688603,1.885199,TRUE,TRUE,0,3.5
2015-8-12 9:19:20,66.4,151.6,1.482145,2.046101,TRUE,TRUE,0,3.5
2015-8-12 9:19:21,66.4,151.5,1.321566,1.931171,TRUE,TRUE,0,2.61
2015-8-12 9:19:23,66.4,151.5,1.287157,1.770268,TRUE,TRUE,0,2.61
2015-8-12 9:19:24,66.4,151.4,1.298627,1.609366,TRUE,TRUE,0,1.4975
2015-8-12 9:19:26,66.4,151.4,1.275687,1.505929,TRUE,TRUE,0,1.4975
2015-8-12 9:19:28,66.4,151.2,1.218338,1.425478,TRUE,TRUE,0,1.4975
2015-8-12 9:19:29,66.4,151.2,1.229807,1.32204,TRUE,TRUE,0,1.4975
2015-8-12 9:19:31,66.4,151.2,1.252747,1.276068,TRUE,TRUE,0,1.4975
2015-8-12 9:19:32,66.4,151.2,1.333036,1.253082,TRUE,TRUE,0,1.4975
2015-8-12 9:19:34,66.3,151,1.401856,1.287561,TRUE,TRUE,0,1.4975
2015-8-12 9:19:36,66.3,151,1.470675,1.264575,TRUE,TRUE,0,1.4975
2015-8-12 9:19:37,66.3,151,1.539494,1.230096,TRUE,TRUE,0,1.4975
2015-8-12 9:19:39,66.3,151,1.562434,1.195617,TRUE,TRUE,0,1.4975
2015-8-12 9:19:40,66.3,150.9,1.642723,1.195617,TRUE,TRUE,0,1.4975
2015-8-12 9:19:42,66.3,150.9,1.723012,1.218603,TRUE,TRUE,0,1.4975
2015-8-12 9:19:44,66.3,150.9,1.803301,1.276068,TRUE,TRUE,0,2.3875
2015-8-12 9:19:45,66.3,150.9,1.883591,1.379506,TRUE,TRUE,0,2.3875
2015-8-12 9:19:47,66.3,150.8,1.918,1.505929,TRUE,TRUE,0,3.2775
2015-8-12 9:19:48,66.3,150.8,2.009759,1.597873,TRUE,TRUE,0,3.2775
2015-8-12 9:19:50,66.3,150.9,1.98682,1.758775,TRUE,TRUE,0,3.5
2015-8-12 9:19:52,66.3,150.9,1.883591,1.908185,TRUE,TRUE,0,3.5
2015-8-12 9:19:53,66.4,151,2.009759,1.96565,TRUE,TRUE,0,3.5
2015-8-12 9:19:55,66.3,151,1.918,1.988636,TRUE,TRUE,0,3.5
2015-8-12 9:19:56,66.3,151,1.814771,1.885199,TRUE,TRUE,0,3.5
2015-8-12 9:19:58,66.4,151,1.665663,2.011622,TRUE,TRUE,0,3.5
2015-8-12 9:20:0,66.3,151,1.654193,1.896692,TRUE,TRUE,0,3.055
2015-8-12 9:20:1,66.3,151.1,1.688603,1.804748,TRUE,TRUE,0,3.055
2015-8-12 9:20:3,66.3,151.1,1.837711,1.712803,TRUE,TRUE,0,2.165
2015-8-12 9:20:4,66.3,151.2,2.032699,1.632352,TRUE,TRUE,0,2.165
2015-8-12 9:20:6,66.3,151.2,2.055639,1.609366,TRUE,TRUE,0,3.055
2015-8-12 9:20:8,66.3,151.2,2.055639,1.620859,TRUE,TRUE,0,3.055
2015-8-12 9:20:9,66.3,151.2,2.055639,1.620859,TRUE,TRUE,0,3.5
2015-8-12 9:20:11,66.3,151.2,2.055639,1.620859,TRUE,TRUE,0,3.5
2015-8-12 9:20:12,66.3,151.3,2.055639,1.620859,TRUE,TRUE,0,3.5
2015-8-12 9:20:14,66.3,151.3,2.055639,1.620859,TRUE,TRUE,0,3.5
2015-8-12 9:20:16,66.3,151.3,2.055639,1.609366,TRUE,TRUE,0,3.5
2015-8-12 9:20:17,66.3,151.2,2.055639,1.620859,TRUE,TRUE,0,3.5
2015-8-12 9:20:19,66.3,151.2,2.067109,1.609366,TRUE,TRUE,0,3.5
2015-8-12 9:20:20,66.3,151.2,2.078579,1.597873,TRUE,TRUE,0,3.5
2015-8-12 9:20:22,66.3,151.2,2.078579,1.597873,TRUE,TRUE,0,3.5
2015-8-12 9:20:24,66.3,151.2,2.078579,1.597873,TRUE,TRUE,0,3.5
2015-8-12 9:20:25,66.3,151.2,2.078579,1.58638,TRUE,TRUE,0,3.5
2015-8-12 9:20:27,66.3,151.1,2.193277,1.574887,TRUE,TRUE,0,3.5
2015-8-12 9:20:28,66.4,151.1,2.250627,1.655338,TRUE,TRUE,0,3.5
2015-8-12 9:20:30,66.4,151,2.330916,1.747282,TRUE,TRUE,0,3.5
2015-8-12 9:20:32,66.3,151,2.434145,2.057594,TRUE,TRUE,0,3.5
2015-8-12 9:20:33,66.3,151,2.411205,2.264469,TRUE,TRUE,0,3.5
2015-8-12 9:20:35,66.3,151,2.388265,2.321934,TRUE,TRUE,0,3.5
2015-8-12 9:20:36,66.3,150.9,2.307976,2.425371,TRUE,TRUE,0,3.5
2015-8-12 9:20:38,66.3,150.9,2.067109,2.448357,TRUE,TRUE,0,3.5
2015-8-12 9:20:40,66.3,150.8,1.883591,2.402385,TRUE,TRUE,0,3.5
2015-8-12 9:20:41,66.3,150.8,1.654193,2.34492,TRUE,TRUE,0,3.5
2015-8-12 9:20:43,66.3,150.7,1.493615,2.287455,TRUE,TRUE,0,3.5
2015-8-12 9:20:44,66.3,150.7,1.241277,2.034608,TRUE,TRUE,0,2.61
2015-8-12 9:20:46,66.3,150.6,1.138048,1.839227,TRUE,TRUE,0,2.61
2015-8-12 9:20:48,66.3,150.6,1.183928,1.678324,TRUE,TRUE,0,1.4975
2015-8-12 9:20:49,66.3,150.6,1.298627,1.540408,TRUE,TRUE,0,1.4975
2015-8-12 9:20:51,66.3,150.6,1.447735,1.402492,TRUE,TRUE,0,1.4975
2015-8-12 9:20:52,66.3,150.6,1.631253,1.287561,TRUE,TRUE,0,1.4975
2015-8-12 9:20:54,66.3,150.5,1.677133,1.195617,TRUE,TRUE,0,1.4975
2015-8-12 9:20:56,66.3,150.5,1.711542,1.126659,TRUE,TRUE,0,1.4975
2015-8-12 9:20:57,66.3,150.5,1.826241,1.115166,TRUE,TRUE,0,2.3875
2015-8-12 9:20:59,66.3,150.5,1.918,1.218603,TRUE,TRUE,0,2.3875
2015-8-12 9:21:0,66.3,150.5,2.055639,1.448464,TRUE,TRUE,0,3.2775
2015-8-12 9:21:2,66.3,150.5,1.883591,1.689817,TRUE,TRUE,0,3.2775
2015-8-12 9:21:4,66.3,150.4,1.723012,1.816241,TRUE,TRUE,0,3.5
2015-8-12 9:21:5,66.3,150.5,1.642723,1.931171,TRUE,TRUE,0,3.5
2015-8-12 9:21:7,66.3,150.4,1.608313,2.069087,TRUE,TRUE,0,3.055
2015-8-12 9:21:8,66.3,150.4,1.688603,1.862213,TRUE,TRUE,0,3.055
2015-8-12 9:21:10,66.3,150.4,1.665663,1.712803,TRUE,TRUE,0,2.165
2015-8-12 9:21:12,66.3,150.4,1.642723,1.632352,TRUE,TRUE,0,2.165
2015-8-12 9:21:13,66.3,150.4,1.596844,1.58638,TRUE,TRUE,0,3.055
2015-8-12 9:21:15,66.3,150.4,1.585374,1.70131,TRUE,TRUE,0,3.055
2015-8-12 9:21:16,66.3,150.4,1.711542,1.689817,TRUE,TRUE,0,1.4975
2015-8-12 9:21:18,66.3,150.4,1.791832,1.689817,TRUE,TRUE,0,1.4975
2015-8-12 9:21:20,66.3,150.4,1.849181,1.666831,TRUE,TRUE,0,1.9425
2015-8-12 9:21:21,66.3,150.4,1.95241,1.620859,TRUE,TRUE,0,1.9425
2015-8-12 9:21:23,66.3,150.3,2.021229,1.597873,TRUE,TRUE,0,2.8325
2015-8-12 9:21:24,66.3,150.4,2.009759,1.632352,TRUE,TRUE,0,2.8325
2015-8-12 9:21:26,66.3,150.3,2.055639,1.724296,TRUE,TRUE,0,3.5
2015-8-12 9:21:28,66.3,150.4,2.078579,1.816241,TRUE,TRUE,0,3.5
2015-8-12 9:21:29,66.3,150.3,2.067109,1.96565,TRUE,TRUE,0,3.5
2015-8-12 9:21:31,66.3,150.3,1.97535,1.977143,TRUE,TRUE,0,3.5
2015-8-12 9:21:32,66.3,150.4,1.849181,2.034608,TRUE,TRUE,0,3.5
2015-8-12 9:21:34,66.3,150.3,1.700073,2.08058,TRUE,TRUE,0,3.5
2015-8-12 9:21:36,66.3,150.3,1.562434,2.046101,TRUE,TRUE,0,2.61
2015-8-12 9:21:37,66.3,150.3,1.505085,1.954157,TRUE,TRUE,0,2.61
2015-8-12 9:21:39,66.3,150.3,1.539494,1.85072,TRUE,TRUE,0,1.4975
2015-8-12 9:21:40,66.3,150.3,1.608313,1.781762,TRUE,TRUE,0,1.4975
2015-8-12 9:21:42,66.3,150.2,1.745952,1.724296,TRUE,TRUE,0,1.4975
2015-8-12 9:21:44,66.3,150.2,1.768892,1.643845,TRUE,TRUE,0,1.4975
2015-8-12 9:21:45,66.3,150.2,1.700073,1.597873,TRUE,TRUE,0,1.9425
2015-8-12 9:21:47,66.3,150.1,1.642723,1.551901,TRUE,TRUE,0,1.9425
2015-8-12 9:21:48,66.3,150.1,1.573904,1.563394,TRUE,TRUE,0,1.4975
2015-8-12 9:21:50,66.3,150.1,1.677133,1.632352,TRUE,TRUE,0,1.4975
2015-8-12 9:21:52,66.3,150.1,1.872121,1.770268,TRUE,TRUE,0,1.4975
2015-8-12 9:21:53,66.3,150,2.009759,1.827734,TRUE,TRUE,0,1.4975
2015-8-12 9:21:55,66.3,150.1,2.158868,1.770268,TRUE,TRUE,0,3.5
2015-8-12 9:21:56,66.3,150,2.319446,1.735789,TRUE,TRUE,0,3.5
2015-8-12 9:21:58,66.3,150.1,2.445615,1.643845,TRUE,TRUE,0,3.5
2015-8-12 9:22:0,66.3,150.1,2.445615,1.597873,TRUE,TRUE,0,3.5
2015-8-12 9:22:1,66.3,150.1,2.376796,1.770268,TRUE,TRUE,0,3.5
2015-8-12 9:22:3,66.3,150.1,2.388265,2.034608,TRUE,TRUE,0,3.5
2015-8-12 9:22:4,66.3,150.1,2.388265,2.218497,TRUE,TRUE,0,3.5
2015-8-12 9:22:6,66.3,150.1,2.365326,2.528808,TRUE,TRUE,0,3.5
2015-8-12 9:22:8,66.3,150.1,2.285037,2.528808,TRUE,TRUE,0,3.5
2015-8-12 9:22:9,66.3,150.1,2.216217,2.45985,TRUE,TRUE,0,3.5
2015-8-12 9:22:11,66.3,150.1,2.158868,2.390892,TRUE,TRUE,0,3.5
2015-8-12 9:22:12,66.3,150.1,2.090049,2.252976,TRUE,TRUE,0,3.5
2015-8-12 9:22:14,66.3,150.1,1.998289,2.218497,TRUE,TRUE,0,3.5
2015-8-12 9:22:16,66.3,150.1,1.918,2.161031,TRUE,TRUE,0,3.5
2015-8-12 9:22:17,66.3,150.1,1.780362,2.149539,TRUE,TRUE,0,3.5
2015-8-12 9:22:19,66.3,150.1,1.700073,2.023115,TRUE,TRUE,0,3.5
2015-8-12 9:22:20,66.3,150.1,1.757422,1.954157,TRUE,TRUE,0,3.055
2015-8-12 9:22:22,66.3,150.1,1.745952,1.827734,TRUE,TRUE,0,3.055
2015-8-12 9:22:24,66.3,150,1.895061,1.758775,TRUE,TRUE,0,2.61
2015-8-12 9:22:25,66.3,150,2.032699,1.712803,TRUE,TRUE,0,2.61
2015-8-12 9:22:27,66.3,150,2.067109,1.781762,TRUE,TRUE,0,3.5
2015-8-12 9:22:28,66.3,150,1.92947,1.747282,TRUE,TRUE,0,3.5
2015-8-12 9:22:30,66.3,150,1.768892,1.942664,TRUE,TRUE,0,3.5
2015-8-12 9:22:32,66.3,150,1.619783,2.103566,TRUE,TRUE,0,3.5
2015-8-12 9:22:33,66.3,149.9,1.516554,1.96565,TRUE,TRUE,0,3.055
2015-8-12 9:22:35,66.3,149.9,1.470675,1.896692,TRUE,TRUE,0,3.055
2015-8-12 9:22:36,66.3,149.8,1.539494,1.770268,TRUE,TRUE,0,1.4975
2015-8-12 9:22:38,66.2,149.8,1.585374,1.655338,TRUE,TRUE,0,1.4975
2015-8-12 9:22:40,66.2,149.8,1.619783,1.58638,TRUE,TRUE,0,1.4975
2015-8-12 9:22:41,66.2,149.7,1.619783,1.528915,TRUE,TRUE,0,1.4975
2015-8-12 9:22:43,66.2,149.7,1.654193,1.494436,TRUE,TRUE,0,2.3875
2015-8-12 9:22:44,66.2,149.7,1.745952,1.482943,TRUE,TRUE,0,2.3875
2015-8-12 9:22:46,66.2,149.7,1.837711,1.540408,TRUE,TRUE,0,3.2775
2015-8-12 9:22:48,66.2,149.7,1.826241,1.620859,TRUE,TRUE,0,3.2775
2015-8-12 9:22:49,66.2,149.8,1.757422,1.609366,TRUE,TRUE,0,3.5
2015-8-12 9:22:51,66.2,149.8,1.745952,1.747282,TRUE,TRUE,0,3.5
2015-8-12 9:22:52,66.2,149.9,1.723012,1.862213,TRUE,TRUE,0,3.055
2015-8-12 9:22:54,66.2,150,1.619783,1.816241,TRUE,TRUE,0,3.055
2015-8-12 9:22:56,66.2,150,1.539494,1.735789,TRUE,TRUE,0,2.61
2015-8-12 9:22:57,66.2,150.1,1.482145,1.735789,TRUE,TRUE,0,2.61
2015-8-12 9:22:59,66.2,150.3,1.493615,1.712803,TRUE,TRUE,0,1.4975
2015-8-12 9:23:0,66.2,150.3,1.505085,1.643845,TRUE,TRUE,0,1.4975
2015-8-12 9:23:2,66.2,150.4,1.493615,1.609366,TRUE,TRUE,0,1.4975
2015-8-12 9:23:4,66.1,150.6,1.516554,1.58638,TRUE,TRUE,0,1.4975
2015-8-12 9:23:5,66.1,150.7,1.573904,1.517422,TRUE,TRUE,0,1.4975
2015-8-12 9:23:7,66.1,150.9,1.596844,1.448464,TRUE,TRUE,0,1.4975
2015-8-12 9:23:8,66.1,151,1.654193,1.425478,TRUE,TRUE,0,1.4975
2015-8-12 9:23:10,66.1,151.2,1.700073,1.459957,TRUE,TRUE,0,1.4975
2015-8-12 9:23:12,66.1,151.2,1.734482,1.47145,TRUE,TRUE,0,2.3875
2015-8-12 9:23:13,66,151.3,1.780362,1.482943,TRUE,TRUE,0,2.3875
2015-8-12 9:23:15,66,151.5,1.92947,1.47145,TRUE,TRUE,0,2.8325
2015-8-12 9:23:16,66,151.6,2.009759,1.540408,TRUE,TRUE,0,2.8325
2015-8-12 9:23:18,66,151.7,2.090049,1.609366,TRUE,TRUE,0,3.5
2015-8-12 9:23:20,66,151.8,2.101518,1.70131,TRUE,TRUE,0,3.5
2015-8-12 9:23:21,66,151.9,2.044169,1.827734,TRUE,TRUE,0,3.5
2015-8-12 9:23:23,66,152,1.98682,2.011622,TRUE,TRUE,0,3.5
2015-8-12 9:23:24,66,152,1.96388,2.08058,TRUE,TRUE,0,3.5
2015-8-12 9:23:26,66,152.1,2.055639,2.046101,TRUE,TRUE,0,3.5
2015-8-12 9:23:28,66,152.2,2.009759,2.000129,TRUE,TRUE,0,3.5
2015-8-12 9:23:29,66,152.3,1.96388,1.96565,TRUE,TRUE,0,3.5
2015-8-12 9:23:31,66,152.3,1.849181,2.023115,TRUE,TRUE,0,3.5
2015-8-12 9:23:32,66.1,152.3,1.791832,2.011622,TRUE,TRUE,0,3.5
2015-8-12 9:23:34,66,152.3,1.700073,1.954157,TRUE,TRUE,0,2.61
2015-8-12 9:23:36,66,152.4,1.723012,1.896692,TRUE,TRUE,0,2.61
2015-8-12 9:23:37,66,152.4,1.711542,1.827734,TRUE,TRUE,0,2.165
2015-8-12 9:23:39,66.1,152.3,1.757422,1.770268,TRUE,TRUE,0,2.165
2015-8-12 9:23:40,66,152.4,1.791832,1.712803,TRUE,TRUE,0,2.61
2015-8-12 9:23:42,66.1,152.4,1.768892,1.666831,TRUE,TRUE,0,2.61
2015-8-12 9:23:44,66,152.3,1.723012,1.712803,TRUE,TRUE,0,3.055
2015-8-12 9:23:45,66.1,152.3,1.642723,1.724296,TRUE,TRUE,0,3.055
2015-8-12 9:23:47,66.1,152.3,1.585374,1.770268,TRUE,TRUE,0,2.61
2015-8-12 9:23:48,66.1,152.2,1.596844,1.747282,TRUE,TRUE,0,2.61
2015-8-12 9:23:50,66,152.2,1.665663,1.712803,TRUE,TRUE,0,1.4975
2015-8-12 9:23:52,66,152.1,1.688603,1.689817,TRUE,TRUE,0,1.4975
2015-8-12 9:23:53,66,152.1,1.700073,1.643845,TRUE,TRUE,0,2.3875
2015-8-12 9:23:55,66,152,1.700073,1.620859,TRUE,TRUE,0,2.3875
2015-8-12 9:23:56,66,152,1.677133,1.58638,TRUE,TRUE,0,2.8325
2015-8-12 9:23:58,66,152,1.677133,1.609366,TRUE,TRUE,0,2.8325
2015-8-12 9:24:0,66,151.9,1.596844,1.70131,TRUE,TRUE,0,1.9425
2015-8-12 9:24:1,66,151.8,1.539494,1.724296,TRUE,TRUE,0,1.9425
2015-8-12 9:24:3,66,151.8,1.562434,1.712803,TRUE,TRUE,0,1.4975
2015-8-12 9:24:4,66.1,151.7,1.550964,1.70131,TRUE,TRUE,0,1.4975
2015-8-12 9:24:6,66.1,151.7,1.608313,1.70131,TRUE,TRUE,0,1.4975
2015-8-12 9:24:8,66,151.6,1.665663,1.689817,TRUE,TRUE,0,1.4975
2015-8-12 9:24:9,66,151.5,1.700073,1.666831,TRUE,TRUE,0,2.3875
2015-8-12 9:24:11,66,151.5,1.791832,1.609366,TRUE,TRUE,0,2.3875
2015-8-12 9:24:12,66,151.5,1.837711,1.609366,TRUE,TRUE,0,2.8325
2015-8-12 9:24:14,66,151.4,1.849181,1.609366,TRUE,TRUE,0,2.8325
2015-8-12 9:24:16,66,151.4,1.872121,1.70131,TRUE,TRUE,0,3.5
2015-8-12 9:24:17,66,151.4,1.814771,1.758775,TRUE,TRUE,0,3.5
2015-8-12 9:24:19,66,151.4,1.700073,1.885199,TRUE,TRUE,0,3.5
2015-8-12 9:24:20,66,151.4,1.585374,1.908185,TRUE,TRUE,0,3.5
2015-8-12 9:24:22,66,151.3,1.493615,1.908185,TRUE,TRUE,0,2.61
2015-8-12 9:24:24,66,151.3,1.470675,1.804748,TRUE,TRUE,0,2.61
2015-8-12 9:24:25,66,151.4,1.447735,1.70131,TRUE,TRUE,0,1.4975
2015-8-12 9:24:27,66,151.4,1.482145,1.632352,TRUE,TRUE,0,1.4975
2015-8-12 9:24:28,66,151.3,1.482145,1.597873,TRUE,TRUE,0,1.4975
2015-8-12 9:24:30,66.1,151.3,1.539494,1.574887,TRUE,TRUE,0,1.4975
2015-8-12 9:24:32,66,151.4,1.573904,1.540408,TRUE,TRUE,0,1.4975
2015-8-12 9:24:33,66,151.4,1.631253,1.494436,TRUE,TRUE,0,1.4975
2015-8-12 9:24:35,66,151.4,1.700073,1.482943,TRUE,TRUE,0,1.4975
2015-8-12 9:24:36,66,151.4,1.745952,1.459957,TRUE,TRUE,0,1.4975
2015-8-12 9:24:38,66,151.5,1.768892,1.482943,TRUE,TRUE,0,1.9425
2015-8-12 9:24:40,66,151.5,1.860651,1.505929,TRUE,TRUE,0,1.9425
2015-8-12 9:24:41,66,151.5,1.918,1.563394,TRUE,TRUE,0,2.3875
2015-8-12 9:24:43,66,151.5,1.94094,1.632352,TRUE,TRUE,0,2.3875
2015-8-12 9:24:44,66,151.5,1.918,1.712803,TRUE,TRUE,0,3.5
2015-8-12 9:24:46,66,151.5,1.849181,1.793254,TRUE,TRUE,0,3.5
2015-8-12 9:24:48,66,151.5,1.711542,1.931171,TRUE,TRUE,0,3.5
2015-8-12 9:24:49,66,151.5,1.550964,1.96565,TRUE,TRUE,0,3.5
2015-8-12 9:24:51,66,151.5,1.436265,1.908185,TRUE,TRUE,0,2.61
2015-8-12 9:24:52,66,151.5,1.401856,1.816241,TRUE,TRUE,0,2.61
2015-8-12 9:24:54,66,151.5,1.447735,1.70131,TRUE,TRUE,0,1.4975
2015-8-12 9:24:56,66,151.4,1.344506,1.620859,TRUE,TRUE,0,1.4975
2015-8-12 9:24:57,66,151.4,1.229807,1.563394,TRUE,TRUE,0,1.4975
2015-8-12 9:24:59,66,151.4,1.115109,1.505929,TRUE,TRUE,0,1.4975
2015-8-12 9:25:0,66,151.4,1.092169,1.459957,TRUE,TRUE,0,1.4975
2015-8-12 9:25:2,66,151.3,1.275687,1.425478,TRUE,TRUE,0,1.4975
2015-8-12 9:25:4,66,151.3,1.791832,1.448464,TRUE,TRUE,0,1.4975
2015-8-12 9:25:5,66,151.2,1.883591,1.482943,TRUE,TRUE,0,1.4975
2015-8-12 9:25:7,66,151.2,1.90653,1.390998,TRUE,TRUE,0,1.9425
2015-8-12 9:25:8,66,151.1,1.895061,1.287561,TRUE,TRUE,0,1.9425
2015-8-12 9:25:10,66,151.2,1.883591,1.161138,TRUE,TRUE,0,2.8325
2015-8-12 9:25:12,66,151.1,1.849181,1.126659,TRUE,TRUE,0,2.8325
2015-8-12 9:25:13,65.9,151.1,1.849181,1.816241,TRUE,TRUE,0,1.9425
2015-8-12 9:25:15,65.9,151,1.860651,1.919678,TRUE,TRUE,0,1.9425
2015-8-12 9:25:16,65.9,151,1.883591,1.919678,TRUE,TRUE,0,1.4975
2015-8-12 9:25:18,66,151,1.94094,1.919678,TRUE,TRUE,0,1.4975
2015-8-12 9:25:20,66,150.9,1.98682,1.896692,TRUE,TRUE,0,3.5
2015-8-12 9:25:21,66,150.9,2.044169,1.885199,TRUE,TRUE,0,3.5
2015-8-12 9:25:23,66,150.8,2.055639,1.862213,TRUE,TRUE,0,3.5
2015-8-12 9:25:24,66,150.8,1.998289,1.919678,TRUE,TRUE,0,3.5
2015-8-12 9:25:26,66,150.7,1.918,1.977143,TRUE,TRUE,0,3.5
2015-8-12 9:25:28,66,150.7,1.92947,1.988636,TRUE,TRUE,0,3.5
2015-8-12 9:25:29,66,150.6,1.97535,1.988636,TRUE,TRUE,0,3.5
2015-8-12 9:25:31,66,150.6,2.044169,1.931171,TRUE,TRUE,0,3.5
2015-8-12 9:25:32,66,150.6,2.090049,1.896692,TRUE,TRUE,0,3.5
2015-8-12 9:25:34,66,150.6,2.044169,1.885199,TRUE,TRUE,0,3.5
2015-8-12 9:25:36,66,150.6,1.998289,1.942664,TRUE,TRUE,0,3.5
2015-8-12 9:25:37,66,150.6,1.98682,2.011622,TRUE,TRUE,0,3.5
2015-8-12 9:25:39,66,150.6,2.067109,2.023115,TRUE,TRUE,0,3.5
2015-8-12 9:25:40,66,150.6,2.101518,2.023115,TRUE,TRUE,0,3.5
2015-8-12 9:25:42,65.9,150.6,2.078579,2.000129,TRUE,TRUE,0,3.5
2015-8-12 9:25:44,65.9,150.6,1.94094,2.023115,TRUE,TRUE,0,3.5
2015-8-12 9:25:45,65.9,150.6,1.814771,2.103566,TRUE,TRUE,0,3.5
2015-8-12 9:25:47,65.9,150.6,1.700073,2.138045,TRUE,TRUE,0,3.5
2015-8-12 9:25:48,65.9,150.5,1.642723,2.023115,TRUE,TRUE,0,3.055
2015-8-12 9:25:50,65.9,150.6,1.608313,1.908185,TRUE,TRUE,0,3.055
2015-8-12 9:25:52,66,150.5,1.585374,1.804748,TRUE,TRUE,0,2.165
2015-8-12 9:25:53,66,150.5,1.665663,1.747282,TRUE,TRUE,0,2.165
2015-8-12 9:25:55,65.9,150.5,1.723012,1.712803,TRUE,TRUE,0,1.4975
2015-8-12 9:25:56,65.9,150.5,1.791832,1.70131,TRUE,TRUE,0,1.4975
2015-8-12 9:25:58,66,150.5,1.814771,1.70131,TRUE,TRUE,0,1.9425
2015-8-12 9:26:0,66,150.5,1.872121,1.655338,TRUE,TRUE,0,1.9425
2015-8-12 9:26:1,66,150.5,1.92947,1.58638,TRUE,TRUE,0,2.8325
2015-8-12 9:26:3,66,150.4,1.97535,1.609366,TRUE,TRUE,0,2.8325
2015-8-12 9:26:4,65.9,150.5,1.95241,1.678324,TRUE,TRUE,0,3.5
2015-8-12 9:26:6,65.9,150.4,1.94094,1.85072,TRUE,TRUE,0,3.5
2015-8-12 9:26:8,65.9,150.4,1.883591,1.954157,TRUE,TRUE,0,3.5
2015-8-12 9:26:9,66,150.4,1.780362,1.988636,TRUE,TRUE,0,3.5
2015-8-12 9:26:11,66,150.4,1.677133,1.988636,TRUE,TRUE,0,2.61
2015-8-12 9:26:12,65.9,150.3,1.608313,1.977143,TRUE,TRUE,0,2.61
2015-8-12 9:26:14,65.9,150.3,1.596844,1.919678,TRUE,TRUE,0,1.72
2015-8-12 9:26:16,65.9,150.3,1.585374,1.873706,TRUE,TRUE,0,1.72
2015-8-12 9:26:17,65.9,150.3,1.573904,1.804748,TRUE,TRUE,0,1.4975
2015-8-12 9:26:19,65.9,150.2,1.757422,1.758775,TRUE,TRUE,0,1.4975
2015-8-12 9:26:20,65.9,150.2,1.814771,1.724296,TRUE,TRUE,0,2.3875
2015-8-12 9:26:22,65.9,150.2,1.745952,1.678324,TRUE,TRUE,0,2.3875
2015-8-12 9:26:24,65.9,150.1,1.895061,1.655338,TRUE,TRUE,0,2.8325
2015-8-12 9:26:25,65.9,150.1,2.021229,1.632352,TRUE,TRUE,0,2.8325
2015-8-12 9:26:27,65.9,150,2.067109,1.839227,TRUE,TRUE,0,3.5
2015-8-12 9:26:28,66,150,2.112988,1.804748,TRUE,TRUE,0,3.5
2015-8-12 9:26:30,66,150,2.101518,2.000129,TRUE,TRUE,0,3.5
2015-8-12 9:26:32,66,149.9,2.112988,2.08058,TRUE,TRUE,0,3.5
2015-8-12 9:26:33,66,149.9,2.135928,2.149539,TRUE,TRUE,0,3.5
2015-8-12 9:26:35,66,149.9,2.078579,2.195511,TRUE,TRUE,0,3.5
2015-8-12 9:26:36,66,149.8,2.055639,2.218497,TRUE,TRUE,0,3.5
2015-8-12 9:26:38,65.9,149.8,2.009759,2.298948,TRUE,TRUE,0,3.5
2015-8-12 9:26:40,65.9,149.7,1.97535,2.333427,TRUE,TRUE,0,3.5
2015-8-12 9:26:41,65.9,149.7,1.96388,2.298948,TRUE,TRUE,0,3.5
2015-8-12 9:26:43,65.9,149.7,1.872121,2.184017,TRUE,TRUE,0,3.5
2015-8-12 9:26:44,65.9,149.7,1.768892,2.092073,TRUE,TRUE,0,3.5
2015-8-12 9:26:46,65.9,149.8,1.642723,2.023115,TRUE,TRUE,0,2.61
2015-8-12 9:26:48,65.9,149.8,1.550964,1.954157,TRUE,TRUE,0,2.61
2015-8-12 9:26:49,65.9,149.9,1.505085,1.873706,TRUE,TRUE,0,1.72
2015-8-12 9:26:51,65.9,150,1.459205,1.816241,TRUE,TRUE,0,1.72
2015-8-12 9:26:52,65.9,150.1,1.493615,1.735789,TRUE,TRUE,0,1.4975
2015-8-12 9:26:54,65.9,150.2,1.562434,1.655338,TRUE,TRUE,0,1.4975
2015-8-12 9:26:56,65.9,150.3,1.608313,1.597873,TRUE,TRUE,0,1.4975
2015-8-12 9:26:57,65.9,150.4,1.585374,1.551901,TRUE,TRUE,0,1.4975
2015-8-12 9:26:59,65.9,150.6,1.573904,1.505929,TRUE,TRUE,0,2.3875
2015-8-12 9:27:1,65.9,150.7,1.539494,1.494436,TRUE,TRUE,0,2.3875
2015-8-12 9:27:2,65.9,150.9,1.528024,1.448464,TRUE,TRUE,0,1.4975
2015-8-12 9:27:4,65.9,151,1.505085,1.47145,TRUE,TRUE,0,1.4975
2015-8-12 9:27:5,65.9,151.2,1.516554,1.551901,TRUE,TRUE,0,1.4975
2015-8-12 9:27:26,65.9,152.4,1.550964,1.436971,TRUE,TRUE,0,1.4975
2015-8-12 9:27:27,65.9,152.5,1.573904,1.436971,TRUE,TRUE,0,1.4975
2015-8-12 9:27:29,65.9,152.5,1.608313,1.436971,TRUE,TRUE,0,1.4975
2015-8-12 9:27:31,65.9,152.5,1.642723,1.436971,TRUE,TRUE,0,1.4975
2015-8-12 9:27:32,65.9,152.5,1.677133,1.448464,TRUE,TRUE,0,1.4975
2015-8-12 9:27:34,65.9,152.5,1.711542,1.47145,TRUE,TRUE,0,2.3875
2015-8-12 9:27:35,66,152.6,1.734482,1.494436,TRUE,TRUE,0,2.3875
2015-8-12 9:27:37,66,152.6,1.826241,1.540408,TRUE,TRUE,0,2.8325
2015-8-12 9:27:39,65.9,152.5,1.837711,1.597873,TRUE,TRUE,0,2.8325
2015-8-12 9:27:40,66,152.5,1.814771,1.632352,TRUE,TRUE,0,3.5
2015-8-12 9:27:42,65.9,152.5,1.998289,1.70131,TRUE,TRUE,0,3.5
2015-8-12 9:27:43,66,152.4,1.883591,1.770268,TRUE,TRUE,0,3.5
2015-8-12 9:27:45,66,152.3,1.780362,1.816241,TRUE,TRUE,0,3.5
2015-8-12 9:27:47,65.9,152.2,1.654193,1.954157,TRUE,TRUE,0,2.61
2015-8-12 9:27:48,65.9,152.2,1.596844,1.96565,TRUE,TRUE,0,2.61
2015-8-12 9:27:50,65.9,152,1.642723,1.873706,TRUE,TRUE,0,1.72
2015-8-12 9:27:51,65.9,152,1.711542,1.816241,TRUE,TRUE,0,1.72
2015-8-12 9:27:53,65.9,152,1.791832,1.735789,TRUE,TRUE,0,2.61
2015-8-12 9:27:55,65.9,151.9,1.872121,1.666831,TRUE,TRUE,0,2.61
2015-8-12 9:27:56,65.9,151.8,1.95241,1.643845,TRUE,TRUE,0,3.5
2015-8-12 9:27:58,65.9,151.7,1.998289,1.666831,TRUE,TRUE,0,3.5
2015-8-12 9:27:59,65.9,151.7,2.032699,1.793254,TRUE,TRUE,0,3.5
2015-8-12 9:28:1,65.9,151.6,1.98682,1.908185,TRUE,TRUE,0,3.5
2015-8-12 9:28:3,65.9,151.6,1.90653,2.034608,TRUE,TRUE,0,3.5
2015-8-12 9:28:4,65.9,151.5,1.780362,2.057594,TRUE,TRUE,0,3.5
2015-8-12 9:28:6,66,151.5,1.688603,2.057594,TRUE,TRUE,0,2.61
2015-8-12 9:28:7,66,151.5,1.631253,2.000129,TRUE,TRUE,0,2.61
2015-8-12 9:28:9,66,151.5,1.608313,1.931171,TRUE,TRUE,0,1.72
2015-8-12 9:28:11,66,151.5,1.608313,1.85072,TRUE,TRUE,0,1.72
2015-8-12 9:28:12,66,151.5,1.608313,1.781762,TRUE,TRUE,0,1.4975
2015-8-12 9:28:14,66,151.6,1.619783,1.735789,TRUE,TRUE,0,1.4975
2015-8-12 9:28:15,66,151.6,1.677133,1.70131,TRUE,TRUE,0,2.3875
2015-8-12 9:28:17,66,151.6,1.654193,1.632352,TRUE,TRUE,0,2.3875
2015-8-12 9:28:19,66,151.7,1.654193,1.609366,TRUE,TRUE,0,3.2775
2015-8-12 9:28:20,66,151.7,1.608313,1.597873,TRUE,TRUE,0,3.2775
2015-8-12 9:28:22,66,151.7,1.619783,1.666831,TRUE,TRUE,0,2.3875
2015-8-12 9:28:23,66,151.7,1.642723,1.666831,TRUE,TRUE,0,2.3875
2015-8-12 9:28:25,66,151.8,1.688603,1.678324,TRUE,TRUE,0,1.4975
2015-8-12 9:28:27,66,151.8,1.745952,1.609366,TRUE,TRUE,0,1.4975
2015-8-12 9:28:28,66,151.9,1.723012,1.58638,TRUE,TRUE,0,1.9425
2015-8-12 9:28:30,66,151.9,1.665663,1.58638,TRUE,TRUE,0,1.9425
2015-8-12 9:28:31,66,151.9,1.608313,1.609366,TRUE,TRUE,0,2.3875
2015-8-12 9:28:33,66,152,1.619783,1.632352,TRUE,TRUE,0,2.3875
2015-8-12 9:28:35,66,151.9,1.745952,1.678324,TRUE,TRUE,0,1.4975
2015-8-12 9:28:36,66,152,1.895061,1.747282,TRUE,TRUE,0,1.4975
2015-8-12 9:28:38,66,152,1.96388,1.770268,TRUE,TRUE,0,2.3875
2015-8-12 9:28:39,66,152,2.021229,1.678324,TRUE,TRUE,0,2.3875
2015-8-12 9:28:41,66,151.9,2.009759,1.632352,TRUE,TRUE,0,3.5
2015-8-12 9:28:43,66,151.9,1.998289,1.70131,TRUE,TRUE,0,3.5
2015-8-12 9:28:44,66,151.9,1.918,1.96565,TRUE,TRUE,0,3.5
2015-8-12 9:28:46,66,151.9,1.837711,2.08058,TRUE,TRUE,0,3.5
2015-8-12 9:28:47,66,151.8,1.860651,2.057594,TRUE,TRUE,0,2.61
2015-8-12 9:28:49,66,151.8,1.918,2.069087,TRUE,TRUE,0,2.61
2015-8-12 9:28:51,66,151.8,1.95241,1.988636,TRUE,TRUE,0,1.72
2015-8-12 9:28:52,66,151.7,2.009759,1.931171,TRUE,TRUE,0,1.72
2015-8-12 9:28:54,66,151.7,2.032699,1.885199,TRUE,TRUE,0,3.5
2015-8-12 9:28:55,66,151.7,2.067109,1.839227,TRUE,TRUE,0,3.5
2015-8-12 9:28:57,66,151.7,2.158868,1.862213,TRUE,TRUE,0,3.5
2015-8-12 9:28:59,66,151.7,2.170338,1.942664,TRUE,TRUE,0,3.5
2015-8-12 9:29:0,66.1,151.6,2.135928,2.000129,TRUE,TRUE,0,3.5
2015-8-12 9:29:2,66.1,151.6,2.009759,2.08058,TRUE,TRUE,0,3.5
2015-8-12 9:29:3,66.1,151.5,1.849181,2.092073,TRUE,TRUE,0,3.5
2015-8-12 9:29:5,66.1,151.5,1.723012,2.092073,TRUE,TRUE,0,3.5
2015-8-12 9:29:7,66.1,151.5,1.562434,2.000129,TRUE,TRUE,0,2.61
2015-8-12 9:29:8,66.1,151.5,1.436265,1.885199,TRUE,TRUE,0,2.61
2015-8-12 9:29:10,66.1,151.5,1.310097,1.804748,TRUE,TRUE,0,1.4975
2015-8-12 9:29:11,66.1,151.4,1.310097,1.770268,TRUE,TRUE,0,1.4975
2015-8-12 9:29:13,66,151.4,1.321566,1.758775,TRUE,TRUE,0,1.4975
2015-8-12 9:29:15,66,151.4,1.321566,1.770268,TRUE,TRUE,0,1.4975
2015-8-12 9:29:16,66,151.3,1.333036,1.770268,TRUE,TRUE,0,1.4975
2015-8-12 9:29:18,66,151.3,1.298627,1.758775,TRUE,TRUE,0,1.4975
2015-8-12 9:29:19,66,151.3,1.264217,1.666831,TRUE,TRUE,0,1.4975
2015-8-12 9:29:21,66,151.2,1.310097,1.632352,TRUE,TRUE,0,1.4975
2015-8-12 9:29:23,66,151.2,1.344506,1.58638,TRUE,TRUE,0,1.4975
2015-8-12 9:29:24,66,151.2,1.378916,1.528915,TRUE,TRUE,0,1.4975
2015-8-12 9:29:26,66,151.2,1.424795,1.459957,TRUE,TRUE,0,1.4975
2015-8-12 9:29:27,66,151.2,1.447735,1.413985,TRUE,TRUE,0,1.4975
2015-8-12 9:29:29,66,151.2,1.505085,1.368012,TRUE,TRUE,0,1.4975
2015-8-12 9:29:31,66,151.1,1.550964,1.32204,TRUE,TRUE,0,1.4975
2015-8-12 9:29:32,66,151.1,1.585374,1.310547,TRUE,TRUE,0,1.4975
2015-8-12 9:29:34,66,151.1,1.642723,1.299054,TRUE,TRUE,0,1.4975
2015-8-12 9:29:35,66,151,1.677133,1.356519,TRUE,TRUE,0,2.3875
2015-8-12 9:29:37,66,151,1.723012,1.390998,TRUE,TRUE,0,2.3875
2015-8-12 9:29:39,66,151,1.711542,1.425478,TRUE,TRUE,0,3.2775
2015-8-12 9:29:40,66,151,1.654193,1.505929,TRUE,TRUE,0,3.2775
2015-8-12 9:29:42,66,150.9,1.516554,1.620859,TRUE,TRUE,0,3.2775
2015-8-12 9:29:43,66,150.9,1.413326,1.70131,TRUE,TRUE,0,3.2775
2015-8-12 9:29:45,66,150.9,1.321566,1.666831,TRUE,TRUE,0,1.4975
2015-8-12 9:29:47,66,150.9,1.298627,1.643845,TRUE,TRUE,0,1.4975
2015-8-12 9:29:48,66,150.9,1.241277,1.597873,TRUE,TRUE,0,1.4975
2015-8-12 9:29:50,66,150.9,1.172458,1.528915,TRUE,TRUE,0,1.4975
2015-8-12 9:29:51,66,150.8,1.172458,1.459957,TRUE,TRUE,0,1.4975
2015-8-12 9:29:53,66,150.8,1.218338,1.390998,TRUE,TRUE,0,1.4975
2015-8-12 9:29:55,66,150.8,1.355976,1.379506,TRUE,TRUE,0,1.4975
2015-8-12 9:29:56,66,150.7,1.447735,1.32204,TRUE,TRUE,0,1.4975
2015-8-12 9:29:58,65.9,150.7,1.436265,1.299054,TRUE,TRUE,0,1.4975
2015-8-12 9:29:59,66,150.7,1.424795,1.253082,TRUE,TRUE,0,1.4975
2015-8-12 9:30:1,65.9,150.6,1.436265,1.172631,TRUE,TRUE,0,1.4975
2015-8-12 9:30:3,66,150.6,1.493615,1.161138,TRUE,TRUE,0,1.4975
2015-8-12 9:30:4,66,150.6,1.528024,1.230096,TRUE,TRUE,0,1.4975
2015-8-12 9:30:6,66,150.6,1.528024,1.333533,TRUE,TRUE,0,1.4975
2015-8-12 9:30:7,66,150.6,1.608313,1.448464,TRUE,TRUE,0,1.4975
2015-8-12 9:30:9,66,150.6,1.619783,1.448464,TRUE,TRUE,0,1.4975
2015-8-12 9:30:11,66,150.6,1.768892,1.436971,TRUE,TRUE,0,1.4975
2015-8-12 9:30:12,66,150.5,1.711542,1.436971,TRUE,TRUE,0,1.4975
2015-8-12 9:30:14,66,150.5,1.642723,1.494436,TRUE,TRUE,0,1.9425
2015-8-12 9:30:15,66,150.5,1.585374,1.517422,TRUE,TRUE,0,1.9425
2015-8-12 9:30:17,66,150.5,1.573904,1.517422,TRUE,TRUE,0,1.4975
2015-8-12 9:30:19,66,150.5,1.619783,1.58638,TRUE,TRUE,0,1.4975
2015-8-12 9:30:20,66,150.5,1.677133,1.597873,TRUE,TRUE,0,1.4975
2015-8-12 9:30:22,66,150.5,1.734482,1.735789,TRUE,TRUE,0,1.4975
2015-8-12 9:30:23,66,150.4,1.814771,1.689817,TRUE,TRUE,0,2.3875
2015-8-12 9:30:25,66,150.4,1.895061,1.574887,TRUE,TRUE,0,2.3875
2015-8-12 9:30:27,66,150.4,1.872121,1.540408,TRUE,TRUE,0,3.2775
2015-8-12 9:30:28,66,150.4,1.757422,1.620859,TRUE,TRUE,0,3.2775
2015-8-12 9:30:30,66,150.4,1.608313,1.735789,TRUE,TRUE,0,2.3875
2015-8-12 9:30:31,66,150.4,1.562434,1.816241,TRUE,TRUE,0,2.3875
2015-8-12 9:30:33,66,150.3,1.619783,1.873706,TRUE,TRUE,0,1.4975
2015-8-12 9:30:35,66,150.3,1.654193,1.862213,TRUE,TRUE,0,1.4975
2015-8-12 9:30:36,66.1,150.3,1.677133,1.816241,TRUE,TRUE,0,2.3875
2015-8-12 9:30:38,66.1,150.3,1.619783,1.735789,TRUE,TRUE,0,2.3875
2015-8-12 9:30:39,66.1,150.3,1.562434,1.620859,TRUE,TRUE,0,3.2775
2015-8-12 9:30:41,66.1,150.3,1.516554,1.58638,TRUE,TRUE,0,3.2775
2015-8-12 9:30:43,66.1,150.3,1.585374,1.632352,TRUE,TRUE,0,1.4975
2015-8-12 9:30:44,66.1,150.3,1.539494,1.643845,TRUE,TRUE,0,1.4975
2015-8-12 9:30:46,66.1,150.3,1.493615,1.620859,TRUE,TRUE,0,1.4975
2015-8-12 9:30:47,66,150.3,1.573904,1.574887,TRUE,TRUE,0,1.4975
2015-8-12 9:30:49,66,150.3,1.700073,1.494436,TRUE,TRUE,0,1.4975
2015-8-12 9:30:51,66,150.3,1.768892,1.47145,TRUE,TRUE,0,1.4975
2015-8-12 9:30:52,66,150.4,1.791832,1.551901,TRUE,TRUE,0,1.9425
2015-8-12 9:30:54,66,150.4,1.745952,1.574887,TRUE,TRUE,0,1.9425
2015-8-12 9:30:55,66,150.4,1.723012,1.505929,TRUE,TRUE,0,2.8325
2015-8-12 9:30:57,66,150.4,1.677133,1.482943,TRUE,TRUE,0,2.8325
2015-8-12 9:30:59,66,150.4,1.585374,1.678324,TRUE,TRUE,0,2.3875
2015-8-12 9:31:0,66,150.4,1.528024,1.816241,TRUE,TRUE,0,2.3875
2015-8-12 9:31:2,66,150.4,1.424795,1.827734,TRUE,TRUE,0,1.4975
2015-8-12 9:31:3,66,150.4,1.413326,1.770268,TRUE,TRUE,0,1.4975
2015-8-12 9:31:5,66,150.3,1.424795,1.747282,TRUE,TRUE,0,1.4975
2015-8-12 9:31:7,66,150.3,1.493615,1.666831,TRUE,TRUE,0,1.4975
2015-8-12 9:31:8,66,150.3,1.539494,1.597873,TRUE,TRUE,0,1.4975
2015-8-12 9:31:10,66,150.3,1.550964,1.517422,TRUE,TRUE,0,1.4975
2015-8-12 9:31:11,66,150.2,1.573904,1.425478,TRUE,TRUE,0,1.4975
2015-8-12 9:31:13,66,150.1,1.596844,1.402492,TRUE,TRUE,0,1.4975
2015-8-12 9:31:15,66,150.1,1.654193,1.448464,TRUE,TRUE,0,1.4975
2015-8-12 9:31:16,66,150,1.745952,1.448464,TRUE,TRUE,0,1.4975
2015-8-12 9:31:18,66,150,1.837711,1.494436,TRUE,TRUE,0,2.3875
2015-8-12 9:31:19,66,150,1.895061,1.528915,TRUE,TRUE,0,2.3875
2015-8-12 9:31:21,66,149.9,1.98682,1.528915,TRUE,TRUE,0,3.2775
2015-8-12 9:31:23,66,149.9,2.112988,1.540408,TRUE,TRUE,0,3.2775
2015-8-12 9:31:24,66,149.9,2.388265,1.574887,TRUE,TRUE,0,3.5
2015-8-12 9:31:26,66,149.8,2.445615,1.666831,TRUE,TRUE,0,3.5
2015-8-12 9:31:27,66,149.8,2.422675,1.747282,TRUE,TRUE,0,3.5
2015-8-12 9:31:29,66,149.8,2.353856,2.023115,TRUE,TRUE,0,3.5
2015-8-12 9:31:31,66,149.9,2.262097,2.379399,TRUE,TRUE,0,3.5
2015-8-12 9:31:32,66,149.9,2.158868,2.390892,TRUE,TRUE,0,3.5
2015-8-12 9:31:34,66,149.9,2.009759,2.390892,TRUE,TRUE,0,3.5
2015-8-12 9:31:35,66,150,1.826241,2.333427,TRUE,TRUE,0,3.5
2015-8-12 9:31:37,66,150,1.619783,2.207004,TRUE,TRUE,0,3.5
2015-8-12 9:31:39,66,150.1,1.401856,2.126552,TRUE,TRUE,0,3.5
2015-8-12 9:31:40,66,150.3,1.401856,1.988636,TRUE,TRUE,0,1.4975
2015-8-12 9:31:42,66,150.3,1.539494,1.873706,TRUE,TRUE,0,1.4975
2015-8-12 9:31:43,66,150.4,1.700073,1.758775,TRUE,TRUE,0,1.4975
2015-8-12 9:31:45,66,150.5,1.791832,1.643845,TRUE,TRUE,0,1.4975
2015-8-12 9:31:47,66,150.7,1.837711,1.517422,TRUE,TRUE,0,1.9425
2015-8-12 9:31:48,66,150.8,1.918,1.379506,TRUE,TRUE,0,1.9425
2015-8-12 9:31:50,66,150.9,1.872121,1.333533,TRUE,TRUE,0,2.8325
2015-8-12 9:31:51,66,151,1.883591,1.494436,TRUE,TRUE,0,2.8325
2015-8-12 9:31:53,66,151.2,1.918,1.597873,TRUE,TRUE,0,3.5
2015-8-12 9:31:55,66,151.2,1.96388,1.735789,TRUE,TRUE,0,3.5
2015-8-12 9:31:56,66,151.4,2.009759,1.827734,TRUE,TRUE,0,3.5
2015-8-12 9:31:58,66,151.5,2.009759,1.827734,TRUE,TRUE,0,3.5
2015-8-12 9:31:59,66,151.6,1.998289,1.919678,TRUE,TRUE,0,3.5
2015-8-12 9:32:1,66,151.7,1.96388,1.908185,TRUE,TRUE,0,3.5
2015-8-12 9:32:3,65.9,151.8,2.032699,1.942664,TRUE,TRUE,0,3.5
2015-8-12 9:32:4,66,151.8,2.055639,2.023115,TRUE,TRUE,0,3.5
2015-8-12 9:32:6,65.9,152,2.124458,1.931171,TRUE,TRUE,0,3.5
2015-8-12 9:32:7,66,152,1.998289,2.000129,TRUE,TRUE,0,3.5
2015-8-12 9:32:9,66,152,1.883591,2.011622,TRUE,TRUE,0,3.5
2015-8-12 9:32:11,66,152.1,1.803301,2.069087,TRUE,TRUE,0,3.5
2015-8-12 9:32:12,66,152.1,1.677133,2.115059,TRUE,TRUE,0,2.61
2015-8-12 9:32:14,66,152.2,1.573904,2.000129,TRUE,TRUE,0,2.61
2015-8-12 9:32:15,66,152.2,1.482145,1.896692,TRUE,TRUE,0,1.72
2015-8-12 9:32:17,66,152.2,1.482145,1.862213,TRUE,TRUE,0,1.72
2015-8-12 9:32:19,66,152.2,1.470675,1.804748,TRUE,TRUE,0,1.4975
2015-8-12 9:32:20,66,152.3,1.505085,1.747282,TRUE,TRUE,0,1.4975
2015-8-12 9:32:22,66,152.3,1.596844,1.70131,TRUE,TRUE,0,1.4975
2015-8-12 9:32:23,66,152.2,1.757422,1.620859,TRUE,TRUE,0,1.4975
2015-8-12 9:32:25,66,152.2,1.90653,1.563394,TRUE,TRUE,0,2.3875
2015-8-12 9:32:27,66,152.2,2.170338,1.482943,TRUE,TRUE,0,2.3875
2015-8-12 9:32:28,66,152.1,2.204747,1.494436,TRUE,TRUE,0,3.5
2015-8-12 9:32:30,66,152.1,2.009759,1.551901,TRUE,TRUE,0,3.5
2015-8-12 9:32:31,66,152.1,1.918,1.758775,TRUE,TRUE,0,3.5
2015-8-12 9:32:33,66,152,1.849181,2.138045,TRUE,TRUE,0,3.5
2015-8-12 9:32:35,66,152,1.780362,2.115059,TRUE,TRUE,0,2.61
2015-8-12 9:32:36,66,152,1.814771,1.908185,TRUE,TRUE,0,2.61
2015-8-12 9:32:38,66,151.9,1.883591,1.896692,TRUE,TRUE,0,1.72
2015-8-12 9:32:39,66,151.8,1.90653,1.873706,TRUE,TRUE,0,1.72
2015-8-12 9:32:41,66,151.7,1.94094,1.816241,TRUE,TRUE,0,2.61
2015-8-12 9:32:43,66,151.7,1.918,1.816241,TRUE,TRUE,0,2.61
2015-8-12 9:32:44,66,151.6,1.95241,1.827734,TRUE,TRUE,0,3.5
2015-8-12 9:32:46,66,151.5,1.97535,1.862213,TRUE,TRUE,0,3.5
2015-8-12 9:32:47,66,151.5,1.97535,1.931171,TRUE,TRUE,0,3.5
2015-8-12 9:32:49,66,151.5,2.067109,1.931171,TRUE,TRUE,0,3.5
2015-8-12 9:32:51,66,151.4,2.124458,1.931171,TRUE,TRUE,0,3.5
2015-8-12 9:32:52,66,151.3,2.090049,1.919678,TRUE,TRUE,0,3.5
2015-8-12 9:32:54,66,151.3,2.055639,2.000129,TRUE,TRUE,0,3.5
2015-8-12 9:32:55,66,151.3,1.98682,2.103566,TRUE,TRUE,0,3.5
2015-8-12 9:32:57,66,151.2,1.90653,2.069087,TRUE,TRUE,0,3.5
2015-8-12 9:32:59,66,151.2,1.803301,2.023115,TRUE,TRUE,0,3.5
2015-8-12 9:33:0,66,151.2,1.814771,1.988636,TRUE,TRUE,0,2.61
2015-8-12 9:33:2,66,151.2,1.826241,1.954157,TRUE,TRUE,0,2.61
2015-8-12 9:33:3,66,151.2,1.768892,1.862213,TRUE,TRUE,0,1.72
2015-8-12 9:33:5,66,151.1,1.711542,1.816241,TRUE,TRUE,0,1.72
2015-8-12 9:33:7,66,151.1,1.642723,1.770268,TRUE,TRUE,0,1.4975
2015-8-12 9:33:8,66,151.1,1.573904,1.781762,TRUE,TRUE,0,1.4975
2015-8-12 9:33:10,66,151.1,1.550964,1.781762,TRUE,TRUE,0,1.4975
2015-8-12 9:33:11,66,151.1,1.562434,1.793254,TRUE,TRUE,0,1.4975
2015-8-12 9:33:13,66,151.1,1.608313,1.793254,TRUE,TRUE,0,1.4975
2015-8-12 9:33:15,66,151.1,1.688603,1.781762,TRUE,TRUE,0,1.4975
2015-8-12 9:33:16,66,151.2,1.780362,1.735789,TRUE,TRUE,0,2.3875
2015-8-12 9:33:18,66,151.2,1.98682,1.620859,TRUE,TRUE,0,2.3875
2015-8-12 9:33:19,66,151.2,2.044169,1.517422,TRUE,TRUE,0,3.2775
2015-8-12 9:33:21,66,151.2,2.067109,1.58638,TRUE,TRUE,0,3.2775
2015-8-12 9:33:23,66,151.2,2.078579,1.816241,TRUE,TRUE,0,3.5
2015-8-12 9:33:24,66,151.3,2.090049,2.115059,TRUE,TRUE,0,3.5
2015-8-12 9:33:26,66,151.3,2.078579,2.115059,TRUE,TRUE,0,3.5
2015-8-12 9:33:27,66,151.2,1.918,2.08058,TRUE,TRUE,0,3.5
2015-8-12 9:33:29,66,151.3,1.745952,2.08058,TRUE,TRUE,0,3.5
2015-8-12 9:33:31,66,151.3,1.539494,2.08058,TRUE,TRUE,0,3.5
2015-8-12 9:33:32,66,151.3,1.516554,1.931171,TRUE,TRUE,0,3.055
2015-8-12 9:33:34,66,151.3,1.92947,1.827734,TRUE,TRUE,0,3.055
2015-8-12 9:33:35,66,151.3,2.021229,1.655338,TRUE,TRUE,0,2.165
2015-8-12 9:33:37,66,151.3,2.032699,1.505929,TRUE,TRUE,0,2.165
2015-8-12 9:33:39,66,151.3,2.009759,1.448464,TRUE,TRUE,0,3.5
2015-8-12 9:33:40,66,151.3,2.021229,1.862213,TRUE,TRUE,0,3.5
2015-8-12 9:33:42,66,151.3,2.078579,2.046101,TRUE,TRUE,0,3.5
2015-8-12 9:33:43,66,151.2,2.204747,2.046101,TRUE,TRUE,0,3.5
2015-8-12 9:33:45,66,151.2,2.285037,2.046101,TRUE,TRUE,0,3.5
2015-8-12 9:33:47,66,151.2,2.250627,2.092073,TRUE,TRUE,0,3.5
2015-8-12 9:33:48,66,151.2,2.158868,2.184017,TRUE,TRUE,0,3.5
2015-8-12 9:33:50,66,151.2,2.055639,2.252976,TRUE,TRUE,0,3.5
2015-8-12 9:33:51,66,151.1,1.97535,2.207004,TRUE,TRUE,0,3.5
2015-8-12 9:33:53,66,151.1,1.872121,2.149539,TRUE,TRUE,0,3.5
2015-8-12 9:33:55,66,151,1.768892,2.069087,TRUE,TRUE,0,3.5
2015-8-12 9:33:56,66,151,1.723012,2.000129,TRUE,TRUE,0,3.5
2015-8-12 9:33:58,65.9,151,1.768892,1.873706,TRUE,TRUE,0,3.055
2015-8-12 9:33:59,65.9,150.9,1.872121,1.804748,TRUE,TRUE,0,3.055
2015-8-12 9:34:1,65.9,150.8,1.872121,1.70131,TRUE,TRUE,0,3.5
2015-8-12 9:34:3,65.9,150.8,1.780362,1.712803,TRUE,TRUE,0,3.5
2015-8-12 9:34:4,66,150.7,1.700073,1.793254,TRUE,TRUE,0,3.5
2015-8-12 9:34:6,65.9,150.7,1.677133,1.862213,TRUE,TRUE,0,3.5
2015-8-12 9:34:7,65.9,150.6,1.608313,1.827734,TRUE,TRUE,0,2.61
2015-8-12 9:34:9,66,150.6,1.585374,1.735789,TRUE,TRUE,0,2.61
2015-8-12 9:34:11,66,150.6,1.619783,1.70131,TRUE,TRUE,0,1.72
2015-8-12 9:34:12,66,150.5,1.642723,1.666831,TRUE,TRUE,0,1.72
2015-8-12 9:34:14,66,150.5,1.654193,1.678324,TRUE,TRUE,0,2.61
2015-8-12 9:34:15,66,150.5,1.677133,1.643845,TRUE,TRUE,0,2.61
2015-8-12 9:34:17,66,150.4,1.711542,1.58638,TRUE,TRUE,0,3.5
2015-8-12 9:34:19,65.9,150.4,1.745952,1.58638,TRUE,TRUE,0,3.5
2015-8-12 9:34:20,65.9,150.4,1.814771,1.620859,TRUE,TRUE,0,3.5
2015-8-12 9:34:22,66,150.4,1.883591,1.655338,TRUE,TRUE,0,3.5
2015-8-12 9:34:23,65.9,150.3,1.95241,1.689817,TRUE,TRUE,0,3.5
2015-8-12 9:34:25,65.9,150.3,2.044169,1.735789,TRUE,TRUE,0,3.5
2015-8-12 9:34:27,65.9,150.3,2.147398,1.781762,TRUE,TRUE,0,3.5
2015-8-12 9:34:28,65.9,150.3,2.090049,1.85072,TRUE,TRUE,0,3.5
2015-8-12 9:34:30,65.9,150.3,2.009759,1.954157,TRUE,TRUE,0,3.5
2015-8-12 9:34:31,65.9,150.3,1.860651,2.023115,TRUE,TRUE,0,3.5
2015-8-12 9:34:33,65.9,150.3,1.711542,2.069087,TRUE,TRUE,0,3.5
2015-8-12 9:34:35,66,150.3,1.585374,2.000129,TRUE,TRUE,0,3.5
2015-8-12 9:34:36,66,150.3,1.505085,1.908185,TRUE,TRUE,0,2.61
2015-8-12 9:34:38,66,150.3,1.493615,1.793254,TRUE,TRUE,0,2.61
2015-8-12 9:34:39,66,150.3,1.516554,1.70131,TRUE,TRUE,0,1.4975
2015-8-12 9:34:41,66,150.3,1.562434,1.632352,TRUE,TRUE,0,1.4975
2015-8-12 9:34:43,66,150.3,1.562434,1.597873,TRUE,TRUE,0,1.4975
2015-8-12 9:34:44,66,150.3,1.619783,1.563394,TRUE,TRUE,0,1.4975
2015-8-12 9:34:46,66,150.3,1.619783,1.528915,TRUE,TRUE,0,1.4975
2015-8-12 9:34:47,66,150.3,1.573904,1.528915,TRUE,TRUE,0,1.4975
2015-8-12 9:34:49,66,150.3,1.573904,1.551901,TRUE,TRUE,0,1.4975
2015-8-12 9:34:51,66,150.3,1.573904,1.563394,TRUE,TRUE,0,1.4975
2015-8-12 9:34:52,66.1,150.3,1.573904,1.632352,TRUE,TRUE,0,1.4975
2015-8-12 9:34:54,66.1,150.2,1.573904,1.609366,TRUE,TRUE,0,1.4975
2015-8-12 9:34:55,66,150.2,1.585374,1.689817,TRUE,TRUE,0,1.4975
2015-8-12 9:34:57,66.1,150.2,1.665663,1.666831,TRUE,TRUE,0,1.4975
2015-8-12 9:34:59,66,150.1,1.596844,1.655338,TRUE,TRUE,0,2.3875
2015-8-12 9:35:0,66.1,150.1,1.585374,1.643845,TRUE,TRUE,0,2.3875
