time,Tmp Husillo,Tmp Nozzle,Diametro X,Diametro Y,MEDIA,MARCHA,PARO,VELOCIDAD,,
2015-14-7-9:49:48,60.4,136.7,1.149518,1.161138,1.8171486725,TRUE,FALSE,0.75,,
2015-14-7-9:49:50,60.4,136.8,1.138048,1.172631,1.7254564915,TRUE,FALSE,0.75,,
2015-14-7-9:49:51,60.4,136.8,1.115109,1.161138,1.7613201906,TRUE,FALSE,0.75,,
2015-14-7-9:49:52,60.4,136.8,1.069229,1.149645,1.7114434959,TRUE,FALSE,0.75,,
2015-14-7-9:49:54,60.3,136.7,1.034819,1.138152,1.7068136275,TRUE,FALSE,0.75,,
2015-14-7-9:49:55,60.3,136.6,1.00041,1.126659,1.8949141472,TRUE,FALSE,0.75,,
2015-14-7-9:49:57,60.3,136.5,1.02335,1.103673,1.7276016918,TRUE,FALSE,0.75,,
2015-14-7-9:49:58,60.3,136.3,1.069229,1.046208,1.8980143202,TRUE,FALSE,0.75,,
2015-14-7-9:49:59,60.3,136.2,1.103639,1.011729,1.7663553696,TRUE,FALSE,0.75,,
2015-14-7-9:50:1,60.3,136.2,1.149518,1.000236,1.8293622423,TRUE,FALSE,0.75,,
2015-14-7-9:50:2,60.3,136.1,1.138048,1.000236,1.8479083845,TRUE,FALSE,0.75,,
2015-14-7-9:50:4,60.3,136.2,1.138048,1.034715,1.7218473245,TRUE,FALSE,0.75,,
2015-14-7-9:50:5,60.3,136.2,1.138048,1.057701,1.8320739444,TRUE,FALSE,0.75,,
2015-14-7-9:50:6,60.3,136.2,1.126578,1.103673,1.7525204815,TRUE,FALSE,0.75,,
2015-14-7-9:50:8,60.3,136.1,1.149518,1.103673,1.7014022926,TRUE,FALSE,0.75,,
2015-14-7-9:50:9,60.3,136.2,1.218338,1.115166,1.8016277937,TRUE,FALSE,0.75,,
2015-14-7-9:50:11,60.3,136.2,1.264217,1.09218,1.7165606012,TRUE,FALSE,0.75,,
2015-14-7-9:50:12,60.3,136.1,1.287157,1.103673,1.7532069975,TRUE,FALSE,0.75,,
2015-14-7-9:50:13,60.4,136,1.333036,1.126659,1.780307535,TRUE,FALSE,0.75,,
2015-14-7-9:50:15,60.4,136,1.344506,1.172631,1.763358953,TRUE,FALSE,0.75,,
2015-14-7-9:50:16,60.4,136,1.390386,1.195617,1.7796091867,TRUE,FALSE,0.75,,
2015-14-7-9:50:18,60.5,136,1.378916,1.230096,1.8620103513,TRUE,FALSE,0.75,,
2015-14-7-9:50:19,60.5,136,1.367446,1.264575,1.7050263117,TRUE,FALSE,0.75,,
2015-14-7-9:50:20,60.5,136,1.310097,1.299054,1.7356060434,TRUE,FALSE,0.75,,
2015-14-7-9:50:22,60.6,135.9,1.126578,1.32204,1.7549367758,TRUE,FALSE,0.75,,
2015-14-7-9:50:23,60.5,135.9,1.149518,1.356519,1.884819569,TRUE,FALSE,0.75,,
2015-14-7-9:50:25,60.6,135.9,1.310097,1.356519,1.800765614,TRUE,FALSE,0.75,,
2015-14-7-9:50:26,60.6,135.9,1.390386,1.299054,1.7015050193,TRUE,FALSE,0.75,,
2015-14-7-9:50:27,60.5,135.8,1.390386,1.126659,1.8567301645,TRUE,FALSE,0.75,,
2015-14-7-9:50:29,60.5,135.8,1.378916,1.149645,1.8939341778,TRUE,FALSE,0.75,,
2015-14-7-9:50:30,60.5,135.8,1.333036,1.287561,1.8431878716,TRUE,FALSE,0.75,,
2015-14-7-9:50:32,60.5,135.8,1.344506,1.345026,1.7386450358,TRUE,FALSE,0.75,,
2015-14-7-9:50:33,60.5,135.6,1.436265,1.356519,1.7690571295,TRUE,FALSE,0.75,,
2015-14-7-9:50:34,60.5,135.6,1.470675,1.345026,1.7166513109,TRUE,FALSE,0.75,,
2015-14-7-9:50:36,60.5,135.6,1.470675,1.345026,1.8008950876,TRUE,FALSE,0.75,,
2015-14-7-9:50:37,60.5,135.5,1.424795,1.333533,1.7651241412,TRUE,FALSE,0.75,,
2015-14-7-9:50:39,60.5,135.3,1.264217,1.379506,1.8265427163,TRUE,FALSE,0.75,,
2015-14-7-9:50:40,60.5,135.2,1.138048,1.425478,1.8555684919,TRUE,FALSE,0.75,,
2015-14-7-9:50:41,60.4,135.1,1.218338,1.436971,1.8691023873,TRUE,FALSE,0.75,,
2015-14-7-9:50:43,60.4,135.1,1.401856,1.368012,1.7763575626,TRUE,FALSE,0.75,,
2015-14-7-9:50:44,60.4,135,1.539494,1.218603,1.8005670348,TRUE,FALSE,0.75,,
2015-14-7-9:50:46,60.4,134.9,1.505085,1.09218,1.7103221453,TRUE,FALSE,0.75,,0.0000000000100564534*t^6-4.29505452E-009*t^5+6.75063061E-007*t^4-4.89128536*t^3+0.001692*t^2-0.0241870*t+1.9993343
2015-14-7-9:50:47,60.4,134.8,1.470675,1.172631,1.7490410444,TRUE,FALSE,0.75,,
2015-14-7-9:50:48,60.4,134.7,1.424795,1.287561,1.7893766341,TRUE,FALSE,0.75,,
2015-14-7-9:50:50,60.4,134.8,1.344506,1.563394,1.7919233865,TRUE,FALSE,0.75,,
2015-14-7-9:50:51,60.4,134.8,1.310097,1.459957,1.8244984791,TRUE,FALSE,0.75,,
2015-14-7-9:50:53,60.4,134.8,1.344506,1.448464,1.8576197011,TRUE,FALSE,0.75,,
2015-14-7-9:50:54,60.4,134.9,1.413326,1.402492,1.8695444888,TRUE,FALSE,0.75,,Laplace
2015-14-7-9:50:55,60.4,134.9,1.447735,1.32204,1.8211631057,TRUE,FALSE,0.75,,
2015-14-7-9:50:57,60.4,135,1.550964,1.276068,1.7161553775,TRUE,FALSE,0.75,,
2015-14-7-9:50:58,60.5,134.9,1.539494,1.32204,1.781325783,TRUE,FALSE,0.75,,
2015-14-7-9:51:0,60.5,134.9,1.573904,1.413985,1.8475943801,TRUE,FALSE,0.75,,2s^6-0.02418*s^5+0.003384*s^4-29.3477*s^3+0.0000162015*s^2-5.15407E-007*s+7.24065E-009
2015-14-7-9:51:1,60.5,134.8,1.711542,1.448464,1.720578923,TRUE,FALSE,0.75,,S^7
2015-14-7-9:51:2,60.5,134.7,1.872121,1.482943,1.8229832168,TRUE,FALSE,0.75,,
2015-14-7-9:51:4,60.5,134.7,1.791832,1.505929,1.7468931867,TRUE,FALSE,0.75,,
2015-14-7-9:51:5,60.5,134.6,1.642723,1.517422,1.8092736416,TRUE,FALSE,0.75,,
2015-14-7-9:51:7,60.5,134.5,1.528024,1.666831,1.8153148768,TRUE,FALSE,0.75,,
2015-14-7-9:51:8,60.5,134.5,1.482145,1.827734,1.8887668625,TRUE,FALSE,0.75,,
2015-14-7-9:51:9,60.5,134.5,1.562434,1.839227,1.8080063506,TRUE,FALSE,0.75,,
2015-14-7-9:51:11,60.5,134.4,1.734482,1.655338,1.7384283716,TRUE,FALSE,0.75,,
2015-14-7-9:51:12,60.5,134.4,1.860651,1.517422,1.7872203354,TRUE,FALSE,0.75,,
2015-14-7-9:51:14,60.5,134.4,1.883591,1.459957,1.7877922312,TRUE,FALSE,0.75,,
2015-14-7-9:51:15,60.5,134.4,2.101518,1.551901,1.8267095,TRUE,FALSE,0.75,,
2015-14-7-9:51:17,60.6,134.5,2.239157,1.712803,1.97598,TRUE,FALSE,0.75,,
2015-14-7-9:51:18,60.6,134.6,2.204747,1.827734,2.0162405,TRUE,FALSE,0.75,,
2015-14-7-9:51:19,60.6,134.7,2.135928,1.862213,1.9990705,TRUE,FALSE,0.75,,
2015-14-7-9:51:21,60.6,134.7,2.032699,2.023115,2.027907,TRUE,FALSE,0.75,,
2015-14-7-9:51:22,60.6,134.7,1.92947,2.218497,2.0739835,TRUE,FALSE,0.75,,
2015-14-7-9:51:24,60.6,134.7,1.837711,2.207004,2.0223575,TRUE,FALSE,0.75,,
2015-14-7-9:51:25,60.6,134.7,1.780362,2.149539,1.9649505,TRUE,FALSE,0.75,,
2015-14-7-9:51:26,60.5,134.7,1.734482,2.034608,1.884545,TRUE,FALSE,0.75,,
2015-14-7-9:51:28,60.5,134.8,1.745952,1.931171,1.8385615,TRUE,FALSE,0.75,,
2015-14-7-9:51:29,60.5,134.8,1.745952,1.839227,1.7925895,TRUE,FALSE,0.75,,
2015-14-7-9:51:31,60.5,134.8,1.757422,1.770268,1.763845,TRUE,FALSE,0.75,,
2015-14-7-9:51:32,60.5,134.9,1.780362,1.747282,1.763822,TRUE,FALSE,0.75,,
2015-14-7-9:51:33,60.5,134.8,1.849181,1.758775,1.803978,TRUE,FALSE,0.75,,
2015-14-7-9:51:35,60.5,134.8,1.883591,1.781762,1.8326765,TRUE,FALSE,0.75,,
2015-14-7-9:51:36,60.5,134.8,1.918,1.816241,1.8671205,TRUE,FALSE,0.75,,
2015-14-7-9:51:38,60.5,134.8,1.95241,1.839227,1.8958185,TRUE,FALSE,0.75,,
2015-14-7-9:51:39,60.5,134.9,1.97535,1.908185,1.9417675,TRUE,FALSE,0.75,,
2015-14-7-9:51:40,60.5,135,1.96388,1.942664,1.953272,TRUE,FALSE,0.75,,
2015-14-7-9:51:42,60.6,135,2.009759,1.96565,1.9877045,TRUE,TRUE,0.75,,
2015-14-7-9:51:43,60.6,135.1,2.032699,2.000129,2.016414,TRUE,TRUE,0.75,,
2015-14-7-9:51:45,60.6,135,2.055639,2.000129,2.027884,TRUE,TRUE,0.75,,
2015-14-7-9:51:46,60.6,134.9,2.090049,2.011622,2.0508355,TRUE,TRUE,0.75,,
2015-14-7-9:51:47,60.6,134.9,2.158868,2.057594,2.108231,TRUE,TRUE,0.75,,
2015-14-7-9:51:49,60.6,134.9,2.193277,2.08058,2.1369285,TRUE,TRUE,0.75,,
2015-14-7-9:51:50,60.5,135.1,2.170338,2.115059,2.1426985,TRUE,TRUE,0.75,,
2015-14-7-9:51:52,60.5,135.2,2.135928,2.115059,2.1254935,TRUE,TRUE,0.75,,
2015-14-7-9:51:53,60.6,135.3,2.090049,2.149539,2.119794,TRUE,TRUE,0.75,,
2015-14-7-9:51:54,60.5,135.3,2.055639,2.195511,2.125575,TRUE,TRUE,0.75,,
2015-14-7-9:51:56,60.5,135.3,2.021229,2.161031,2.09113,TRUE,TRUE,0.75,,
2015-14-7-9:51:57,60.5,135.3,2.009759,2.115059,2.062409,TRUE,TRUE,0.75,,
2015-14-7-9:51:59,60.5,135.3,1.998289,2.092073,2.045181,TRUE,TRUE,0.75,,
2015-14-7-9:52:0,60.4,135.3,1.97535,2.057594,2.016472,TRUE,TRUE,0.75,,
2015-14-7-9:52:1,60.4,135.5,1.90653,2.023115,1.9648225,TRUE,TRUE,0.75,,
2015-14-7-9:52:3,60.4,135.6,1.872121,2.011622,1.9418715,TRUE,TRUE,0.75,,
2015-14-7-9:52:4,60.4,135.7,1.860651,2.000129,1.93039,TRUE,TRUE,0.75,,
2015-14-7-9:52:6,60.4,135.8,1.837711,1.977143,1.907427,TRUE,TRUE,0.75,,
2015-14-7-9:52:7,60.4,135.9,1.826241,1.931171,1.878706,TRUE,TRUE,5,,
2015-14-7-9:52:8,60.4,136,1.872121,1.908185,1.890153,TRUE,TRUE,5,,
2015-14-7-9:52:10,60.4,136,1.998289,1.885199,1.941744,TRUE,TRUE,5,,
2015-14-7-9:52:11,60.4,136,2.147398,1.931171,2.0392845,TRUE,TRUE,5,,
2015-14-7-9:52:13,60.5,136,2.135928,2.000129,2.0680285,TRUE,TRUE,5,,
2015-14-7-9:52:14,60.5,136,2.112988,2.161031,2.1370095,TRUE,TRUE,5,,
2015-14-7-9:52:15,60.5,136,2.101518,2.184017,2.1427675,TRUE,TRUE,5,,
2015-14-7-9:52:17,60.5,136,2.090049,2.115059,2.102554,TRUE,TRUE,5,,
2015-14-7-9:52:18,60.5,136.1,2.135928,2.103566,2.119747,TRUE,TRUE,5,,
2015-14-7-9:52:20,60.5,136.1,2.158868,2.08058,2.119724,TRUE,TRUE,5,,
2015-14-7-9:52:21,60.6,136.1,2.204747,2.08058,2.1426635,TRUE,TRUE,5,,
2015-14-7-9:52:22,60.6,136.1,2.124458,2.149539,2.1369985,TRUE,TRUE,5,,
2015-14-7-9:52:24,60.6,136,2.067109,2.218497,2.142803,TRUE,TRUE,5,,
2015-14-7-9:52:25,60.6,136,2.021229,2.161031,2.09113,TRUE,TRUE,5,,
2015-14-7-9:52:27,60.6,135.7,1.95241,2.138045,2.0452275,TRUE,TRUE,5,,
2015-14-7-9:52:28,60.6,135.6,1.94094,2.092073,2.0165065,TRUE,TRUE,5,,
2015-14-7-9:52:29,60.6,135.6,1.96388,2.023115,1.9934975,TRUE,TRUE,5,,
2015-14-7-9:52:31,60.6,135.5,1.97535,1.96565,1.9705,TRUE,TRUE,5,,
2015-14-7-9:52:32,60.6,135.4,1.97535,1.977143,1.9762465,TRUE,TRUE,5,,
2015-14-7-9:52:34,60.6,135.4,1.97535,1.988636,1.981993,TRUE,TRUE,5,,
2015-14-7-9:52:35,60.6,135.4,2.009759,2.023115,2.016437,TRUE,TRUE,5,,
2015-14-7-9:52:36,60.6,135.4,1.94094,2.023115,1.9820275,TRUE,TRUE,5,,
2015-14-7-9:52:38,60.6,135.4,1.918,2.057594,1.987797,TRUE,TRUE,5,,
2015-14-7-9:52:39,60.5,135.3,1.860651,1.96565,1.9131505,TRUE,TRUE,5,,
2015-14-7-9:52:41,60.5,135.3,1.883591,1.908185,1.895888,TRUE,TRUE,5,,
2015-14-7-9:52:42,60.5,135.3,2.009759,1.873706,1.9417325,TRUE,TRUE,5,,
2015-14-7-9:52:43,60.5,135.2,2.044169,1.862213,1.953191,TRUE,TRUE,5,,
2015-14-7-9:52:45,60.5,135.2,2.009759,1.96565,1.9877045,TRUE,TRUE,5,,
2015-14-7-9:52:46,60.5,135.2,1.94094,2.057594,1.999267,TRUE,TRUE,5,,
2015-14-7-9:52:48,60.5,135.2,1.826241,2.000129,1.913185,TRUE,TRUE,5,,
2015-14-7-9:52:49,60.5,135.1,1.814771,1.96565,1.8902105,TRUE,TRUE,5,,
2015-14-7-9:52:50,60.5,135.1,1.757422,1.862213,1.8098175,TRUE,TRUE,5,,
2015-14-7-9:52:52,60.6,135,1.745952,1.793254,1.769603,TRUE,TRUE,5,,
2015-14-7-9:52:53,60.6,135,1.757422,1.770268,1.763845,TRUE,TRUE,5,,
2015-14-7-9:52:55,60.6,134.9,1.745952,1.781762,1.763857,TRUE,TRUE,5,,
2015-14-7-9:52:56,60.6,134.9,1.780362,1.735789,1.7580755,TRUE,TRUE,5,,
2015-14-7-9:52:57,60.6,134.9,1.723012,1.735789,1.7294005,TRUE,TRUE,5,,
2015-14-7-9:52:59,60.7,134.8,1.573904,1.712803,1.6433535,TRUE,TRUE,5,,
2015-14-7-9:53:0,60.7,134.7,1.447735,1.666831,1.557283,TRUE,TRUE,5,,
2015-14-7-9:53:2,60.7,134.7,1.367446,1.58638,1.476913,TRUE,TRUE,5,,
2015-14-7-9:53:3,60.7,134.7,1.287157,1.47145,1.3793035,TRUE,TRUE,5,,
2015-14-7-9:53:4,60.8,134.6,1.287157,1.333533,1.310345,TRUE,TRUE,5,,
2015-14-7-9:53:6,60.8,134.5,1.344506,1.287561,1.3160335,TRUE,TRUE,5,,
2015-14-7-9:53:7,60.8,134.5,1.562434,1.310547,1.4364905,TRUE,TRUE,5,,
2015-14-7-9:53:9,60.8,134.5,1.619783,1.345026,1.4824045,TRUE,TRUE,5,,
2015-14-7-9:53:10,60.8,134.6,1.344506,1.448464,1.396485,TRUE,TRUE,5,,
2015-14-7-9:53:11,60.8,134.6,1.241277,1.563394,1.4023355,TRUE,TRUE,5,,
2015-14-7-9:53:13,60.8,134.6,1.310097,1.345026,1.3275615,TRUE,TRUE,5,,
2015-14-7-9:53:14,60.8,134.5,1.390386,1.253082,1.321734,TRUE,TRUE,5,,
2015-14-7-9:53:16,60.8,134.5,1.355976,1.287561,1.3217685,TRUE,TRUE,5,,
2015-14-7-9:53:17,60.8,134.5,1.355976,1.379506,1.367741,TRUE,TRUE,5,,
2015-14-7-9:53:18,60.8,134.4,1.436265,1.345026,1.3906455,TRUE,TRUE,5,,
2015-14-7-9:53:20,60.8,134.5,1.550964,1.32204,1.436502,TRUE,TRUE,5,,
2015-14-7-9:53:21,60.7,134.4,1.596844,1.390998,1.493921,TRUE,TRUE,5,,
2015-14-7-9:53:23,60.7,134.4,1.608313,1.528915,1.568614,TRUE,TRUE,5,,
2015-14-7-9:53:24,60.7,134.5,1.539494,1.574887,1.5571905,TRUE,TRUE,5,,
2015-14-7-9:53:25,60.8,134.5,1.493615,1.58638,1.5399975,TRUE,TRUE,0.75,,
2015-14-7-9:53:27,60.8,134.5,1.482145,1.563394,1.5227695,TRUE,TRUE,0.75,,
2015-14-7-9:53:28,60.8,134.5,1.482145,1.528915,1.50553,TRUE,TRUE,0.75,,
2015-14-7-9:53:30,60.8,134.5,1.505085,1.482943,1.494014,TRUE,TRUE,0.75,,
2015-14-7-9:53:31,60.8,134.5,1.505085,1.459957,1.482521,TRUE,TRUE,0.75,,
2015-14-7-9:53:32,60.8,134.6,1.516554,1.459957,1.4882555,TRUE,TRUE,0.75,,
2015-14-7-9:53:34,60.8,134.7,1.539494,1.459957,1.4997255,TRUE,TRUE,0.75,,
2015-14-7-9:53:35,60.8,134.7,1.539494,1.482943,1.5112185,TRUE,TRUE,0.75,,
2015-14-7-9:53:37,60.8,134.7,1.528024,1.494436,1.51123,TRUE,TRUE,0.75,,
2015-14-7-9:53:38,60.8,134.5,1.505085,1.482943,1.494014,TRUE,TRUE,0.75,,
2015-14-7-9:53:39,60.8,134.5,1.459205,1.517422,1.4883135,TRUE,TRUE,0.75,,
2015-14-7-9:53:41,60.8,134.5,1.401856,1.528915,1.4653855,TRUE,TRUE,0.75,,
2015-14-7-9:53:42,60.8,134.6,1.378916,1.517422,1.448169,TRUE,TRUE,0.75,,
2015-14-7-9:53:44,60.8,134.6,1.367446,1.505929,1.4366875,TRUE,TRUE,0.75,,
2015-14-7-9:53:45,60.8,134.7,1.436265,1.47145,1.4538575,TRUE,TRUE,0.75,,
2015-14-7-9:53:47,60.8,134.7,1.470675,1.413985,1.44233,TRUE,TRUE,0.75,,
2015-14-7-9:53:48,60.8,134.7,1.470675,1.390998,1.4308365,TRUE,TRUE,0.75,,
2015-14-7-9:53:49,60.8,134.7,1.482145,1.390998,1.4365715,TRUE,TRUE,0.75,,
2015-14-7-9:53:51,60.8,134.7,1.505085,1.47145,1.4882675,TRUE,TRUE,0.75,,
2015-14-7-9:53:52,60.7,134.9,1.505085,1.505929,1.505507,TRUE,TRUE,0.75,,
2015-14-7-9:53:54,60.7,135.1,1.539494,1.517422,1.528458,TRUE,TRUE,0.75,,
2015-14-7-9:53:55,60.7,135.3,1.539494,1.482943,1.5112185,TRUE,TRUE,0.75,,
2015-14-7-9:53:56,60.7,135.6,1.562434,1.505929,1.5341815,TRUE,TRUE,0.75,,
2015-14-7-9:53:58,60.7,135.8,1.596844,1.517422,1.557133,TRUE,TRUE,0.75,,
2015-14-7-9:53:59,60.7,136,1.539494,1.563394,1.551444,TRUE,TRUE,0.75,,
2015-14-7-9:54:1,60.7,136,1.516554,1.551901,1.5342275,TRUE,TRUE,0.75,,
2015-14-7-9:54:2,60.8,136.2,1.516554,1.597873,1.5572135,TRUE,TRUE,0.75,,
2015-14-7-9:54:3,60.8,136.2,1.516554,1.620859,1.5687065,TRUE,TRUE,0.75,,
2015-14-7-9:54:5,60.8,136.3,1.528024,1.597873,1.5629485,TRUE,TRUE,0.75,,
2015-14-7-9:54:6,60.8,136.4,1.528024,1.58638,1.557202,TRUE,TRUE,0.75,,
2015-14-7-9:54:8,60.9,136.4,1.505085,1.574887,1.539986,TRUE,TRUE,0.75,,
2015-14-7-9:54:9,60.9,136.4,1.505085,1.563394,1.5342395,TRUE,TRUE,0.75,,
2015-14-7-9:54:10,61,136.2,1.562434,1.551901,1.5571675,TRUE,TRUE,0.75,,
2015-14-7-9:54:12,61,136.2,1.528024,1.563394,1.545709,TRUE,TRUE,0.75,,
2015-14-7-9:54:13,60.9,136.2,1.516554,1.528915,1.5227345,TRUE,TRUE,0.75,,
2015-14-7-9:54:15,60.9,136.2,1.482145,1.540408,1.5112765,TRUE,TRUE,0.75,,
2015-14-7-9:54:16,60.9,136.3,1.505085,1.58638,1.5457325,TRUE,TRUE,0.75,,
2015-14-7-9:54:17,61,136.2,1.505085,1.574887,1.539986,TRUE,TRUE,0.75,,
2015-14-7-9:54:19,61,136.2,1.493615,1.551901,1.522758,TRUE,TRUE,0.75,,
2015-14-7-9:54:20,61,136.4,1.482145,1.528915,1.50553,TRUE,TRUE,0.75,,
2015-14-7-9:54:22,61,136.5,1.493615,1.517422,1.5055185,TRUE,TRUE,0.75,,
2015-14-7-9:54:23,60.9,136.6,1.470675,1.517422,1.4940485,TRUE,TRUE,0.75,,
2015-14-7-9:54:24,60.9,136.8,1.459205,1.528915,1.49406,TRUE,TRUE,0.75,,
2015-14-7-9:54:26,60.9,136.8,1.436265,1.540408,1.4883365,TRUE,TRUE,0.75,,
2015-14-7-9:54:27,60.9,136.9,1.447735,1.528915,1.488325,TRUE,TRUE,0.75,,
2015-14-7-9:54:29,60.9,136.9,1.459205,1.528915,1.49406,TRUE,TRUE,0.75,,
2015-14-7-9:54:30,60.8,137,1.482145,1.494436,1.4882905,TRUE,TRUE,0.75,,
2015-14-7-9:54:31,60.8,137,1.482145,1.459957,1.471051,TRUE,TRUE,0.75,,
2015-14-7-9:54:33,60.8,137,1.459205,1.459957,1.459581,TRUE,TRUE,0.75,,
2015-14-7-9:54:34,60.8,136.9,1.470675,1.459957,1.465316,TRUE,TRUE,0.75,,
2015-14-7-9:54:36,60.8,136.9,1.505085,1.448464,1.4767745,TRUE,TRUE,0.75,,
2015-14-7-9:54:37,60.8,136.8,1.528024,1.482943,1.5054835,TRUE,TRUE,0.75,,
2015-14-7-9:54:38,60.8,136.7,1.516554,1.482943,1.4997485,TRUE,TRUE,0.75,,
2015-14-7-9:54:40,60.9,136.7,1.528024,1.482943,1.5054835,TRUE,TRUE,0.75,,
2015-14-7-9:54:41,60.9,136.6,1.539494,1.482943,1.5112185,TRUE,TRUE,0.75,,
2015-14-7-9:54:43,60.9,136.6,1.505085,1.528915,1.517,TRUE,TRUE,0.75,,
2015-14-7-9:54:44,60.9,136.6,1.493615,1.517422,1.5055185,TRUE,TRUE,0.75,,
2015-14-7-9:54:45,61,136.6,1.470675,1.505929,1.488302,TRUE,TRUE,0.75,,
2015-14-7-9:54:47,61,136.7,1.470675,1.540408,1.5055415,TRUE,TRUE,0.75,,
2015-14-7-9:54:48,61,136.7,1.424795,1.540408,1.4826015,TRUE,TRUE,0.75,,
2015-14-7-9:54:50,61,136.7,1.413326,1.517422,1.465374,TRUE,TRUE,0.75,,
2015-14-7-9:54:51,61,136.7,1.447735,1.505929,1.476832,TRUE,TRUE,0.75,,
2015-14-7-9:54:52,61,136.8,1.528024,1.482943,1.5054835,TRUE,TRUE,0.75,,
2015-14-7-9:54:54,61.1,136.8,1.677133,1.459957,1.568545,TRUE,TRUE,0.75,,
2015-14-7-9:54:55,61.1,136.9,1.814771,1.425478,1.6201245,TRUE,TRUE,0.75,,
2015-14-7-9:54:57,61.1,136.9,1.895061,1.47145,1.6832555,TRUE,TRUE,0.75,,
2015-14-7-9:54:58,61.1,136.7,1.96388,1.540408,1.752144,TRUE,TRUE,0.75,,
2015-14-7-9:54:59,61.1,136.7,2.009759,1.70131,1.8555345,TRUE,TRUE,0.75,,
2015-14-7-9:55:1,61.2,136.7,1.98682,1.816241,1.9015305,TRUE,TRUE,0.75,,
2015-14-7-9:55:2,61.2,136.6,1.94094,1.919678,1.930309,TRUE,TRUE,0.75,,
2015-14-7-9:55:4,61.2,136.6,1.918,1.954157,1.9360785,TRUE,TRUE,0.75,,
2015-14-7-9:55:5,61.2,136.5,1.918,2.011622,1.964811,TRUE,TRUE,0.75,,
2015-14-7-9:55:6,61.1,136.5,1.92947,1.988636,1.959053,TRUE,TRUE,0.75,,
2015-14-7-9:55:8,61.1,136.5,1.94094,1.954157,1.9475485,TRUE,TRUE,0.75,,
2015-14-7-9:55:9,61.1,136.5,1.92947,1.931171,1.9303205,TRUE,TRUE,0.75,,
2015-14-7-9:55:11,61.1,136.4,1.90653,1.931171,1.9188505,TRUE,TRUE,0.75,,
2015-14-7-9:55:12,61.1,136.3,1.883591,1.919678,1.9016345,TRUE,TRUE,0.75,,
2015-14-7-9:55:13,61.1,136.2,1.872121,1.942664,1.9073925,TRUE,TRUE,0.75,,
2015-14-7-9:55:15,61.1,136.2,1.883591,1.942664,1.9131275,TRUE,TRUE,0.75,,
2015-14-7-9:55:16,61.1,136.2,1.90653,1.908185,1.9073575,TRUE,TRUE,0.75,,
2015-14-7-9:55:18,61.1,136.1,1.918,1.896692,1.907346,TRUE,TRUE,0.75,,
2015-14-7-9:55:19,61.1,136.2,1.918,1.896692,1.907346,TRUE,TRUE,0.75,,
2015-14-7-9:55:20,61.1,136.2,1.90653,1.896692,1.901611,TRUE,TRUE,0.75,,
2015-14-7-9:55:22,61.1,136.2,1.895061,1.908185,1.901623,TRUE,TRUE,0.75,,
2015-14-7-9:55:23,61.1,136.3,1.837711,1.942664,1.8901875,TRUE,TRUE,0.75,,
2015-14-7-9:55:25,61.1,136.3,1.803301,1.908185,1.855743,TRUE,TRUE,0.75,,
2015-14-7-9:55:26,61.1,136.3,1.849181,1.919678,1.8844295,TRUE,TRUE,0.75,,
2015-14-7-9:55:27,61,136.3,1.895061,1.896692,1.8958765,TRUE,TRUE,0.75,,
2015-14-7-9:55:29,61,136.3,1.895061,1.85072,1.8728905,TRUE,TRUE,0.75,,
2015-14-7-9:55:30,61,136.4,1.94094,1.827734,1.884337,TRUE,TRUE,0.75,,
2015-14-7-9:55:32,61,136.4,1.998289,1.896692,1.9474905,TRUE,TRUE,0.75,,
2015-14-7-9:55:33,61,136.5,1.998289,1.919678,1.9589835,TRUE,TRUE,0.75,,
2015-14-7-9:55:34,61,136.5,1.998289,1.942664,1.9704765,TRUE,TRUE,0.75,,
2015-14-7-9:55:36,61.1,136.5,1.98682,1.96565,1.976235,TRUE,TRUE,0.75,,
2015-14-7-9:55:37,61.1,136.5,1.96388,2.023115,1.9934975,TRUE,TRUE,0.75,,
2015-14-7-9:55:39,61.1,136.4,1.92947,2.057594,1.993532,TRUE,TRUE,0.75,,
2015-14-7-9:55:40,61.1,136.4,1.918,2.057594,1.987797,TRUE,TRUE,0.75,,
2015-14-7-9:55:41,61.1,136.4,1.895061,2.011622,1.9533415,TRUE,TRUE,0.75,,
2015-14-7-9:55:43,61.1,136.4,1.849181,1.954157,1.901669,TRUE,TRUE,0.75,,
2015-14-7-9:55:44,61.2,136.3,1.803301,1.919678,1.8614895,TRUE,TRUE,0.75,,
2015-14-7-9:55:46,61.2,136.2,1.768892,1.908185,1.8385385,TRUE,TRUE,0.75,,
2015-14-7-9:55:47,61.2,136.2,1.745952,1.885199,1.8155755,TRUE,TRUE,0.75,,
2015-14-7-9:55:48,61.2,136.2,1.734482,1.839227,1.7868545,TRUE,TRUE,0.75,,
2015-14-7-9:55:50,61.2,136.2,1.757422,1.804748,1.781085,TRUE,TRUE,0.75,,
2015-14-7-9:55:51,61.2,136.1,1.780362,1.793254,1.786808,TRUE,TRUE,0.75,,
2015-14-7-9:55:53,61.2,136,1.791832,1.747282,1.769557,TRUE,TRUE,0.75,,
2015-14-7-9:55:54,61.2,135.9,1.837711,1.758775,1.798243,TRUE,TRUE,0.75,,
2015-14-7-9:55:55,61.2,135.8,1.849181,1.724296,1.7867385,TRUE,TRUE,0.75,,
2015-14-7-9:55:57,61.2,135.7,1.895061,1.735789,1.815425,TRUE,TRUE,0.75,,
2015-14-7-9:55:58,61.2,135.7,1.94094,1.735789,1.8383645,TRUE,TRUE,5,,
2015-14-7-9:56:0,61.2,135.7,1.94094,1.781762,1.861351,TRUE,TRUE,5,,
2015-14-7-9:56:1,61.2,135.6,1.92947,1.885199,1.9073345,TRUE,TRUE,5,,
2015-14-7-9:56:2,61.2,135.6,1.883591,1.942664,1.9131275,TRUE,TRUE,5,,
2015-14-7-9:56:4,61.2,135.5,1.872121,1.908185,1.890153,TRUE,TRUE,5,,
2015-14-7-9:56:5,61.3,135.5,1.860651,1.873706,1.8671785,TRUE,TRUE,5,,
2015-14-7-9:56:7,61.3,135.3,1.826241,1.873706,1.8499735,TRUE,TRUE,5,,
2015-14-7-9:56:8,61.3,135.3,1.826241,1.827734,1.8269875,TRUE,TRUE,5,,
2015-14-7-9:56:9,61.3,135.3,1.895061,1.770268,1.8326645,TRUE,TRUE,5,,
2015-14-7-9:56:11,61.2,135.3,1.92947,1.770268,1.849869,TRUE,TRUE,5,,
2015-14-7-9:56:12,61.2,135.2,1.96388,1.839227,1.9015535,TRUE,TRUE,5,,
2015-14-7-9:56:14,61.2,135.1,1.96388,1.885199,1.9245395,TRUE,TRUE,5,,
2015-14-7-9:56:15,61.2,135.1,1.95241,1.931171,1.9417905,TRUE,TRUE,5,,
2015-14-7-9:56:16,61.2,135.1,1.98682,1.942664,1.964742,TRUE,TRUE,5,,
2015-14-7-9:56:18,61.2,135,1.97535,1.942664,1.959007,TRUE,TRUE,5,,
2015-14-7-9:56:19,61.2,135,1.97535,1.988636,1.981993,TRUE,TRUE,5,,
2015-14-7-9:56:21,61.2,134.9,2.044169,1.977143,2.010656,TRUE,TRUE,5,,
2015-14-7-9:56:22,61.2,135,2.124458,1.954157,2.0393075,TRUE,TRUE,5,,
2015-14-7-9:56:23,61.2,135,2.193277,2.023115,2.108196,TRUE,TRUE,5,,
2015-14-7-9:56:25,61.2,135,2.262097,2.08058,2.1713385,TRUE,TRUE,5,,
2015-14-7-9:56:26,61.2,134.9,2.285037,2.057594,2.1713155,TRUE,TRUE,5,,
2015-14-7-9:56:28,61.3,134.9,2.307976,2.000129,2.1540525,TRUE,TRUE,5,,
2015-14-7-9:56:29,61.2,134.9,2.342386,1.919678,2.131032,TRUE,TRUE,5,,
2015-14-7-9:56:30,61.2,135,2.307976,1.896692,2.102334,TRUE,TRUE,5,,
2015-14-7-9:56:32,61.3,135,2.250627,1.862213,2.05642,TRUE,TRUE,5,,
2015-14-7-9:56:33,61.3,135,2.204747,1.816241,2.010494,TRUE,TRUE,5,,
2015-14-7-9:56:35,61.3,135,2.307976,1.827734,2.067855,TRUE,TRUE,5,,
2015-14-7-9:56:36,61.3,135.1,2.319446,1.793254,2.05635,TRUE,TRUE,5,,
2015-14-7-9:56:37,61.3,135.2,2.319446,1.758775,2.0391105,TRUE,TRUE,5,,
2015-14-7-9:56:39,61.3,135.3,2.273566,1.758775,2.0161705,TRUE,TRUE,5,,
2015-14-7-9:56:40,61.3,135.3,2.262097,1.735789,1.998943,TRUE,TRUE,5,,
2015-14-7-9:56:42,61.3,135.4,2.193277,1.735789,1.964533,TRUE,TRUE,0.75,,
2015-14-7-9:56:43,61.3,135.5,2.147398,1.816241,1.9818195,TRUE,TRUE,0.75,,
2015-14-7-9:56:44,61.3,135.5,2.112988,1.839227,1.9761075,TRUE,TRUE,0.75,,
2015-14-7-9:56:46,61.3,135.6,2.009759,1.873706,1.9417325,TRUE,TRUE,0.75,,
2015-14-7-9:56:47,61.3,135.5,2.021229,1.931171,1.9762,TRUE,TRUE,0.75,,
2015-14-7-9:56:49,61.3,135.4,2.021229,1.919678,1.9704535,TRUE,TRUE,0.75,,
2015-14-7-9:56:50,61.3,135.4,1.998289,1.85072,1.9245045,TRUE,TRUE,0.75,,
2015-14-7-9:56:51,61.3,135.4,1.998289,1.908185,1.953237,TRUE,TRUE,0.75,,
2015-14-7-9:56:53,61.3,135.5,2.032699,1.839227,1.935963,TRUE,TRUE,0.75,,
2015-14-7-9:56:54,61.3,135.5,2.044169,1.781762,1.9129655,TRUE,TRUE,0.75,,
2015-14-7-9:56:56,61.3,135.6,1.998289,1.758775,1.878532,TRUE,TRUE,0.75,,
2015-14-7-9:56:57,61.3,135.6,1.895061,1.735789,1.815425,TRUE,TRUE,0.75,,
2015-14-7-9:56:58,61.3,135.7,1.803301,1.666831,1.735066,TRUE,TRUE,0.75,,
2015-14-7-9:57:0,61.3,135.8,1.711542,1.597873,1.6547075,TRUE,TRUE,0.75,,
2015-14-7-9:57:1,61.3,135.8,1.619783,1.540408,1.5800955,TRUE,TRUE,0.75,,
2015-14-7-9:57:3,61.3,135.8,1.550964,1.517422,1.534193,TRUE,TRUE,0.75,,
2015-14-7-9:57:4,61.3,135.8,1.493615,1.482943,1.488279,TRUE,TRUE,0.75,,
2015-14-7-9:57:5,61.3,135.7,1.447735,1.494436,1.4710855,TRUE,TRUE,0.75,,
2015-14-7-9:57:7,61.3,135.8,1.413326,1.505929,1.4596275,TRUE,TRUE,0.75,,
2015-14-7-9:57:8,61.3,135.8,1.390386,1.494436,1.442411,TRUE,TRUE,0.75,,
2015-14-7-9:57:10,61.3,135.8,1.378916,1.482943,1.4309295,TRUE,TRUE,0.75,,
2015-14-7-9:57:11,61.3,135.8,1.390386,1.47145,1.430918,TRUE,TRUE,0.75,,
2015-14-7-9:57:12,61.3,135.7,1.390386,1.425478,1.407932,TRUE,TRUE,0.75,,
2015-14-7-9:57:14,61.3,135.5,1.401856,1.402492,1.402174,TRUE,TRUE,0.75,,
2015-14-7-9:57:15,61.3,135.3,1.390386,1.390998,1.390692,TRUE,TRUE,0.75,,
2015-14-7-9:57:17,61.3,135.3,1.401856,1.390998,1.396427,TRUE,TRUE,0.75,,
2015-14-7-9:57:18,61.2,135.3,1.413326,1.390998,1.402162,TRUE,TRUE,0.75,,
2015-14-7-9:57:19,61.2,135.3,1.390386,1.402492,1.396439,TRUE,TRUE,0.75,,
2015-14-7-9:57:21,61.2,135.3,1.344506,1.413985,1.3792455,TRUE,TRUE,0.75,,
2015-14-7-9:57:22,61.2,135.2,1.321566,1.402492,1.362029,TRUE,TRUE,0.75,,
2015-14-7-9:57:24,61.2,135.2,1.287157,1.413985,1.350571,TRUE,TRUE,0.75,,
2015-14-7-9:57:25,61.2,135.2,1.298627,1.390998,1.3448125,TRUE,TRUE,0.75,,
2015-14-7-9:57:26,61.2,135.2,1.378916,1.333533,1.3562245,TRUE,TRUE,0.75,,
2015-14-7-9:57:28,61.2,135.2,1.562434,1.32204,1.442237,TRUE,TRUE,0.75,,
2015-14-7-9:57:29,61.2,135.2,1.596844,1.276068,1.436456,TRUE,TRUE,0.75,,
2015-14-7-9:57:31,61.2,135,1.585374,1.299054,1.442214,TRUE,TRUE,0.75,,
2015-14-7-9:57:32,61.2,134.9,1.562434,1.379506,1.47097,TRUE,TRUE,0.75,,
2015-14-7-9:57:33,61.2,134.7,1.528024,1.563394,1.545709,TRUE,TRUE,0.75,,
2015-14-7-9:57:35,61.2,134.7,1.505085,1.58638,1.5457325,TRUE,TRUE,0.75,,
2015-14-7-9:57:36,61.2,134.7,1.459205,1.551901,1.505553,TRUE,TRUE,0.75,,
2015-14-7-9:57:38,61.2,134.7,1.436265,1.563394,1.4998295,TRUE,TRUE,0.75,,
2015-14-7-9:57:39,61.2,134.7,1.424795,1.505929,1.465362,TRUE,TRUE,0.75,,
2015-14-7-9:57:40,61.2,134.7,1.413326,1.482943,1.4481345,TRUE,TRUE,0.75,,
2015-14-7-9:57:42,61.3,134.6,1.436265,1.459957,1.448111,TRUE,TRUE,0.75,,
2015-14-7-9:57:43,61.3,134.6,1.424795,1.425478,1.4251365,TRUE,TRUE,0.75,,
2015-14-7-9:57:45,61.3,134.6,1.447735,1.413985,1.43086,TRUE,TRUE,0.75,,
2015-14-7-9:57:46,61.3,134.7,1.459205,1.47145,1.4653275,TRUE,TRUE,0.75,,
2015-14-7-9:57:47,61.3,134.7,1.436265,1.482943,1.459604,TRUE,TRUE,0.75,,
2015-14-7-9:57:49,61.2,134.7,1.436265,1.482943,1.459604,TRUE,TRUE,0.75,,
2015-14-7-9:57:50,61.2,134.7,1.436265,1.494436,1.4653505,TRUE,TRUE,0.75,,
2015-14-7-9:57:52,61.2,134.7,1.436265,1.494436,1.4653505,TRUE,TRUE,0.75,,
2015-14-7-9:57:53,61.1,134.7,1.436265,1.482943,1.459604,TRUE,TRUE,0.75,,
2015-14-7-9:57:54,61.1,134.6,1.459205,1.47145,1.4653275,TRUE,TRUE,0.75,,
2015-14-7-9:57:56,61.1,134.6,1.493615,1.482943,1.488279,TRUE,TRUE,0.75,,
2015-14-7-9:57:57,61.1,134.5,1.493615,1.459957,1.476786,TRUE,TRUE,0.75,,
2015-14-7-9:57:59,61.1,134.4,1.482145,1.47145,1.4767975,TRUE,TRUE,0.75,,
2015-14-7-9:58:0,61.1,134.4,1.482145,1.47145,1.4767975,TRUE,TRUE,0.75,,
2015-14-7-9:58:1,61.1,134.5,1.493615,1.505929,1.499772,TRUE,TRUE,0.75,,
2015-14-7-9:58:3,61.1,134.5,1.516554,1.494436,1.505495,TRUE,TRUE,0.75,,
2015-14-7-9:58:4,61.2,134.5,1.585374,1.482943,1.5341585,TRUE,TRUE,0.75,,
2015-14-7-9:58:6,61.2,134.4,1.619783,1.494436,1.5571095,TRUE,TRUE,0.75,,
2015-14-7-9:58:7,61.2,134.3,1.677133,1.482943,1.580038,TRUE,TRUE,0.75,,
2015-14-7-9:58:8,61.2,134.2,1.757422,1.482943,1.6201825,TRUE,TRUE,0.75,,
2015-14-7-9:58:10,61.2,134.1,1.791832,1.540408,1.66612,TRUE,TRUE,0.75,,
2015-14-7-9:58:11,61.2,133.9,1.872121,1.58638,1.7292505,TRUE,TRUE,0.75,,
2015-14-7-9:58:13,61.2,133.9,1.895061,1.632352,1.7637065,TRUE,TRUE,0.75,,
2015-14-7-9:58:14,61.2,133.9,1.895061,1.678324,1.7866925,TRUE,TRUE,0.75,,
2015-14-7-9:58:15,61.2,134,1.849181,1.747282,1.7982315,TRUE,TRUE,0.75,,
2015-14-7-9:58:17,61.2,134,1.837711,1.816241,1.826976,TRUE,TRUE,0.75,,
2015-14-7-9:58:18,61.2,134.1,1.849181,1.85072,1.8499505,TRUE,TRUE,0.75,,
2015-14-7-9:58:20,61.2,134.2,1.860651,1.862213,1.861432,TRUE,TRUE,0.75,,
2015-14-7-9:58:21,61.2,134.2,1.883591,1.827734,1.8556625,TRUE,TRUE,0.75,,
2015-14-7-9:58:22,61.2,134.2,1.883591,1.804748,1.8441695,TRUE,TRUE,0.75,,
2015-14-7-9:58:24,61.2,134.2,1.90653,1.827734,1.867132,TRUE,TRUE,0.75,,
2015-14-7-9:58:25,61.2,134.3,1.895061,1.839227,1.867144,TRUE,TRUE,0.75,,
2015-14-7-9:58:27,61.2,134.4,1.883591,1.839227,1.861409,TRUE,TRUE,0.75,,
2015-14-7-9:58:28,61.2,134.6,1.883591,1.862213,1.872902,TRUE,TRUE,0.75,,
2015-14-7-9:58:29,61.2,134.9,1.837711,1.862213,1.849962,TRUE,TRUE,0.75,,
2015-14-7-9:58:31,61.2,135.2,1.814771,1.885199,1.849985,TRUE,TRUE,0.75,,
2015-14-7-9:58:32,61.2,135.3,1.826241,1.885199,1.85572,TRUE,TRUE,0.75,,
2015-14-7-9:58:34,61.2,135.6,1.780362,1.896692,1.838527,TRUE,TRUE,0.75,,
2015-14-7-9:58:35,61.2,135.8,1.745952,1.873706,1.809829,TRUE,TRUE,0.75,,
2015-14-7-9:58:36,61.2,136.1,1.734482,1.862213,1.7983475,TRUE,TRUE,0.75,,
2015-14-7-9:58:38,61.2,136.2,1.768892,1.839227,1.8040595,TRUE,TRUE,0.75,,
2015-14-7-9:58:39,61.2,136.3,1.723012,1.781762,1.752387,TRUE,TRUE,0.75,,
2015-14-7-9:58:41,61.2,136.5,1.665663,1.758775,1.712219,TRUE,TRUE,0.75,,
2015-14-7-9:58:42,61.2,136.7,1.608313,1.747282,1.6777975,TRUE,TRUE,0.75,,
2015-14-7-9:58:43,61.2,136.7,1.642723,1.781762,1.7122425,TRUE,TRUE,0.75,,
2015-14-7-9:58:45,61.2,136.9,1.745952,1.747282,1.746617,TRUE,TRUE,0.75,,
2015-14-7-9:58:46,61.2,137,1.780362,1.666831,1.7235965,TRUE,TRUE,0.75,,
2015-14-7-9:58:48,61.2,137,1.814771,1.597873,1.706322,TRUE,TRUE,0.75,,
2015-14-7-9:58:49,61.2,137.1,1.814771,1.574887,1.694829,TRUE,TRUE,0.75,,
2015-14-7-9:58:50,61.2,137.2,1.780362,1.689817,1.7350895,TRUE,TRUE,0.75,,
2015-14-7-9:58:52,61.1,137.4,1.757422,1.724296,1.740859,TRUE,TRUE,0.75,,
2015-14-7-9:58:53,61.1,137.5,1.734482,1.793254,1.763868,TRUE,TRUE,0.75,,
2015-14-7-9:58:55,61.1,137.5,1.814771,1.781762,1.7982665,TRUE,TRUE,0.75,,
2015-14-7-9:58:56,61.1,137.5,1.872121,1.770268,1.8211945,TRUE,TRUE,0.75,,
2015-14-7-9:58:57,61.1,137.5,1.918,1.735789,1.8268945,TRUE,TRUE,0.75,,
2015-14-7-9:58:59,61.1,137.5,1.95241,1.712803,1.8326065,TRUE,TRUE,0.75,,
2015-14-7-9:59:0,61.1,137.6,1.95241,1.781762,1.867086,TRUE,TRUE,0.75,,
2015-14-7-9:59:2,61.1,137.6,2.009759,1.839227,1.924493,TRUE,TRUE,0.75,,
2015-14-7-9:59:3,61.1,137.6,2.044169,1.862213,1.953191,TRUE,TRUE,0.75,,
2015-14-7-9:59:4,61.1,137.6,2.055639,1.908185,1.981912,TRUE,TRUE,0.75,,
2015-14-7-9:59:6,61.1,137.6,2.055639,1.931171,1.993405,TRUE,TRUE,0.75,,
2015-14-7-9:59:7,61.1,137.6,1.98682,1.942664,1.964742,TRUE,TRUE,0.75,,
2015-14-7-9:59:9,61.1,137.6,1.918,2.000129,1.9590645,TRUE,TRUE,0.75,,
2015-14-7-9:59:10,61.1,137.6,1.814771,2.011622,1.9131965,TRUE,TRUE,5,,
2015-14-7-9:59:11,61.1,137.6,1.745952,2.000129,1.8730405,TRUE,TRUE,5,,
2015-14-7-9:59:13,61.2,137.6,1.723012,1.85072,1.786866,TRUE,TRUE,5,,
2015-14-7-9:59:14,61.2,137.7,1.677133,1.747282,1.7122075,TRUE,TRUE,5,,
2015-14-7-9:59:16,61.2,137.7,1.631253,1.747282,1.6892675,TRUE,TRUE,5,,
2015-14-7-9:59:17,61.2,137.6,1.470675,1.689817,1.580246,TRUE,TRUE,5,,
2015-14-7-9:59:18,61.2,137.6,1.539494,1.666831,1.6031625,TRUE,TRUE,5,,
2015-14-7-9:59:20,61.2,137.5,1.677133,1.517422,1.5972775,TRUE,TRUE,5,,
2015-14-7-9:59:21,61.2,137.5,1.814771,1.528915,1.671843,TRUE,TRUE,5,,
2015-14-7-9:59:23,61.2,137.5,1.872121,1.643845,1.757983,TRUE,TRUE,5,,
2015-14-7-9:59:24,61.3,137.5,1.849181,1.816241,1.832711,TRUE,TRUE,5,,
2015-14-7-9:59:25,61.3,137.5,1.814771,1.885199,1.849985,TRUE,TRUE,5,,
2015-14-7-9:59:27,61.3,137.4,1.791832,1.885199,1.8385155,TRUE,TRUE,5,,
2015-14-7-9:59:28,61.3,137.4,1.826241,1.862213,1.844227,TRUE,TRUE,5,,
2015-14-7-9:59:30,61.4,137.3,1.791832,1.827734,1.809783,TRUE,TRUE,5,,
2015-14-7-9:59:31,61.3,137.3,1.711542,1.85072,1.781131,TRUE,TRUE,5,,
2015-14-7-9:59:32,61.4,137.2,1.700073,1.804748,1.7524105,TRUE,TRUE,5,,
2015-14-7-9:59:34,61.4,137.1,1.757422,1.770268,1.763845,TRUE,TRUE,5,,
2015-14-7-9:59:35,61.4,137,1.94094,1.70131,1.821125,TRUE,TRUE,5,,
2015-14-7-9:59:37,61.4,136.9,2.021229,1.770268,1.8957485,TRUE,TRUE,5,,
2015-14-7-9:59:38,61.4,136.7,1.872121,1.942664,1.9073925,TRUE,TRUE,5,,
2015-14-7-9:59:39,61.4,136.7,1.768892,2.034608,1.90175,TRUE,TRUE,5,,
2015-14-7-9:59:41,61.4,136.7,1.757422,1.931171,1.8442965,TRUE,TRUE,5,,
2015-14-7-9:59:42,61.4,136.6,1.872121,1.827734,1.8499275,TRUE,TRUE,5,,
2015-14-7-9:59:44,61.4,136.5,1.768892,1.793254,1.781073,TRUE,TRUE,5,,
2015-14-7-9:59:45,61.4,136.3,1.677133,1.885199,1.781166,TRUE,TRUE,5,,
2015-14-7-9:59:46,61.4,136.2,1.608313,1.816241,1.712277,TRUE,TRUE,5,,
2015-14-7-9:59:48,61.4,136.2,1.631253,1.712803,1.672028,TRUE,TRUE,5,,
2015-14-7-9:59:49,61.4,136.2,1.642723,1.620859,1.631791,TRUE,TRUE,5,,
2015-14-7-9:59:51,61.4,136.2,1.665663,1.655338,1.6605005,TRUE,TRUE,5,,
2015-14-7-9:59:52,61.4,136.1,1.700073,1.655338,1.6777055,TRUE,TRUE,5,,
2015-14-7-9:59:53,61.4,136.1,1.665663,1.666831,1.666247,TRUE,TRUE,5,,
2015-14-7-9:59:55,61.4,136,1.562434,1.655338,1.608886,TRUE,TRUE,5,,
2015-14-7-9:59:56,61.4,135.9,1.459205,1.632352,1.5457785,TRUE,TRUE,5,,
2015-14-7-9:59:58,61.4,135.9,1.573904,1.563394,1.568649,TRUE,TRUE,5,,
2015-14-7-9:59:59,61.4,135.9,1.757422,1.505929,1.6316755,TRUE,TRUE,5,,
2015-14-7-10:0:0,61.4,135.9,1.654193,1.58638,1.6202865,TRUE,TRUE,5,,
2015-14-7-10:0:2,61.4,135.9,1.447735,1.563394,1.5055645,TRUE,TRUE,5,,
2015-14-7-10:0:3,61.4,135.8,1.344506,1.517422,1.430964,TRUE,TRUE,5,,
2015-14-7-10:0:5,61.4,135.8,1.298627,1.425478,1.3620525,TRUE,TRUE,5,,
2015-14-7-10:0:6,61.4,135.8,1.355976,1.333533,1.3447545,TRUE,TRUE,5,,
2015-14-7-10:0:7,61.4,135.8,1.447735,1.333533,1.390634,TRUE,TRUE,5,,
2015-14-7-10:0:9,61.4,135.7,1.493615,1.356519,1.425067,TRUE,TRUE,5,,
2015-14-7-10:0:10,61.4,135.7,1.505085,1.436971,1.471028,TRUE,TRUE,5,,
2015-14-7-10:0:12,61.4,135.7,1.516554,1.448464,1.482509,TRUE,TRUE,5,,
2015-14-7-10:0:13,61.4,135.8,1.482145,1.448464,1.4653045,TRUE,TRUE,5,,
2015-14-7-10:0:14,61.4,135.8,1.447735,1.482943,1.465339,TRUE,TRUE,5,,
2015-14-7-10:0:16,61.4,135.8,1.482145,1.425478,1.4538115,TRUE,TRUE,5,,
2015-14-7-10:0:17,61.4,135.7,1.631253,1.413985,1.522619,TRUE,TRUE,5,,
2015-14-7-10:0:19,61.4,135.6,1.608313,1.436971,1.522642,TRUE,TRUE,5,,
2015-14-7-10:0:20,61.4,135.6,1.619783,1.448464,1.5341235,TRUE,TRUE,5,,
2015-14-7-10:0:21,61.4,135.6,1.654193,1.436971,1.545582,TRUE,TRUE,5,,
2015-14-7-10:0:23,61.4,135.6,1.608313,1.459957,1.534135,TRUE,TRUE,5,,
2015-14-7-10:0:24,61.4,135.6,1.585374,1.448464,1.516919,TRUE,TRUE,5,,
2015-14-7-10:0:26,61.4,135.6,1.539494,1.448464,1.493979,TRUE,TRUE,5,,
2015-14-7-10:0:27,61.4,135.7,1.608313,1.448464,1.5283885,TRUE,TRUE,5,,
2015-14-7-10:0:28,61.4,135.6,1.539494,1.413985,1.4767395,TRUE,TRUE,5,,
2015-14-7-10:0:30,61.3,135.5,1.505085,1.448464,1.4767745,TRUE,TRUE,5,,
2015-14-7-10:0:31,61.3,135.5,1.367446,1.448464,1.407955,TRUE,TRUE,5,,
2015-14-7-10:0:33,61.3,135.6,1.355976,1.413985,1.3849805,TRUE,TRUE,5,,
2015-14-7-10:0:34,61.3,135.6,1.367446,1.356519,1.3619825,TRUE,TRUE,5,,
2015-14-7-10:0:35,61.3,135.5,1.355976,1.333533,1.3447545,TRUE,TRUE,5,,
2015-14-7-10:0:37,61.3,135.5,1.401856,1.379506,1.390681,TRUE,TRUE,5,,
2015-14-7-10:0:38,61.2,135.4,1.401856,1.379506,1.390681,TRUE,TRUE,5,,
2015-14-7-10:0:40,61.2,135.3,1.390386,1.413985,1.4021855,TRUE,TRUE,5,,
2015-14-7-10:0:41,61.2,135.3,1.367446,1.413985,1.3907155,TRUE,TRUE,5,,
2015-14-7-10:0:42,61.2,135.3,1.344506,1.402492,1.373499,TRUE,TRUE,5,,
2015-14-7-10:0:44,61.2,135.2,1.298627,1.379506,1.3390665,TRUE,TRUE,5,,
2015-14-7-10:0:45,61.2,135.2,1.275687,1.345026,1.3103565,TRUE,TRUE,5,,
2015-14-7-10:0:47,61.2,135.2,1.287157,1.299054,1.2931055,TRUE,TRUE,5,,
2015-14-7-10:0:48,61.2,135,1.287157,1.287561,1.287359,TRUE,TRUE,5,,
2015-14-7-10:0:50,61.2,135,1.321566,1.253082,1.287324,TRUE,TRUE,5,,
2015-14-7-10:0:51,61.2,134.9,1.287157,1.253082,1.2701195,TRUE,TRUE,5,,
2015-14-7-10:0:52,61.2,134.9,1.264217,1.32204,1.2931285,TRUE,TRUE,5,,
2015-14-7-10:0:54,61.2,134.9,1.298627,1.287561,1.293094,TRUE,TRUE,5,,
2015-14-7-10:0:55,61.2,134.8,1.287157,1.253082,1.2701195,TRUE,TRUE,5,,
2015-14-7-10:0:57,61.3,134.8,1.218338,1.276068,1.247203,TRUE,TRUE,5,,
2015-14-7-10:0:58,61.3,134.9,1.183928,1.287561,1.2357445,TRUE,TRUE,5,,
2015-14-7-10:0:59,61.3,134.9,1.195398,1.172631,1.1840145,TRUE,TRUE,5,,
2015-14-7-10:1:1,61.3,134.9,1.264217,1.126659,1.195438,TRUE,TRUE,5,,
2015-14-7-10:1:2,61.2,135,1.264217,1.149645,1.206931,TRUE,TRUE,5,,
2015-14-7-10:1:4,61.2,135,1.287157,1.218603,1.25288,TRUE,TRUE,5,,
2015-14-7-10:1:5,61.2,135.1,1.298627,1.241589,1.270108,TRUE,TRUE,5,,
2015-14-7-10:1:6,61.2,135.1,1.264217,1.299054,1.2816355,TRUE,TRUE,5,,
2015-14-7-10:1:8,61.2,135.2,1.229807,1.276068,1.2529375,TRUE,TRUE,5,,
2015-14-7-10:1:9,61.3,135.3,1.229807,1.253082,1.2414445,TRUE,TRUE,5,,
2015-14-7-10:1:11,61.3,135.3,1.218338,1.241589,1.2299635,TRUE,TRUE,5,,
2015-14-7-10:1:12,61.3,135.3,1.218338,1.218603,1.2184705,TRUE,TRUE,5,,
2015-14-7-10:1:13,61.3,135.4,1.195398,1.218603,1.2070005,TRUE,TRUE,5,,
2015-14-7-10:1:15,61.3,135.4,1.195398,1.218603,1.2070005,TRUE,TRUE,5,,
2015-14-7-10:1:16,61.3,135.5,1.138048,1.195617,1.1668325,TRUE,TRUE,5,,
2015-14-7-10:1:18,61.4,135.5,1.138048,1.20711,1.172579,TRUE,TRUE,5,,
2015-14-7-10:1:19,61.4,135.5,1.080699,1.149645,1.115172,TRUE,TRUE,5,,
2015-14-7-10:1:20,61.4,135.5,1.092169,1.115166,1.1036675,TRUE,TRUE,5,,
2015-14-7-10:1:22,61.3,135.5,1.138048,1.103673,1.1208605,TRUE,TRUE,5,,
2015-14-7-10:1:23,61.3,135.5,1.183928,1.103673,1.1438005,TRUE,TRUE,5,,
2015-14-7-10:1:25,61.3,135.5,1.195398,1.126659,1.1610285,TRUE,TRUE,5,,
2015-14-7-10:1:26,61.3,135.5,1.195398,1.172631,1.1840145,TRUE,TRUE,0.75,,
2015-14-7-10:1:27,61.3,135.5,1.172458,1.184124,1.178291,TRUE,TRUE,0.75,,
2015-14-7-10:1:29,61.3,135.5,1.138048,1.172631,1.1553395,TRUE,TRUE,0.75,,
2015-14-7-10:1:30,61.4,135.5,1.138048,1.172631,1.1553395,TRUE,TRUE,0.75,,
2015-14-7-10:1:32,61.4,135.5,1.183928,1.184124,1.184026,TRUE,TRUE,0.75,,
2015-14-7-10:1:33,61.4,135.5,1.183928,1.172631,1.1782795,TRUE,TRUE,0.75,,
2015-14-7-10:1:34,61.4,135.5,1.195398,1.161138,1.178268,TRUE,TRUE,0.75,,
2015-14-7-10:1:36,61.4,135.5,1.218338,1.161138,1.189738,TRUE,TRUE,0.75,,
2015-14-7-10:1:37,61.4,135.5,1.287157,1.184124,1.2356405,TRUE,TRUE,0.75,,
2015-14-7-10:1:39,61.4,135.6,1.275687,1.172631,1.224159,TRUE,TRUE,0.75,,
2015-14-7-10:1:40,61.4,135.6,1.241277,1.195617,1.218447,TRUE,TRUE,0.75,,
2015-14-7-10:1:41,61.4,135.6,1.241277,1.218603,1.22994,TRUE,TRUE,0.75,,
2015-14-7-10:1:43,61.5,135.6,1.252747,1.230096,1.2414215,TRUE,TRUE,0.75,,
2015-14-7-10:1:44,61.4,135.6,1.241277,1.230096,1.2356865,TRUE,TRUE,0.75,,
2015-14-7-10:1:46,61.5,135.6,1.252747,1.287561,1.270154,TRUE,TRUE,0.75,,
2015-14-7-10:1:47,61.5,135.6,1.252747,1.264575,1.258661,TRUE,TRUE,0.75,,
2015-14-7-10:1:48,61.5,135.5,1.241277,1.253082,1.2471795,TRUE,TRUE,0.75,,
2015-14-7-10:1:50,61.5,135.4,1.241277,1.241589,1.241433,TRUE,TRUE,0.75,,
2015-14-7-10:1:51,61.5,135.4,1.298627,1.241589,1.270108,TRUE,TRUE,0.75,,
2015-14-7-10:1:53,61.4,135.4,1.275687,1.218603,1.247145,TRUE,TRUE,0.75,,
2015-14-7-10:1:54,61.4,135.4,1.264217,1.230096,1.2471565,TRUE,TRUE,0.75,,
2015-14-7-10:1:55,61.4,135.4,1.275687,1.218603,1.247145,TRUE,TRUE,0.75,,
2015-14-7-10:1:57,61.4,135.3,1.229807,1.287561,1.258684,TRUE,TRUE,0.75,,
2015-14-7-10:1:58,61.4,135.3,1.241277,1.253082,1.2471795,TRUE,TRUE,0.75,,
2015-14-7-10:2:0,61.4,135.3,1.172458,1.253082,1.21277,TRUE,TRUE,0.75,,
2015-14-7-10:2:1,61.4,135,1.172458,1.264575,1.2185165,TRUE,TRUE,0.75,,
2015-14-7-10:2:2,61.4,134.9,1.172458,1.276068,1.224263,TRUE,TRUE,0.75,,
2015-14-7-10:2:4,61.4,134.8,1.172458,1.276068,1.224263,TRUE,TRUE,0.75,,
2015-14-7-10:2:5,61.4,134.7,1.149518,1.230096,1.189807,TRUE,TRUE,0.75,,
2015-14-7-10:2:7,61.4,134.7,1.126578,1.253082,1.18983,TRUE,TRUE,0.75,,
2015-14-7-10:2:8,61.4,134.7,1.138048,1.20711,1.172579,TRUE,TRUE,0.75,,
2015-14-7-10:2:9,61.4,134.6,1.138048,1.195617,1.1668325,TRUE,TRUE,0.75,,
2015-14-7-10:2:11,61.4,134.5,1.149518,1.138152,1.143835,TRUE,TRUE,0.75,,
2015-14-7-10:2:12,61.4,134.4,1.149518,1.115166,1.132342,TRUE,TRUE,0.75,,
2015-14-7-10:2:14,61.4,134.3,1.172458,1.103673,1.1380655,TRUE,TRUE,0.75,,
2015-14-7-10:2:15,61.4,134.3,1.172458,1.115166,1.143812,TRUE,TRUE,0.75,,
2015-14-7-10:2:16,61.4,134.2,1.206868,1.126659,1.1667635,TRUE,TRUE,0.75,,
2015-14-7-10:2:18,61.4,134.2,1.195398,1.161138,1.178268,TRUE,TRUE,0.75,,
2015-14-7-10:2:19,61.4,134.2,1.160988,1.161138,1.161063,TRUE,TRUE,0.75,,
2015-14-7-10:2:21,61.4,134.2,1.206868,1.149645,1.1782565,TRUE,TRUE,0.75,,
2015-14-7-10:2:22,61.4,134.2,1.126578,1.218603,1.1725905,TRUE,TRUE,0.75,,
2015-14-7-10:2:23,61.4,134.1,1.138048,1.20711,1.172579,TRUE,TRUE,0.75,,
2015-14-7-10:2:25,61.4,134.1,1.126578,1.172631,1.1496045,TRUE,TRUE,0.75,,
2015-14-7-10:2:26,61.4,134.1,1.126578,1.138152,1.132365,TRUE,TRUE,0.75,,
2015-14-7-10:2:28,61.4,134,1.115109,1.138152,1.1266305,TRUE,TRUE,0.75,,
2015-14-7-10:2:29,61.3,134,1.138048,1.115166,1.126607,TRUE,TRUE,0.75,,
2015-14-7-10:2:30,61.3,134,1.160988,1.126659,1.1438235,TRUE,TRUE,0.75,,
2015-14-7-10:2:32,61.4,134,1.172458,1.115166,1.143812,TRUE,TRUE,0.75,,
2015-14-7-10:2:33,61.4,134,1.195398,1.103673,1.1495355,TRUE,TRUE,0.75,,
2015-14-7-10:2:35,61.4,134,1.218338,1.069194,1.143766,TRUE,TRUE,0.75,,
2015-14-7-10:2:36,61.4,134.1,1.252747,1.103673,1.17821,TRUE,TRUE,0.75,,
2015-14-7-10:2:37,61.4,134.1,1.241277,1.138152,1.1897145,TRUE,TRUE,0.75,,
2015-14-7-10:2:39,61.4,134.2,1.264217,1.172631,1.218424,TRUE,TRUE,0.75,,
2015-14-7-10:2:40,61.4,134.3,1.252747,1.218603,1.235675,TRUE,TRUE,0.75,,
2015-14-7-10:2:42,61.4,134.4,1.241277,1.230096,1.2356865,TRUE,TRUE,0.75,,
2015-14-7-10:2:43,61.4,134.5,1.241277,1.218603,1.22994,TRUE,TRUE,0.75,,
2015-14-7-10:2:44,61.4,134.5,1.195398,1.230096,1.212747,TRUE,TRUE,0.75,,
2015-14-7-10:2:46,61.4,134.7,1.092169,1.241589,1.166879,TRUE,TRUE,0.75,,
2015-14-7-10:2:47,61.5,134.7,1.080699,1.20711,1.1439045,TRUE,TRUE,0.75,,
2015-14-7-10:2:49,61.5,134.8,1.172458,1.218603,1.1955305,TRUE,TRUE,0.75,,
2015-14-7-10:2:50,61.5,134.9,1.195398,1.161138,1.178268,TRUE,TRUE,0.75,,
2015-14-7-10:2:51,61.5,134.9,1.241277,1.057701,1.149489,TRUE,TRUE,0.75,,
2015-14-7-10:2:53,61.5,134.9,1.333036,1.046208,1.189622,TRUE,TRUE,0.75,,
2015-14-7-10:2:54,61.5,135,1.355976,1.115166,1.235571,TRUE,TRUE,0.75,,
2015-14-7-10:2:56,61.5,134.9,1.378916,1.161138,1.270027,TRUE,TRUE,0.75,,
2015-14-7-10:2:57,61.5,134.9,1.424795,1.230096,1.3274455,TRUE,TRUE,0.75,,
2015-14-7-10:2:58,61.5,134.9,1.470675,1.333533,1.402104,TRUE,TRUE,0.75,,
2015-14-7-10:3:0,61.5,135,1.550964,1.333533,1.4422485,TRUE,TRUE,0.75,,
2015-14-7-10:3:1,61.5,135.1,1.608313,1.345026,1.4766695,TRUE,TRUE,0.75,,
2015-14-7-10:3:3,61.5,135.2,1.585374,1.402492,1.493933,TRUE,TRUE,0.75,,
2015-14-7-10:3:4,61.5,135.3,1.631253,1.459957,1.545605,TRUE,TRUE,0.75,,
2015-14-7-10:3:5,61.5,135.3,1.619783,1.517422,1.5686025,TRUE,TRUE,0.75,,
2015-14-7-10:3:7,61.5,135.4,1.619783,1.563394,1.5915885,TRUE,TRUE,0.75,,
2015-14-7-10:3:8,61.5,135.6,1.631253,1.540408,1.5858305,TRUE,TRUE,0.75,,
2015-14-7-10:3:10,61.5,135.6,1.608313,1.58638,1.5973465,TRUE,TRUE,0.75,,
2015-14-7-10:3:11,61.5,135.6,1.654193,1.620859,1.637526,TRUE,TRUE,0.75,,
2015-14-7-10:3:12,61.5,135.6,1.757422,1.620859,1.6891405,TRUE,TRUE,0.75,,
2015-14-7-10:3:14,61.5,135.6,1.883591,1.620859,1.752225,TRUE,TRUE,0.75,,
2015-14-7-10:3:15,61.4,135.6,1.998289,1.643845,1.821067,TRUE,TRUE,0.75,,
2015-14-7-10:3:17,61.4,135.7,2.055639,1.666831,1.861235,TRUE,TRUE,0.75,,
2015-14-7-10:3:18,61.4,135.7,1.95241,1.735789,1.8440995,TRUE,TRUE,0.75,,
2015-14-7-10:3:19,61.4,135.8,1.826241,1.862213,1.844227,TRUE,TRUE,0.75,,
2015-14-7-10:3:21,61.4,135.8,1.768892,1.954157,1.8615245,TRUE,TRUE,0.75,,
2015-14-7-10:3:22,61.4,135.8,1.711542,2.023115,1.8673285,TRUE,TRUE,0.75,,
2015-14-7-10:3:24,61.4,135.8,1.723012,1.919678,1.821345,TRUE,TRUE,0.75,,
2015-14-7-10:3:25,61.4,135.8,1.791832,1.804748,1.79829,TRUE,TRUE,0.75,,
2015-14-7-10:3:26,61.5,135.8,1.860651,1.735789,1.79822,TRUE,TRUE,0.75,,
2015-14-7-10:3:28,61.5,135.8,1.895061,1.689817,1.792439,TRUE,TRUE,0.75,,
2015-14-7-10:3:29,61.5,135.8,1.94094,1.712803,1.8268715,TRUE,TRUE,0.75,,
2015-14-7-10:3:31,61.6,135.8,1.94094,1.735789,1.8383645,TRUE,TRUE,0.75,,
2015-14-7-10:3:32,61.6,135.8,1.94094,1.735789,1.8383645,TRUE,TRUE,0.75,,
2015-14-7-10:3:33,61.6,135.7,1.94094,1.735789,1.8383645,TRUE,TRUE,0.75,,
2015-14-7-10:3:35,61.6,135.6,1.94094,1.735789,1.8383645,TRUE,TRUE,0.75,,
2015-14-7-10:3:36,61.6,135.6,1.95241,1.735789,1.8440995,TRUE,TRUE,0.75,,
2015-14-7-10:3:38,61.6,135.6,1.95241,1.735789,1.8440995,TRUE,TRUE,0.75,,
2015-14-7-10:3:39,61.6,135.6,1.94094,1.735789,1.8383645,TRUE,TRUE,0.75,,
2015-14-7-10:3:40,61.6,135.6,1.94094,1.735789,1.8383645,TRUE,TRUE,0.75,,
2015-14-7-10:3:42,61.6,135.6,1.94094,1.735789,1.8383645,TRUE,TRUE,0.75,,
2015-14-7-10:3:43,61.6,135.5,1.95241,1.735789,1.8440995,TRUE,TRUE,0.75,,
2015-14-7-10:3:45,61.6,135.4,1.94094,1.735789,1.8383645,TRUE,TRUE,0.75,,
2015-14-7-10:3:46,61.6,135.4,1.94094,1.735789,1.8383645,TRUE,TRUE,0.75,,
2015-14-7-10:3:47,61.6,135.3,1.95241,1.724296,1.838353,TRUE,TRUE,0.75,,
2015-14-7-10:3:49,61.6,135.4,1.94094,1.724296,1.832618,TRUE,TRUE,0.75,,
2015-14-7-10:3:50,61.6,135.3,1.95241,1.724296,1.838353,TRUE,TRUE,0.75,,
2015-14-7-10:3:52,61.6,135.3,1.94094,1.724296,1.832618,TRUE,TRUE,0.75,,
2015-14-7-10:3:53,61.6,135.2,1.94094,1.724296,1.832618,TRUE,TRUE,0.75,,
2015-14-7-10:3:54,61.6,135.2,1.95241,1.735789,1.8440995,TRUE,TRUE,0.75,,
2015-14-7-10:3:56,61.5,135.2,1.94094,1.735789,1.8383645,TRUE,TRUE,0.75,,
2015-14-7-10:3:57,61.5,135.2,1.94094,1.724296,1.832618,TRUE,TRUE,0.75,,
2015-14-7-10:3:59,61.5,135.2,1.94094,1.724296,1.832618,TRUE,TRUE,0.75,,
2015-14-7-10:4:0,61.5,135.1,1.95241,1.712803,1.8326065,TRUE,TRUE,0.75,,
2015-14-7-10:4:1,61.5,135,1.94094,1.724296,1.832618,TRUE,TRUE,0.75,,
2015-14-7-10:4:3,61.4,135,1.95241,1.735789,1.8440995,TRUE,TRUE,0.75,,
2015-14-7-10:4:4,61.4,134.9,1.95241,1.758775,1.8555925,TRUE,TRUE,0.75,,
2015-14-7-10:4:6,61.4,134.7,1.92947,1.896692,1.913081,TRUE,TRUE,0.75,,
2015-14-7-10:4:7,61.4,134.6,1.92947,1.931171,1.9303205,TRUE,TRUE,0.75,,
2015-14-7-10:4:8,61.4,134.5,1.849181,1.919678,1.8844295,TRUE,TRUE,0.75,,
2015-14-7-10:4:10,61.4,134.5,1.585374,1.896692,1.741033,TRUE,TRUE,0.75,,
2015-14-7-10:4:11,61.4,134.5,1.505085,1.597873,1.551479,TRUE,TRUE,0.75,,
2015-14-7-10:4:13,61.4,134.5,1.333036,1.517422,1.425229,TRUE,TRUE,0.75,,
2015-14-7-10:4:14,61.5,134.4,0.358096,1.149645,0.7538705,TRUE,TRUE,0.75,,
2015-14-7-10:4:15,61.5,134.3,1.505085,0.011835,0.75846,TRUE,TRUE,0.75,,
2015-14-7-10:4:17,61.5,134.3,1.608313,1.609366,1.6088395,TRUE,TRUE,0.75,,
2015-14-7-10:4:18,61.5,134.3,1.619783,1.540408,1.5800955,TRUE,TRUE,0.75,,
2015-14-7-10:4:20,61.6,134.3,1.608313,1.574887,1.5916,TRUE,TRUE,0.75,,
2015-14-7-10:4:21,61.6,134.3,1.585374,1.597873,1.5916235,TRUE,TRUE,0.75,,
2015-14-7-10:4:22,61.6,134.4,1.608313,1.620859,1.614586,TRUE,TRUE,0.75,,
2015-14-7-10:4:24,61.6,134.4,1.654193,1.643845,1.649019,TRUE,TRUE,0.75,,
2015-14-7-10:4:25,61.6,134.5,1.665663,1.632352,1.6490075,TRUE,TRUE,0.75,,
2015-14-7-10:4:27,61.6,134.5,1.665663,1.597873,1.631768,TRUE,TRUE,0.75,,
2015-14-7-10:4:28,61.6,134.5,1.654193,1.609366,1.6317795,TRUE,TRUE,0.75,,
2015-14-7-10:4:29,61.6,134.6,1.573904,1.643845,1.6088745,TRUE,TRUE,0.75,,
2015-14-7-10:4:31,61.6,134.6,1.573904,1.689817,1.6318605,TRUE,TRUE,0.75,,
2015-14-7-10:4:32,61.6,134.7,1.505085,1.666831,1.585958,TRUE,TRUE,0.75,,
2015-14-7-10:4:34,61.6,134.8,1.447735,1.70131,1.5745225,TRUE,TRUE,0.75,,
2015-14-7-10:4:35,61.6,134.8,1.390386,1.574887,1.4826365,TRUE,TRUE,0.75,,
2015-14-7-10:4:36,61.6,134.9,1.401856,1.551901,1.4768785,TRUE,TRUE,0.75,,
2015-14-7-10:4:38,61.6,135,1.367446,1.494436,1.430941,TRUE,TRUE,0.75,,
2015-14-7-10:4:39,61.6,135,1.344506,1.436971,1.3907385,TRUE,TRUE,0.75,,
2015-14-7-10:4:41,61.6,135.1,1.528024,1.402492,1.465258,TRUE,TRUE,0.75,,
2015-14-7-10:4:42,61.6,135.1,1.619783,1.402492,1.5111375,TRUE,TRUE,0.75,,
2015-14-7-10:4:43,61.6,135.1,1.631253,1.390998,1.5111255,TRUE,TRUE,0.75,,
2015-14-7-10:4:45,61.6,135.2,1.700073,1.345026,1.5225495,TRUE,TRUE,0.75,,
2015-14-7-10:4:46,61.6,135.3,1.745952,1.482943,1.6144475,TRUE,TRUE,0.75,,
2015-14-7-10:4:48,61.5,135.3,1.745952,1.620859,1.6834055,TRUE,TRUE,0.75,,
2015-14-7-10:4:49,61.5,135.3,1.768892,1.666831,1.7178615,TRUE,TRUE,0.75,,
2015-14-7-10:4:50,61.5,135.4,1.780362,1.735789,1.7580755,TRUE,TRUE,0.75,,
2015-14-7-10:4:52,61.5,135.5,1.757422,1.758775,1.7580985,TRUE,TRUE,0.75,,
2015-14-7-10:4:53,61.5,135.5,1.711542,1.735789,1.7236655,TRUE,TRUE,0.75,,
2015-14-7-10:4:55,61.6,135.5,1.677133,1.735789,1.706461,TRUE,TRUE,0.75,,
2015-14-7-10:4:56,61.6,135.5,1.688603,1.758775,1.723689,TRUE,TRUE,0.75,,
2015-14-7-10:4:57,61.6,135.6,1.665663,1.724296,1.6949795,TRUE,TRUE,0.75,,
2015-14-7-10:4:59,61.6,135.6,1.677133,1.655338,1.6662355,TRUE,TRUE,0.75,,
2015-14-7-10:5:0,61.6,135.7,1.745952,1.655338,1.700645,TRUE,TRUE,0.75,,
2015-14-7-10:5:2,61.6,135.7,1.814771,1.655338,1.7350545,TRUE,TRUE,0.75,,
2015-14-7-10:5:3,61.6,135.7,1.918,1.666831,1.7924155,TRUE,TRUE,0.75,,
2015-14-7-10:5:4,61.6,135.7,2.067109,1.678324,1.8727165,TRUE,TRUE,0.75,,
2015-14-7-10:5:6,61.6,135.6,2.158868,1.747282,1.953075,TRUE,TRUE,0.75,,
2015-14-7-10:5:7,61.6,135.7,2.250627,1.839227,2.044927,TRUE,TRUE,0.75,,
2015-14-7-10:5:9,61.5,135.7,2.319446,1.908185,2.1138155,TRUE,TRUE,0.75,,
2015-14-7-10:5:10,61.5,135.7,2.353856,1.96565,2.159753,TRUE,TRUE,0.75,,
2015-14-7-10:5:11,61.5,135.6,2.353856,1.977143,2.1654995,TRUE,TRUE,0.75,,
2015-14-7-10:5:13,61.5,135.5,2.353856,1.977143,2.1654995,TRUE,TRUE,0.75,,
2015-14-7-10:5:14,61.4,135.5,2.353856,1.977143,2.1654995,TRUE,TRUE,0.75,,
2015-14-7-10:5:16,61.4,135.4,2.353856,1.977143,2.1654995,TRUE,TRUE,0.75,,
2015-14-7-10:5:17,61.4,135.4,2.353856,1.977143,2.1654995,TRUE,TRUE,0.75,,
2015-14-7-10:5:18,61.4,135.4,2.353856,1.977143,2.1654995,TRUE,TRUE,0.75,,
2015-14-7-10:5:20,61.4,135.3,2.353856,2.000129,2.1769925,TRUE,TRUE,0.75,,
2015-14-7-10:5:21,61.4,135.2,2.365326,2.000129,2.1827275,TRUE,TRUE,0.75,,
2015-14-7-10:5:23,61.4,135.2,2.353856,2.023115,2.1884855,TRUE,TRUE,0.75,,
2015-14-7-10:5:24,61.4,135.1,2.216217,1.827734,2.0219755,TRUE,TRUE,0.75,,
2015-14-7-10:5:25,61.4,135,2.078579,1.712803,1.895691,TRUE,TRUE,0.75,,
2015-14-7-10:5:27,61.4,134.9,1.734482,1.678324,1.706403,TRUE,TRUE,0.75,,
2015-14-7-10:5:28,61.4,134.8,0.0828193,0.0922862,0.08755275,TRUE,TRUE,0.75,,
2015-14-7-10:5:30,61.5,134.9,0.014,0.000342,0.007171,TRUE,TRUE,0.75,,
2015-14-7-10:5:31,61.5,135,0.014,0.000342,0.007171,TRUE,TRUE,0.75,,
2015-14-7-10:5:32,61.5,135,0.014,0.000342,0.007171,TRUE,TRUE,0.75,,
2015-14-7-10:5:34,61.5,135,0.014,0.000342,0.007171,TRUE,TRUE,0.75,,
2015-14-7-10:5:35,61.5,135.1,0.014,0.000342,0.007171,TRUE,TRUE,0.75,,
2015-14-7-10:5:37,61.5,135.1,0.014,0.000342,0.007171,TRUE,TRUE,0.75,,
2015-14-7-10:5:38,61.5,135,0.014,0.000342,0.007171,TRUE,TRUE,0.75,,
2015-14-7-10:5:39,61.5,135,1.390386,0.000342,0.695364,TRUE,TRUE,0.75,,
2015-14-7-10:5:41,61.6,135,2.273566,0.000342,1.136954,TRUE,TRUE,0.75,,
2015-14-7-10:5:42,61.6,135,2.181808,0.000342,1.091075,TRUE,TRUE,0.75,,
2015-14-7-10:5:44,61.6,135,2.067109,0.000342,1.0337255,TRUE,TRUE,0.75,,
2015-14-7-10:5:45,61.6,135,2.032699,1.58638,1.8095395,TRUE,TRUE,0.75,,
2015-14-7-10:5:46,61.5,135,1.92947,2.275962,2.102716,TRUE,TRUE,0.75,,
2015-14-7-10:5:48,61.5,135,1.791832,2.172524,1.982178,TRUE,TRUE,0.75,,
2015-14-7-10:5:49,61.4,135,1.619783,2.092073,1.855928,TRUE,TRUE,0.75,,
2015-14-7-10:5:51,61.4,135,1.505085,2.046101,1.775593,TRUE,TRUE,0.75,,
2015-14-7-10:5:52,61.4,135,1.355976,1.919678,1.637827,TRUE,TRUE,0.75,,
2015-14-7-10:5:53,61.4,135,1.206868,1.758775,1.4828215,TRUE,TRUE,0.75,,
2015-14-7-10:5:55,61.4,135,1.080699,1.70131,1.3910045,TRUE,TRUE,0.75,,
2015-14-7-10:5:56,61.4,135,0.97747,1.517422,1.247446,TRUE,TRUE,0.75,,
2015-14-7-10:5:58,61.4,135,0.335157,1.390998,0.8630775,TRUE,TRUE,0.75,,
2015-14-7-10:5:59,61.4,135,1.01188,1.218603,1.1152415,TRUE,TRUE,0.75,,
2015-14-7-10:6:0,61.4,134.9,1.333036,1.080687,1.2068615,TRUE,TRUE,0.75,,
2015-14-7-10:6:2,61.4,134.8,1.757422,0.586486,1.171954,TRUE,TRUE,0.75,,
2015-14-7-10:6:3,61.4,134.7,1.803301,0.94277,1.3730355,TRUE,TRUE,0.75,,
2015-14-7-10:6:5,61.4,134.5,1.791832,1.057701,1.4247665,TRUE,TRUE,0.75,,
2015-14-7-10:6:6,61.4,134.5,1.734482,1.368012,1.551247,TRUE,TRUE,0.75,,
2015-14-7-10:6:7,61.4,134.5,1.665663,1.793254,1.7294585,TRUE,TRUE,0.75,,
2015-14-7-10:6:9,61.4,134.5,1.596844,1.862213,1.7295285,TRUE,TRUE,0.75,,
2015-14-7-10:6:10,61.4,134.5,1.608313,1.816241,1.712277,TRUE,TRUE,0.75,,
2015-14-7-10:6:12,61.4,134.7,1.642723,1.793254,1.7179885,TRUE,TRUE,0.75,,
2015-14-7-10:6:13,61.3,134.7,1.780362,1.689817,1.7350895,TRUE,TRUE,0.75,,
2015-14-7-10:6:14,61.3,134.9,1.96388,1.620859,1.7923695,TRUE,TRUE,0.75,,
2015-14-7-10:6:16,61.3,135,2.021229,1.609366,1.8152975,TRUE,TRUE,0.75,,
2015-14-7-10:6:17,61.3,135,1.998289,1.655338,1.8268135,TRUE,TRUE,0.75,,
2015-14-7-10:6:19,61.2,135.1,1.95241,1.758775,1.8555925,TRUE,TRUE,0.75,,
2015-14-7-10:6:20,61.2,135.1,1.872121,1.919678,1.8958995,TRUE,TRUE,0.75,,
2015-14-7-10:6:21,61.2,135.2,1.883591,2.011622,1.9476065,TRUE,TRUE,0.75,,
2015-14-7-10:6:23,61.2,135.2,1.860651,1.954157,1.907404,TRUE,TRUE,0.75,,
2015-14-7-10:6:24,61.2,135.3,1.791832,1.931171,1.8615015,TRUE,TRUE,0.75,,
2015-14-7-10:6:26,61.2,135.3,1.734482,1.931171,1.8328265,TRUE,TRUE,0.75,,
2015-14-7-10:6:27,61.2,135.5,1.665663,1.919678,1.7926705,TRUE,TRUE,0.75,,
2015-14-7-10:6:28,61.2,135.7,1.642723,1.885199,1.763961,TRUE,TRUE,0.75,,
2015-14-7-10:6:30,61.2,135.8,1.665663,1.804748,1.7352055,TRUE,TRUE,0.75,,
2015-14-7-10:6:31,61.1,136.1,1.711542,1.758775,1.7351585,TRUE,TRUE,0.75,,
2015-14-7-10:6:33,61.2,136.2,1.814771,1.724296,1.7695335,TRUE,TRUE,0.75,,
2015-14-7-10:6:34,61.2,136.4,1.895061,1.712803,1.803932,TRUE,TRUE,0.75,,
2015-14-7-10:6:35,61.2,136.5,1.90653,1.747282,1.826906,TRUE,TRUE,0.75,,
2015-14-7-10:6:37,61.2,136.6,1.895061,1.770268,1.8326645,TRUE,TRUE,0.75,,
2015-14-7-10:6:38,61.2,136.7,1.883591,1.873706,1.8786485,TRUE,TRUE,0.75,,
2015-14-7-10:6:40,61.2,136.7,1.872121,1.942664,1.9073925,TRUE,TRUE,0.75,,
2015-14-7-10:6:41,61.3,136.8,1.860651,1.954157,1.907404,TRUE,TRUE,0.75,,
2015-14-7-10:6:42,61.3,136.9,1.860651,1.896692,1.8786715,TRUE,TRUE,0.75,,
2015-14-7-10:6:44,61.3,136.9,1.95241,1.896692,1.924551,TRUE,TRUE,0.75,,
2015-14-7-10:6:45,61.3,136.9,1.96388,1.873706,1.918793,TRUE,TRUE,0.75,,
2015-14-7-10:6:47,61.3,136.9,1.96388,1.862213,1.9130465,TRUE,TRUE,0.75,,
2015-14-7-10:6:48,61.3,137,1.998289,1.862213,1.930251,TRUE,TRUE,0.75,,
2015-14-7-10:6:49,61.3,136.9,2.044169,1.931171,1.98767,TRUE,TRUE,0.75,,
2015-14-7-10:6:51,61.3,136.9,2.124458,1.942664,2.033561,TRUE,TRUE,0.75,,
2015-14-7-10:6:52,61.4,137,2.193277,1.919678,2.0564775,TRUE,TRUE,0.75,,
2015-14-7-10:6:54,61.4,137,2.227687,1.96565,2.0966685,TRUE,TRUE,0.75,,
2015-14-7-10:6:55,61.4,137,2.216217,2.023115,2.119666,TRUE,TRUE,0.75,,
2015-14-7-10:6:56,61.4,137.1,2.216217,2.103566,2.1598915,TRUE,TRUE,0.75,,
2015-14-7-10:6:58,61.4,137.1,2.170338,2.207004,2.188671,TRUE,TRUE,0.75,,
2015-14-7-10:6:59,61.4,137.2,2.170338,2.22999,2.200164,TRUE,TRUE,0.75,,
2015-14-7-10:7:1,61.4,137.1,2.112988,2.207004,2.159996,TRUE,TRUE,0.75,,
2015-14-7-10:7:2,61.4,137.1,2.078579,2.207004,2.1427915,TRUE,TRUE,0.75,,
2015-14-7-10:7:3,61.4,137,2.044169,2.184017,2.114093,TRUE,TRUE,0.75,,
2015-14-7-10:7:5,61.4,137,2.009759,2.184017,2.096888,TRUE,TRUE,0.75,,
2015-14-7-10:7:6,61.4,137,1.95241,2.138045,2.0452275,TRUE,TRUE,0.75,,
2015-14-7-10:7:8,61.5,136.9,1.895061,2.115059,2.00506,TRUE,TRUE,0.75,,
2015-14-7-10:7:9,61.5,136.8,1.90653,2.069087,1.9878085,TRUE,TRUE,0.75,,
2015-14-7-10:7:10,61.5,136.7,1.94094,2.023115,1.9820275,TRUE,TRUE,0.75,,
2015-14-7-10:7:12,61.5,136.6,1.95241,1.96565,1.95903,TRUE,TRUE,0.75,,
2015-14-7-10:7:13,61.5,136.6,1.918,1.919678,1.918839,TRUE,TRUE,0.75,,
2015-14-7-10:7:15,61.5,136.6,1.97535,1.908185,1.9417675,TRUE,TRUE,0.75,,
2015-14-7-10:7:16,61.4,136.7,2.032699,1.931171,1.981935,TRUE,TRUE,0.75,,
2015-14-7-10:7:17,61.4,136.6,2.044169,1.919678,1.9819235,TRUE,TRUE,0.75,,
2015-14-7-10:7:19,61.4,136.6,2.032699,1.908185,1.970442,TRUE,TRUE,0.75,,
2015-14-7-10:7:20,61.4,136.6,2.021229,1.942664,1.9819465,TRUE,TRUE,0.75,,
2015-14-7-10:7:22,61.3,136.6,2.067109,2.023115,2.045112,TRUE,TRUE,0.75,,
2015-14-7-10:7:23,61.3,136.5,2.078579,2.023115,2.050847,TRUE,TRUE,0.75,,
2015-14-7-10:7:24,61.3,136.5,2.090049,2.011622,2.0508355,TRUE,TRUE,0.75,,
2015-14-7-10:7:26,61.3,136.4,2.101518,1.988636,2.045077,TRUE,TRUE,0.75,,
2015-14-7-10:7:27,61.3,136.3,2.112988,2.000129,2.0565585,TRUE,TRUE,0.75,,
2015-14-7-10:7:29,61.2,136.2,2.112988,2.023115,2.0680515,TRUE,TRUE,0.75,,
2015-14-7-10:7:30,61.3,136,2.090049,2.046101,2.068075,TRUE,TRUE,0.75,,
2015-14-7-10:7:31,61.2,136,2.021229,2.057594,2.0394115,TRUE,TRUE,0.75,,
2015-14-7-10:7:33,61.2,135.7,1.90653,2.103566,2.005048,TRUE,TRUE,0.75,,
2015-14-7-10:7:34,61.2,135.6,1.826241,2.115059,1.97065,TRUE,TRUE,0.75,,
2015-14-7-10:7:36,61.2,135.5,1.803301,2.092073,1.947687,TRUE,TRUE,0.75,,
2015-14-7-10:7:37,61.2,135.5,1.826241,2.023115,1.924678,TRUE,TRUE,0.75,,
2015-14-7-10:7:38,61.2,135.5,1.814771,1.931171,1.872971,TRUE,TRUE,0.75,,
2015-14-7-10:7:40,61.2,135.5,1.803301,1.839227,1.821264,TRUE,TRUE,0.75,,
2015-14-7-10:7:41,61.2,135.4,1.780362,1.816241,1.7983015,TRUE,TRUE,0.75,,
2015-14-7-10:7:43,61.2,135.3,1.768892,1.839227,1.8040595,TRUE,TRUE,0.75,,
2015-14-7-10:7:44,61.3,135.3,1.745952,1.839227,1.7925895,TRUE,TRUE,0.75,,
2015-14-7-10:7:45,61.3,135.3,1.734482,1.827734,1.781108,TRUE,TRUE,0.75,,
2015-14-7-10:7:47,61.3,135.3,1.745952,1.804748,1.77535,TRUE,TRUE,0.75,,
2015-14-7-10:7:48,61.4,135.3,1.757422,1.781762,1.769592,TRUE,TRUE,0.75,,
2015-14-7-10:7:50,61.4,135.3,1.768892,1.758775,1.7638335,TRUE,TRUE,0.75,,
2015-14-7-10:7:51,61.4,135.3,1.780362,1.770268,1.775315,TRUE,TRUE,0.75,,
2015-14-7-10:7:52,61.4,135.3,1.803301,1.770268,1.7867845,TRUE,TRUE,0.75,,
2015-14-7-10:7:54,61.4,135.4,1.826241,1.770268,1.7982545,TRUE,TRUE,0.75,,
2015-14-7-10:7:55,61.4,135.4,1.837711,1.758775,1.798243,TRUE,TRUE,0.75,,
2015-14-7-10:7:57,61.3,135.4,1.745952,1.758775,1.7523635,TRUE,TRUE,0.75,,
2015-14-7-10:7:58,61.3,135.5,1.642723,1.758775,1.700749,TRUE,TRUE,0.75,,
2015-14-7-10:7:59,61.3,135.4,1.528024,1.804748,1.666386,TRUE,TRUE,0.75,,
2015-14-7-10:8:1,61.2,135.4,1.528024,1.827734,1.677879,TRUE,TRUE,0.75,,
2015-14-7-10:8:2,61.2,135.4,1.642723,1.758775,1.700749,TRUE,TRUE,0.75,,
2015-14-7-10:8:4,61.2,135.3,1.791832,1.643845,1.7178385,TRUE,TRUE,2.5,,
2015-14-7-10:8:5,61.2,135.3,1.92947,1.540408,1.734939,TRUE,TRUE,2.5,,
2015-14-7-10:8:6,61.1,135.3,1.98682,1.563394,1.775107,TRUE,TRUE,2.5,,
2015-14-7-10:8:8,61.1,135.3,1.97535,1.758775,1.8670625,TRUE,TRUE,2.5,,
2015-14-7-10:8:9,61.1,135.3,1.98682,1.942664,1.964742,TRUE,TRUE,2.5,,
2015-14-7-10:8:11,61.1,135.2,2.032699,2.023115,2.027907,TRUE,TRUE,2.5,,
2015-14-7-10:8:12,61.2,135.2,2.044169,1.988636,2.0164025,TRUE,TRUE,2.5,,
2015-14-7-10:8:13,61.2,135.2,2.009759,2.000129,2.004944,TRUE,TRUE,2.5,,
2015-14-7-10:8:15,61.2,135.3,1.96388,2.057594,2.010737,TRUE,TRUE,2.5,,
2015-14-7-10:8:16,61.3,135.3,1.998289,2.092073,2.045181,TRUE,TRUE,2.5,,
2015-14-7-10:8:18,61.3,135.3,2.009759,2.034608,2.0221835,TRUE,TRUE,2.5,,
2015-14-7-10:8:19,61.3,135.3,1.98682,2.000129,1.9934745,TRUE,TRUE,2.5,,
2015-14-7-10:8:20,61.4,135.3,1.97535,1.988636,1.981993,TRUE,TRUE,2.5,,
2015-14-7-10:8:22,61.4,135.4,1.918,1.96565,1.941825,TRUE,TRUE,2.5,,
2015-14-7-10:8:23,61.4,135.4,1.860651,1.954157,1.907404,TRUE,TRUE,2.5,,
2015-14-7-10:8:25,61.4,135.5,1.814771,1.954157,1.884464,TRUE,TRUE,2.5,,
2015-14-7-10:8:26,61.4,135.5,1.791832,1.919678,1.855755,TRUE,TRUE,2.5,,
2015-14-7-10:8:27,61.4,135.6,1.837711,1.896692,1.8672015,TRUE,TRUE,2.5,,
2015-14-7-10:8:29,61.4,135.6,1.90653,1.827734,1.867132,TRUE,TRUE,2.5,,
2015-14-7-10:8:30,61.4,135.6,1.872121,1.827734,1.8499275,TRUE,TRUE,2.5,,
2015-14-7-10:8:32,61.4,135.7,1.918,1.873706,1.895853,TRUE,TRUE,2.5,,
2015-14-7-10:8:33,61.4,135.8,1.90653,1.908185,1.9073575,TRUE,TRUE,2.5,,
2015-14-7-10:8:34,61.4,135.7,1.92947,1.862213,1.8958415,TRUE,TRUE,2.5,,
2015-14-7-10:8:36,61.4,135.8,1.97535,1.942664,1.959007,TRUE,TRUE,2.5,,
2015-14-7-10:8:37,61.4,135.8,1.94094,1.908185,1.9245625,TRUE,TRUE,2.5,,
2015-14-7-10:8:39,61.5,135.8,1.918,1.942664,1.930332,TRUE,TRUE,2.5,,
2015-14-7-10:8:40,61.5,135.8,1.872121,2.011622,1.9418715,TRUE,TRUE,2.5,,
2015-14-7-10:8:41,61.5,135.8,1.814771,1.96565,1.8902105,TRUE,TRUE,2.5,,
2015-14-7-10:8:43,61.5,135.8,1.768892,1.954157,1.8615245,TRUE,TRUE,2.5,,
2015-14-7-10:8:44,61.5,135.8,1.745952,1.896692,1.821322,TRUE,TRUE,2.5,,
2015-14-7-10:8:46,61.5,135.9,1.734482,1.839227,1.7868545,TRUE,TRUE,2.5,,
2015-14-7-10:8:47,61.5,135.9,1.642723,1.781762,1.7122425,TRUE,TRUE,2.5,,
2015-14-7-10:8:48,61.4,135.8,1.654193,1.747282,1.7007375,TRUE,TRUE,2.5,,
2015-14-7-10:8:50,61.5,135.7,1.780362,1.747282,1.763822,TRUE,TRUE,2.5,,
2015-14-7-10:8:51,61.5,135.7,1.780362,1.643845,1.7121035,TRUE,TRUE,2.5,,
2015-14-7-10:8:53,61.5,135.6,1.803301,1.678324,1.7408125,TRUE,TRUE,2.5,,
2015-14-7-10:8:54,61.5,135.5,1.780362,1.793254,1.786808,TRUE,TRUE,2.5,,
2015-14-7-10:8:55,61.5,135.5,1.768892,1.827734,1.798313,TRUE,TRUE,2.5,,
2015-14-7-10:8:57,61.6,135.4,1.780362,1.827734,1.804048,TRUE,TRUE,2.5,,
2015-14-7-10:8:58,61.6,135.4,1.814771,1.781762,1.7982665,TRUE,TRUE,2.5,,
2015-14-7-10:9:0,61.6,135.4,1.826241,1.793254,1.8097475,TRUE,TRUE,2.5,,
2015-14-7-10:9:1,61.6,135.3,1.837711,1.816241,1.826976,TRUE,TRUE,2.5,,
2015-14-7-10:9:2,61.6,135.2,1.826241,1.862213,1.844227,TRUE,TRUE,2.5,,
2015-14-7-10:9:4,61.6,135.1,1.780362,1.942664,1.861513,TRUE,TRUE,2.5,,
2015-14-7-10:9:5,61.6,135,1.745952,1.942664,1.844308,TRUE,TRUE,2.5,,
2015-14-7-10:9:7,61.6,135,1.631253,1.885199,1.758226,TRUE,TRUE,2.5,,
2015-14-7-10:9:8,61.6,135,1.528024,1.770268,1.649146,TRUE,TRUE,2.5,,
2015-14-7-10:9:9,61.7,135,1.436265,1.724296,1.5802805,TRUE,TRUE,2.5,,
2015-14-7-10:9:11,61.7,135,1.264217,1.597873,1.431045,TRUE,TRUE,2.5,,
2015-14-7-10:9:12,61.7,134.9,1.378916,1.482943,1.4309295,TRUE,TRUE,2.5,,
2015-14-7-10:9:14,61.7,134.9,1.528024,1.379506,1.453765,TRUE,TRUE,2.5,,
2015-14-7-10:9:15,61.7,134.8,1.562434,1.230096,1.396265,TRUE,TRUE,2.5,,
2015-14-7-10:9:16,61.7,134.7,1.573904,1.390998,1.482451,TRUE,TRUE,2.5,,
2015-14-7-10:9:18,61.8,134.7,1.528024,1.505929,1.5169765,TRUE,TRUE,2.5,,
2015-14-7-10:9:19,61.8,134.7,1.505085,1.551901,1.528493,TRUE,TRUE,2.5,,
2015-14-7-10:9:21,61.8,134.7,1.493615,1.540408,1.5170115,TRUE,TRUE,2.5,,
2015-14-7-10:9:22,61.8,134.7,1.493615,1.494436,1.4940255,TRUE,TRUE,2.5,,
2015-14-7-10:9:23,61.8,134.7,1.516554,1.459957,1.4882555,TRUE,TRUE,2.5,,
2015-14-7-10:9:25,61.8,134.7,1.528024,1.448464,1.488244,TRUE,TRUE,2.5,,
2015-14-7-10:9:26,61.8,134.6,1.505085,1.482943,1.494014,TRUE,TRUE,2.5,,
2015-14-7-10:9:28,61.8,134.6,1.470675,1.517422,1.4940485,TRUE,TRUE,2.5,,
2015-14-7-10:9:29,61.8,134.7,1.482145,1.551901,1.517023,TRUE,TRUE,2.5,,
2015-14-7-10:9:30,61.8,134.7,1.470675,1.528915,1.499795,TRUE,TRUE,2.5,,
2015-14-7-10:9:32,61.8,134.7,1.470675,1.482943,1.476809,TRUE,TRUE,2.5,,
2015-14-7-10:9:33,61.8,134.8,1.482145,1.482943,1.482544,TRUE,TRUE,2.5,,
2015-14-7-10:9:35,61.8,134.9,1.482145,1.482943,1.482544,TRUE,TRUE,2.5,,
2015-14-7-10:9:36,61.8,134.9,1.505085,1.505929,1.505507,TRUE,TRUE,2.5,,
2015-14-7-10:9:37,61.8,135,1.493615,1.505929,1.499772,TRUE,TRUE,2.5,,
2015-14-7-10:9:39,61.8,135,1.505085,1.505929,1.505507,TRUE,TRUE,2.5,,
2015-14-7-10:9:40,61.8,135.1,1.550964,1.494436,1.5227,TRUE,TRUE,2.5,,
2015-14-7-10:9:42,61.8,135.1,1.539494,1.47145,1.505472,TRUE,TRUE,2.5,,
2015-14-7-10:9:43,61.8,135.3,1.482145,1.47145,1.4767975,TRUE,TRUE,2.5,,
2015-14-7-10:9:44,61.8,135.3,1.459205,1.517422,1.4883135,TRUE,TRUE,2.5,,
2015-14-7-10:9:46,61.8,135.4,1.459205,1.517422,1.4883135,TRUE,TRUE,2.5,,
2015-14-7-10:9:47,61.8,135.4,1.562434,1.459957,1.5111955,TRUE,TRUE,2.5,,
2015-14-7-10:9:49,61.8,135.5,1.585374,1.459957,1.5226655,TRUE,TRUE,2.5,,
2015-14-7-10:9:50,61.8,135.6,1.562434,1.47145,1.516942,TRUE,TRUE,2.5,,
2015-14-7-10:9:51,61.8,135.7,1.677133,1.551901,1.614517,TRUE,TRUE,2.5,,
2015-14-7-10:9:53,61.8,135.7,1.550964,1.58638,1.568672,TRUE,TRUE,2.5,,
2015-14-7-10:9:54,61.8,135.8,1.482145,1.528915,1.50553,TRUE,TRUE,2.5,,
2015-14-7-10:9:56,61.8,135.9,1.482145,1.678324,1.5802345,TRUE,TRUE,2.5,,
2015-14-7-10:9:57,61.8,136,1.505085,1.540408,1.5227465,TRUE,TRUE,2.5,,
2015-14-7-10:9:58,61.8,136,1.505085,1.459957,1.482521,TRUE,TRUE,2.5,,
2015-14-7-10:10:0,61.8,136,1.493615,1.448464,1.4710395,TRUE,TRUE,2.5,,
2015-14-7-10:10:1,61.8,136,1.482145,1.47145,1.4767975,TRUE,TRUE,2.5,,
2015-14-7-10:10:3,61.8,136.1,1.482145,1.494436,1.4882905,TRUE,TRUE,2.5,,
2015-14-7-10:10:4,61.8,136.1,1.470675,1.505929,1.488302,TRUE,TRUE,2.5,,
2015-14-7-10:10:5,61.8,136.2,1.493615,1.482943,1.488279,TRUE,TRUE,2.5,,
2015-14-7-10:10:7,61.8,136.2,1.516554,1.494436,1.505495,TRUE,TRUE,2.5,,
2015-14-7-10:10:8,61.7,136.1,1.516554,1.494436,1.505495,TRUE,TRUE,2.5,,
2015-14-7-10:10:10,61.7,136.1,1.516554,1.505929,1.5112415,TRUE,TRUE,2.5,,
2015-14-7-10:10:11,61.6,136,1.528024,1.528915,1.5284695,TRUE,TRUE,2.5,,
2015-14-7-10:10:12,61.6,136,1.539494,1.517422,1.528458,TRUE,TRUE,2.5,,
2015-14-7-10:10:14,61.6,135.9,1.573904,1.517422,1.545663,TRUE,TRUE,2.5,,
2015-14-7-10:10:15,61.6,135.9,1.573904,1.517422,1.545663,TRUE,TRUE,2.5,,
2015-14-7-10:10:17,61.6,135.8,1.573904,1.517422,1.545663,TRUE,TRUE,2.5,,
2015-14-7-10:10:18,61.6,135.9,1.550964,1.574887,1.5629255,TRUE,TRUE,2.5,,
2015-14-7-10:10:19,61.6,135.9,1.516554,1.540408,1.528481,TRUE,TRUE,2.5,,
2015-14-7-10:10:21,61.6,135.9,1.562434,1.563394,1.562914,TRUE,TRUE,2.5,,
2015-14-7-10:10:22,61.6,135.8,1.573904,1.517422,1.545663,TRUE,TRUE,2.5,,
2015-14-7-10:10:24,61.6,135.8,1.562434,1.494436,1.528435,TRUE,TRUE,2.5,,
2015-14-7-10:10:25,61.6,135.7,1.539494,1.528915,1.5342045,TRUE,TRUE,2.5,,
2015-14-7-10:10:26,61.6,135.7,1.505085,1.563394,1.5342395,TRUE,TRUE,2.5,,
2015-14-7-10:10:28,61.6,135.7,1.493615,1.517422,1.5055185,TRUE,TRUE,2.5,,
2015-14-7-10:10:29,61.7,135.6,1.482145,1.482943,1.482544,TRUE,TRUE,2.5,,
2015-14-7-10:10:31,61.7,135.6,1.505085,1.482943,1.494014,TRUE,TRUE,2.5,,
2015-14-7-10:10:32,61.7,135.6,1.516554,1.459957,1.4882555,TRUE,TRUE,2.5,,
2015-14-7-10:10:33,61.8,135.6,1.562434,1.494436,1.528435,TRUE,TRUE,2.5,,
2015-14-7-10:10:35,61.8,135.5,1.619783,1.517422,1.5686025,TRUE,TRUE,2.5,,
2015-14-7-10:10:36,61.8,135.4,1.677133,1.494436,1.5857845,TRUE,TRUE,2.5,,
2015-14-7-10:10:38,61.8,135.3,1.677133,1.574887,1.62601,TRUE,TRUE,2.5,,
2015-14-7-10:10:39,61.8,135.3,1.665663,1.597873,1.631768,TRUE,TRUE,2.5,,
2015-14-7-10:10:40,61.7,135.3,1.642723,1.678324,1.6605235,TRUE,TRUE,2.5,,
2015-14-7-10:10:42,61.7,135.3,1.619783,1.678324,1.6490535,TRUE,TRUE,2.5,,
2015-14-7-10:10:43,61.7,135.3,1.619783,1.666831,1.643307,TRUE,TRUE,2.5,,
2015-14-7-10:10:45,61.7,135.3,1.631253,1.655338,1.6432955,TRUE,TRUE,2.5,,
2015-14-7-10:10:46,61.7,135.2,1.654193,1.655338,1.6547655,TRUE,TRUE,2.5,,
2015-14-7-10:10:47,61.7,135.2,1.677133,1.643845,1.660489,TRUE,TRUE,2.5,,
2015-14-7-10:10:49,61.6,135.2,1.665663,1.643845,1.654754,TRUE,TRUE,2.5,,
2015-14-7-10:10:50,61.6,135.1,1.677133,1.655338,1.6662355,TRUE,TRUE,2.5,,
2015-14-7-10:10:52,61.6,135.2,1.711542,1.655338,1.68344,TRUE,TRUE,2.5,,
2015-14-7-10:10:53,61.6,135.1,1.711542,1.643845,1.6776935,TRUE,TRUE,2.5,,
2015-14-7-10:10:54,61.6,135.1,1.711542,1.666831,1.6891865,TRUE,TRUE,2.5,,
2015-14-7-10:10:56,61.6,135,1.711542,1.689817,1.7006795,TRUE,TRUE,2.5,,
2015-14-7-10:10:57,61.6,135,1.803301,1.712803,1.758052,TRUE,TRUE,2.5,,
2015-14-7-10:10:59,61.6,135,1.803301,1.678324,1.7408125,TRUE,TRUE,2.5,,
2015-14-7-10:11:0,61.6,135.1,1.734482,1.689817,1.7121495,TRUE,TRUE,2.5,,
2015-14-7-10:11:1,61.6,135.1,1.677133,1.747282,1.7122075,TRUE,TRUE,2.5,,
2015-14-7-10:11:3,61.7,135,1.642723,1.735789,1.689256,TRUE,TRUE,2.5,,
2015-14-7-10:11:4,61.7,134.9,1.631253,1.70131,1.6662815,TRUE,TRUE,2.5,,
2015-14-7-10:11:6,61.7,134.9,1.619783,1.655338,1.6375605,TRUE,TRUE,2.5,,
2015-14-7-10:11:7,61.7,134.9,1.608313,1.643845,1.626079,TRUE,TRUE,2.5,,
2015-14-7-10:11:8,61.7,135,1.596844,1.643845,1.6203445,TRUE,TRUE,2.5,,
2015-14-7-10:11:10,61.6,135,1.608313,1.620859,1.614586,TRUE,TRUE,2.5,,
2015-14-7-10:11:11,61.6,134.9,1.642723,1.620859,1.631791,TRUE,TRUE,2.5,,
2015-14-7-10:11:13,61.6,134.9,1.619783,1.632352,1.6260675,TRUE,TRUE,2.5,,
2015-14-7-10:11:14,61.6,134.8,1.550964,1.632352,1.591658,TRUE,TRUE,2.5,,
2015-14-7-10:11:15,61.6,134.8,1.539494,1.632352,1.585923,TRUE,TRUE,2.5,,
2015-14-7-10:11:17,61.6,134.9,1.573904,1.58638,1.580142,TRUE,TRUE,2.5,,
2015-14-7-10:11:18,61.6,134.9,1.573904,1.551901,1.5629025,TRUE,TRUE,2.5,,
2015-14-7-10:11:20,61.6,135,1.516554,1.540408,1.528481,TRUE,TRUE,2.5,,
2015-14-7-10:11:21,61.6,135,1.447735,1.597873,1.522804,TRUE,TRUE,2.5,,
2015-14-7-10:11:22,61.6,135,1.436265,1.58638,1.5113225,TRUE,TRUE,2.5,,
2015-14-7-10:11:24,61.6,135,1.424795,1.517422,1.4711085,TRUE,TRUE,2.5,,
2015-14-7-10:11:25,61.6,135,1.390386,1.459957,1.4251715,TRUE,TRUE,2.5,,
2015-14-7-10:11:27,61.6,135,1.424795,1.448464,1.4366295,TRUE,TRUE,2.5,,
2015-14-7-10:11:28,61.6,135,1.436265,1.425478,1.4308715,TRUE,TRUE,2.5,,
2015-14-7-10:11:29,61.6,135,1.447735,1.413985,1.43086,TRUE,TRUE,2.5,,
2015-14-7-10:11:31,61.5,135.1,1.459205,1.436971,1.448088,TRUE,TRUE,2.5,,
2015-14-7-10:11:32,61.5,135.1,1.482145,1.448464,1.4653045,TRUE,TRUE,2.5,,
2015-14-7-10:11:34,61.5,135.2,1.516554,1.482943,1.4997485,TRUE,TRUE,2.5,,
2015-14-7-10:11:35,61.6,135.2,1.539494,1.482943,1.5112185,TRUE,TRUE,2.5,,
2015-14-7-10:11:36,61.6,135.3,1.482145,1.517422,1.4997835,TRUE,TRUE,2.5,,
2015-14-7-10:11:38,61.7,135.3,1.447735,1.517422,1.4825785,TRUE,TRUE,2.5,,
2015-14-7-10:11:39,61.7,135.3,1.436265,1.540408,1.4883365,TRUE,TRUE,2.5,,
2015-14-7-10:11:41,61.7,135.3,1.436265,1.47145,1.4538575,TRUE,TRUE,2.5,,
2015-14-7-10:11:42,61.7,135.3,1.424795,1.436971,1.430883,TRUE,TRUE,2.5,,
2015-14-7-10:11:43,61.7,135.4,1.459205,1.402492,1.4308485,TRUE,TRUE,2.5,,
2015-14-7-10:11:45,61.7,135.4,1.482145,1.425478,1.4538115,TRUE,TRUE,2.5,,
2015-14-7-10:11:46,61.7,135.5,1.482145,1.402492,1.4423185,TRUE,TRUE,2.5,,
2015-14-7-10:11:48,61.7,135.5,1.482145,1.459957,1.471051,TRUE,TRUE,2.5,,
2015-14-7-10:11:49,61.7,135.6,1.470675,1.482943,1.476809,TRUE,TRUE,2.5,,
2015-14-7-10:11:50,61.7,135.6,1.470675,1.47145,1.4710625,TRUE,TRUE,2.5,,
2015-14-7-10:11:52,61.7,135.6,1.470675,1.47145,1.4710625,TRUE,TRUE,2.5,,
2015-14-7-10:11:53,61.7,135.6,1.447735,1.482943,1.465339,TRUE,TRUE,2.5,,
2015-14-7-10:11:55,61.7,135.5,1.436265,1.47145,1.4538575,TRUE,TRUE,2.5,,
2015-14-7-10:11:56,61.8,135.5,1.424795,1.47145,1.4481225,TRUE,TRUE,2.5,,
2015-14-7-10:11:57,61.8,135.4,1.424795,1.459957,1.442376,TRUE,TRUE,2.5,,
2015-14-7-10:11:59,61.8,135.4,1.447735,1.459957,1.453846,TRUE,TRUE,2.5,,
2015-14-7-10:12:0,61.8,135.4,1.424795,1.448464,1.4366295,TRUE,TRUE,2.5,,
2015-14-7-10:12:2,61.8,135.4,1.367446,1.448464,1.407955,TRUE,TRUE,2.5,,
2015-14-7-10:12:3,61.8,135.4,1.355976,1.448464,1.40222,TRUE,TRUE,2.5,,
2015-14-7-10:12:4,61.8,135.3,1.378916,1.413985,1.3964505,TRUE,TRUE,2.5,,
2015-14-7-10:12:6,61.8,135.3,1.459205,1.333533,1.396369,TRUE,TRUE,2.5,,
2015-14-7-10:12:7,61.8,135.3,1.528024,1.32204,1.425032,TRUE,TRUE,2.5,,
2015-14-7-10:12:9,61.8,135.3,1.550964,1.368012,1.459488,TRUE,TRUE,2.5,,
2015-14-7-10:12:10,61.8,135.2,1.573904,1.436971,1.5054375,TRUE,TRUE,2.5,,
2015-14-7-10:12:11,61.8,135.2,1.596844,1.528915,1.5628795,TRUE,TRUE,2.5,,
2015-14-7-10:12:13,61.8,135.2,1.654193,1.563394,1.6087935,TRUE,TRUE,2.5,,
2015-14-7-10:12:14,61.9,135.2,1.665663,1.58638,1.6260215,TRUE,TRUE,2.5,,
2015-14-7-10:12:16,61.9,135.1,1.642723,1.58638,1.6145515,TRUE,TRUE,2.5,,
2015-14-7-10:12:17,61.9,135,1.665663,1.620859,1.643261,TRUE,TRUE,2.5,,
2015-14-7-10:12:18,61.9,135,1.677133,1.597873,1.637503,TRUE,TRUE,2.5,,
2015-14-7-10:12:20,61.9,135,1.677133,1.574887,1.62601,TRUE,TRUE,2.5,,
2015-14-7-10:12:21,61.9,135,1.642723,1.597873,1.620298,TRUE,TRUE,2.5,,
2015-14-7-10:12:23,61.9,135,1.631253,1.609366,1.6203095,TRUE,TRUE,2.5,,
2015-14-7-10:12:24,61.9,134.9,1.654193,1.609366,1.6317795,TRUE,TRUE,2.5,,
2015-14-7-10:12:25,61.9,134.9,1.642723,1.609366,1.6260445,TRUE,TRUE,2.5,,
2015-14-7-10:12:27,61.9,134.9,1.573904,1.574887,1.5743955,TRUE,TRUE,2.5,,
2015-14-7-10:12:28,61.9,134.8,1.562434,1.58638,1.574407,TRUE,TRUE,2.5,,
2015-14-7-10:12:30,61.9,134.7,1.585374,1.609366,1.59737,TRUE,TRUE,2.5,,
2015-14-7-10:12:31,61.9,134.7,1.619783,1.517422,1.5686025,TRUE,TRUE,2.5,,
2015-14-7-10:12:32,61.9,134.7,1.642723,1.528915,1.585819,TRUE,TRUE,2.5,,
2015-14-7-10:12:34,61.9,134.6,1.619783,1.528915,1.574349,TRUE,TRUE,2.5,,
2015-14-7-10:12:35,61.9,134.5,1.619783,1.58638,1.6030815,TRUE,TRUE,2.5,,
2015-14-7-10:12:37,62,134.5,1.631253,1.632352,1.6318025,TRUE,TRUE,2.5,,
2015-14-7-10:12:38,62,134.5,1.619783,1.58638,1.6030815,TRUE,TRUE,2.5,,
2015-14-7-10:12:39,62,134.4,1.608313,1.620859,1.614586,TRUE,TRUE,2.5,,
2015-14-7-10:12:41,62,134.3,1.585374,1.609366,1.59737,TRUE,TRUE,2.5,,
2015-14-7-10:12:42,62,134.2,1.596844,1.632352,1.614598,TRUE,TRUE,2.5,,
2015-14-7-10:12:44,62,134.3,1.642723,1.632352,1.6375375,TRUE,TRUE,2.5,,
2015-14-7-10:12:45,62,134.2,1.585374,1.563394,1.574384,TRUE,TRUE,2.5,,
2015-14-7-10:12:46,62,134.2,1.631253,1.540408,1.5858305,TRUE,TRUE,2.5,,
2015-14-7-10:12:48,62,134.3,1.608313,1.597873,1.603093,TRUE,TRUE,2.5,,
2015-14-7-10:12:49,62,134.3,1.573904,1.563394,1.568649,TRUE,TRUE,2.5,,
2015-14-7-10:12:51,62,134.3,1.608313,1.58638,1.5973465,TRUE,TRUE,2.5,,
2015-14-7-10:12:52,62,134.4,1.631253,1.58638,1.6088165,TRUE,TRUE,2.5,,
2015-14-7-10:12:53,62,134.5,1.631253,1.574887,1.60307,TRUE,TRUE,2.5,,
2015-14-7-10:12:55,62,134.5,1.631253,1.574887,1.60307,TRUE,TRUE,2.5,,
2015-14-7-10:12:56,62,134.6,1.608313,1.597873,1.603093,TRUE,TRUE,2.5,,
2015-14-7-10:12:58,62,134.6,1.585374,1.574887,1.5801305,TRUE,TRUE,2.5,,
2015-14-7-10:12:59,62,134.7,1.539494,1.58638,1.562937,TRUE,TRUE,2.5,,
2015-14-7-10:13:0,62,134.7,1.539494,1.574887,1.5571905,TRUE,TRUE,2.5,,
2015-14-7-10:13:2,62,134.8,1.516554,1.540408,1.528481,TRUE,TRUE,2.5,,
2015-14-7-10:13:3,62,134.9,1.493615,1.494436,1.4940255,TRUE,TRUE,2.5,,
2015-14-7-10:13:5,62,135,1.539494,1.482943,1.5112185,TRUE,TRUE,2.5,,
2015-14-7-10:13:6,62,135.1,1.493615,1.459957,1.476786,TRUE,TRUE,2.5,,
2015-14-7-10:13:7,62,135.2,1.447735,1.47145,1.4595925,TRUE,TRUE,2.5,,
2015-14-7-10:13:9,62,135.3,1.447735,1.482943,1.465339,TRUE,TRUE,2.5,,
2015-14-7-10:13:10,62,135.4,1.378916,1.436971,1.4079435,TRUE,TRUE,2.5,,
2015-14-7-10:13:12,62,135.5,1.310097,1.448464,1.3792805,TRUE,TRUE,2.5,,
2015-14-7-10:13:13,62,135.5,1.333036,1.448464,1.39075,TRUE,TRUE,2.5,,
2015-14-7-10:13:14,62,135.6,1.424795,1.390998,1.4078965,TRUE,TRUE,2.5,,
2015-14-7-10:13:16,62,135.6,1.470675,1.299054,1.3848645,TRUE,TRUE,2.5,,
2015-14-7-10:13:17,62,135.7,1.493615,1.356519,1.425067,TRUE,TRUE,2.5,,
2015-14-7-10:13:19,62,135.8,1.470675,1.436971,1.453823,TRUE,TRUE,2.5,,
2015-14-7-10:13:20,62,135.9,1.436265,1.47145,1.4538575,TRUE,TRUE,2.5,,
2015-14-7-10:13:21,62,136,1.424795,1.482943,1.453869,TRUE,TRUE,2.5,,
2015-14-7-10:13:23,62,135.9,1.436265,1.47145,1.4538575,TRUE,TRUE,2.5,,
2015-14-7-10:13:24,62,136,1.436265,1.459957,1.448111,TRUE,TRUE,2.5,,
2015-14-7-10:13:26,62,136.2,1.424795,1.448464,1.4366295,TRUE,TRUE,2.5,,
2015-14-7-10:13:27,62.1,136.2,1.459205,1.448464,1.4538345,TRUE,TRUE,2.5,,
2015-14-7-10:13:28,62.1,136.2,1.482145,1.436971,1.459558,TRUE,TRUE,2.5,,
2015-14-7-10:13:30,62.1,136.3,1.459205,1.436971,1.448088,TRUE,TRUE,2.5,,
2015-14-7-10:13:31,62.1,136.3,1.436265,1.459957,1.448111,TRUE,TRUE,2.5,,
2015-14-7-10:13:33,62.1,136.4,1.447735,1.459957,1.453846,TRUE,TRUE,2.5,,
2015-14-7-10:13:34,62.1,136.4,1.470675,1.436971,1.453823,TRUE,TRUE,2.5,,
2015-14-7-10:13:35,62.1,136.5,1.482145,1.436971,1.459558,TRUE,TRUE,2.5,,
2015-14-7-10:13:37,62.1,136.5,1.493615,1.459957,1.476786,TRUE,TRUE,2.5,,
2015-14-7-10:13:38,62.1,136.5,1.459205,1.482943,1.471074,TRUE,TRUE,2.5,,
2015-14-7-10:13:40,62.1,136.5,1.424795,1.494436,1.4596155,TRUE,TRUE,2.5,,
2015-14-7-10:13:41,62.1,136.5,1.413326,1.494436,1.453881,TRUE,TRUE,2.5,,
2015-14-7-10:13:42,62.1,136.5,1.378916,1.47145,1.425183,TRUE,TRUE,2.5,,
2015-14-7-10:13:44,62.1,136.5,1.378916,1.47145,1.425183,TRUE,TRUE,2.5,,
2015-14-7-10:13:45,62.1,136.5,1.378916,1.402492,1.390704,TRUE,TRUE,2.5,,
2015-14-7-10:13:47,62.2,136.4,1.355976,1.413985,1.3849805,TRUE,TRUE,2.5,,
2015-14-7-10:13:48,62.2,136.4,1.459205,1.413985,1.436595,TRUE,TRUE,2.5,,
2015-14-7-10:13:49,62.1,136.3,1.470675,1.356519,1.413597,TRUE,TRUE,2.5,,
2015-14-7-10:13:51,62.1,136.2,1.459205,1.368012,1.4136085,TRUE,TRUE,2.5,,
2015-14-7-10:13:52,62.1,136.2,1.459205,1.448464,1.4538345,TRUE,TRUE,2.5,,
2015-14-7-10:13:54,62.1,136.1,1.482145,1.47145,1.4767975,TRUE,TRUE,2.5,,
2015-14-7-10:13:55,62.1,136,1.493615,1.47145,1.4825325,TRUE,TRUE,2.5,,
2015-14-7-10:13:56,62.1,136,1.539494,1.47145,1.505472,TRUE,TRUE,2.5,,
2015-14-7-10:13:58,62.1,136,1.573904,1.494436,1.53417,TRUE,TRUE,2.5,,
2015-14-7-10:13:59,62.1,136,1.550964,1.517422,1.534193,TRUE,TRUE,2.5,,
2015-14-7-10:14:1,62.1,136,1.528024,1.563394,1.545709,TRUE,TRUE,2.5,,
2015-14-7-10:14:2,62.1,136,1.528024,1.58638,1.557202,TRUE,TRUE,2.5,,
2015-14-7-10:14:3,62.1,136,1.505085,1.540408,1.5227465,TRUE,TRUE,2.5,,
2015-14-7-10:14:5,62.1,136,1.482145,1.528915,1.50553,TRUE,TRUE,2.5,,
2015-14-7-10:14:6,62.1,135.9,1.505085,1.505929,1.505507,TRUE,TRUE,2.5,,
2015-14-7-10:14:8,62.1,135.9,1.516554,1.494436,1.505495,TRUE,TRUE,2.5,,
2015-14-7-10:14:9,62.2,135.9,1.505085,1.482943,1.494014,TRUE,TRUE,2.5,,
2015-14-7-10:14:10,62.2,135.8,1.528024,1.517422,1.522723,TRUE,TRUE,2.5,,
2015-14-7-10:14:12,62.2,135.7,1.550964,1.528915,1.5399395,TRUE,TRUE,2.5,,
2015-14-7-10:14:13,62.2,135.6,1.528024,1.528915,1.5284695,TRUE,TRUE,2.5,,
2015-14-7-10:14:15,62.2,135.6,1.505085,1.551901,1.528493,TRUE,TRUE,2.5,,
2015-14-7-10:14:16,62.2,135.5,1.482145,1.563394,1.5227695,TRUE,TRUE,2.5,,
2015-14-7-10:14:17,62.2,135.3,1.470675,1.528915,1.499795,TRUE,TRUE,2.5,,
2015-14-7-10:14:19,62.2,135.3,1.459205,1.517422,1.4883135,TRUE,TRUE,2.5,,
2015-14-7-10:14:20,62.2,135.2,1.459205,1.494436,1.4768205,TRUE,TRUE,2.5,,
2015-14-7-10:14:22,62.1,135.1,1.459205,1.448464,1.4538345,TRUE,TRUE,2.5,,
2015-14-7-10:14:23,62.1,135.1,1.493615,1.459957,1.476786,TRUE,TRUE,2.5,,
2015-14-7-10:14:24,62.2,135.1,1.493615,1.448464,1.4710395,TRUE,TRUE,2.5,,
2015-14-7-10:14:26,62.2,135,1.539494,1.459957,1.4997255,TRUE,TRUE,2.5,,
2015-14-7-10:14:27,62.2,135,1.573904,1.47145,1.522677,TRUE,TRUE,2.5,,
2015-14-7-10:14:29,62.2,134.9,1.562434,1.505929,1.5341815,TRUE,TRUE,2.5,,
2015-14-7-10:14:30,62.2,134.8,1.573904,1.551901,1.5629025,TRUE,TRUE,2.5,,
2015-14-7-10:14:31,62.2,134.7,1.585374,1.574887,1.5801305,TRUE,TRUE,2.5,,
2015-14-7-10:14:33,62.2,134.6,1.677133,1.58638,1.6317565,TRUE,TRUE,2.5,,
2015-14-7-10:14:34,62.2,134.6,1.768892,1.597873,1.6833825,TRUE,TRUE,2.5,,
2015-14-7-10:14:36,62.2,134.6,1.826241,1.632352,1.7292965,TRUE,TRUE,2.5,,
2015-14-7-10:14:37,62.2,134.5,1.826241,1.689817,1.758029,TRUE,TRUE,2.5,,
2015-14-7-10:14:38,62.2,134.5,1.849181,1.735789,1.792485,TRUE,TRUE,2.5,,
2015-14-7-10:14:40,62.2,134.5,1.849181,1.712803,1.780992,TRUE,TRUE,2.5,,
2015-14-7-10:14:41,62.2,134.5,1.860651,1.712803,1.786727,TRUE,TRUE,2.5,,
2015-14-7-10:14:43,62.2,134.5,1.860651,1.689817,1.775234,TRUE,TRUE,2.5,,
2015-14-7-10:14:44,62.2,134.5,1.860651,1.678324,1.7694875,TRUE,TRUE,2.5,,
2015-14-7-10:14:45,62.2,134.5,1.883591,1.712803,1.798197,TRUE,TRUE,2.5,,
2015-14-7-10:14:47,62.2,134.5,1.895061,1.747282,1.8211715,TRUE,TRUE,2.5,,
2015-14-7-10:14:48,62.2,134.4,1.883591,1.724296,1.8039435,TRUE,TRUE,2.5,,
2015-14-7-10:14:50,62.2,134.4,1.860651,1.747282,1.8039665,TRUE,TRUE,2.5,,
2015-14-7-10:14:51,62.2,134.3,1.826241,1.747282,1.7867615,TRUE,TRUE,2.5,,
2015-14-7-10:14:52,62.2,134.4,1.814771,1.747282,1.7810265,TRUE,TRUE,2.5,,
2015-14-7-10:14:54,62.2,134.4,1.791832,1.747282,1.769557,TRUE,TRUE,2.5,,
2015-14-7-10:14:55,62.2,134.5,1.780362,1.735789,1.7580755,TRUE,TRUE,2.5,,
2015-14-7-10:14:57,62.2,134.6,1.757422,1.712803,1.7351125,TRUE,TRUE,2.5,,
2015-14-7-10:14:58,62.2,134.7,1.711542,1.735789,1.7236655,TRUE,TRUE,2.5,,
2015-14-7-10:14:59,62.2,134.7,1.688603,1.712803,1.700703,TRUE,TRUE,2.5,,
2015-14-7-10:15:1,62.2,134.8,1.677133,1.712803,1.694968,TRUE,TRUE,2.5,,
2015-14-7-10:15:2,62.2,134.9,1.642723,1.666831,1.654777,TRUE,TRUE,2.5,,
2015-14-7-10:15:4,62.2,134.9,1.642723,1.643845,1.643284,TRUE,TRUE,2.5,,
2015-14-7-10:15:5,62.2,134.9,1.688603,1.655338,1.6719705,TRUE,TRUE,2.5,,
2015-14-7-10:15:6,62.2,135,1.677133,1.609366,1.6432495,TRUE,TRUE,2.5,,
2015-14-7-10:15:8,62.2,135.1,1.734482,1.609366,1.671924,TRUE,TRUE,2.5,,
2015-14-7-10:15:9,62.2,135.2,1.642723,1.655338,1.6490305,TRUE,TRUE,2.5,,
2015-14-7-10:15:11,62.2,135.3,1.654193,1.655338,1.6547655,TRUE,TRUE,2.5,,
2015-14-7-10:15:12,62.1,135.4,1.654193,1.781762,1.7179775,TRUE,TRUE,2.5,,
2015-14-7-10:15:13,62.1,135.5,1.642723,1.666831,1.654777,TRUE,TRUE,2.5,,
2015-14-7-10:15:15,62.1,135.6,1.619783,1.632352,1.6260675,TRUE,TRUE,2.5,,
2015-14-7-10:15:16,62.1,135.7,1.619783,1.632352,1.6260675,TRUE,TRUE,2.5,,
2015-14-7-10:15:18,62.1,135.8,1.619783,1.609366,1.6145745,TRUE,TRUE,2.5,,
2015-14-7-10:15:19,62.1,136,1.631253,1.574887,1.60307,TRUE,TRUE,2.5,,
2015-14-7-10:15:20,62,136.1,1.608313,1.574887,1.5916,TRUE,TRUE,2.5,,
2015-14-7-10:15:22,62,136.1,1.619783,1.574887,1.597335,TRUE,TRUE,2.5,,
2015-14-7-10:15:23,62,136.3,1.608313,1.597873,1.603093,TRUE,TRUE,2.5,,
2015-14-7-10:15:25,62,136.3,1.585374,1.597873,1.5916235,TRUE,TRUE,2.5,,
2015-14-7-10:15:26,62,136.4,1.562434,1.563394,1.562914,TRUE,TRUE,2.5,,
2015-14-7-10:15:27,62.1,136.4,1.596844,1.563394,1.580119,TRUE,TRUE,2.5,,
2015-14-7-10:15:29,62.1,136.4,1.608313,1.563394,1.5858535,TRUE,TRUE,2.5,,
2015-14-7-10:15:30,62.1,136.5,1.631253,1.540408,1.5858305,TRUE,TRUE,2.5,,
2015-14-7-10:15:32,62.1,136.5,1.654193,1.574887,1.61454,TRUE,TRUE,2.5,,
2015-14-7-10:15:33,62.1,136.5,1.665663,1.609366,1.6375145,TRUE,TRUE,2.5,,
2015-14-7-10:15:34,62.1,136.6,1.665663,1.655338,1.6605005,TRUE,TRUE,2.5,,
2015-14-7-10:15:36,62.1,136.6,1.654193,1.666831,1.660512,TRUE,TRUE,2.5,,
2015-14-7-10:15:37,62.1,136.6,1.654193,1.678324,1.6662585,TRUE,TRUE,2.5,,
2015-14-7-10:15:39,62.1,136.6,1.619783,1.678324,1.6490535,TRUE,TRUE,2.5,,
2015-14-7-10:15:40,62.1,136.6,1.585374,1.666831,1.6261025,TRUE,TRUE,2.5,,
2015-14-7-10:15:41,62.1,136.6,1.562434,1.643845,1.6031395,TRUE,TRUE,2.5,,
2015-14-7-10:15:43,62.1,136.6,1.539494,1.620859,1.5801765,TRUE,TRUE,2.5,,
2015-14-7-10:15:44,62.1,136.6,1.573904,1.597873,1.5858885,TRUE,TRUE,2.5,,
2015-14-7-10:15:46,62.2,136.5,1.631253,1.551901,1.591577,TRUE,TRUE,2.5,,
2015-14-7-10:15:47,62.2,136.5,1.573904,1.551901,1.5629025,TRUE,TRUE,2.5,,
2015-14-7-10:15:48,62.2,136.5,1.550964,1.574887,1.5629255,TRUE,TRUE,2.5,,
2015-14-7-10:15:50,62.2,136.5,1.550964,1.620859,1.5859115,TRUE,TRUE,2.5,,
2015-14-7-10:15:51,62.2,136.5,1.550964,1.574887,1.5629255,TRUE,TRUE,2.5,,
2015-14-7-10:15:53,62.2,136.3,1.562434,1.574887,1.5686605,TRUE,TRUE,2.5,,
2015-14-7-10:15:54,62.2,136.2,1.573904,1.563394,1.568649,TRUE,TRUE,2.5,,
2015-14-7-10:15:55,62.1,136.2,1.550964,1.563394,1.557179,TRUE,TRUE,2.5,,
2015-14-7-10:15:57,62.1,136.1,1.550964,1.574887,1.5629255,TRUE,TRUE,2.5,,
2015-14-7-10:15:58,62.1,136,1.528024,1.58638,1.557202,TRUE,TRUE,2.5,,
2015-14-7-10:16:0,62.1,136,1.516554,1.551901,1.5342275,TRUE,TRUE,2.5,,
2015-14-7-10:16:1,62.1,135.9,1.482145,1.540408,1.5112765,TRUE,TRUE,2.5,,
2015-14-7-10:16:2,62.1,135.9,1.470675,1.540408,1.5055415,TRUE,TRUE,2.5,,
2015-14-7-10:16:4,62.1,135.8,1.447735,1.528915,1.488325,TRUE,TRUE,2.5,,
2015-14-7-10:16:5,62.1,135.7,1.401856,1.482943,1.4423995,TRUE,TRUE,2.5,,
2015-14-7-10:16:7,62.2,135.6,1.390386,1.482943,1.4366645,TRUE,TRUE,2.5,,
2015-14-7-10:16:8,62.2,135.6,1.413326,1.448464,1.430895,TRUE,TRUE,2.5,,
2015-14-7-10:16:9,62.2,135.6,1.424795,1.402492,1.4136435,TRUE,TRUE,2.5,,
2015-14-7-10:16:11,62.2,135.5,1.482145,1.413985,1.448065,TRUE,TRUE,2.5,,
2015-14-7-10:16:12,62.2,135.5,1.505085,1.413985,1.459535,TRUE,TRUE,2.5,,
2015-14-7-10:16:14,62.1,135.5,1.528024,1.425478,1.476751,TRUE,TRUE,2.5,,
2015-14-7-10:16:15,62.1,135.5,1.528024,1.494436,1.51123,TRUE,TRUE,2.5,,
2015-14-7-10:16:16,62.1,135.5,1.562434,1.482943,1.5226885,TRUE,TRUE,2.5,,
2015-14-7-10:16:18,62.1,135.5,1.573904,1.528915,1.5514095,TRUE,TRUE,2.5,,
2015-14-7-10:16:19,62.1,135.6,1.539494,1.540408,1.539951,TRUE,TRUE,2.5,,
2015-14-7-10:16:21,62.1,135.6,1.539494,1.574887,1.5571905,TRUE,TRUE,2.5,,
2015-14-7-10:16:22,62.1,135.6,1.539494,1.563394,1.551444,TRUE,TRUE,2.5,,
2015-14-7-10:16:23,62.1,135.6,1.550964,1.563394,1.557179,TRUE,TRUE,2.5,,
2015-14-7-10:16:25,62.2,135.5,1.550964,1.540408,1.545686,TRUE,TRUE,2.5,,
2015-14-7-10:16:26,62.2,135.5,1.539494,1.563394,1.551444,TRUE,TRUE,2.5,,
2015-14-7-10:16:28,62.2,135.5,1.516554,1.574887,1.5457205,TRUE,TRUE,2.5,,
2015-14-7-10:16:29,62.2,135.4,1.493615,1.58638,1.5399975,TRUE,TRUE,2.5,,
2015-14-7-10:16:30,62.2,135.3,1.505085,1.563394,1.5342395,TRUE,TRUE,2.5,,
2015-14-7-10:16:32,62.2,135.3,1.482145,1.517422,1.4997835,TRUE,TRUE,2.5,,
2015-14-7-10:16:33,62.2,135.3,1.470675,1.505929,1.488302,TRUE,TRUE,2.5,,
2015-14-7-10:16:35,62.2,135.2,1.447735,1.517422,1.4825785,TRUE,TRUE,2.5,,
2015-14-7-10:16:36,62.3,135.1,1.390386,1.482943,1.4366645,TRUE,TRUE,2.5,,
2015-14-7-10:16:37,62.3,135,1.401856,1.459957,1.4309065,TRUE,TRUE,2.2,,
2015-14-7-10:16:39,62.3,135,1.367446,1.425478,1.396462,TRUE,TRUE,2.2,,
2015-14-7-10:16:40,62.3,135,1.355976,1.402492,1.379234,TRUE,TRUE,2.2,,
2015-14-7-10:16:42,62.3,134.9,1.355976,1.390998,1.373487,TRUE,TRUE,2.2,,
2015-14-7-10:16:43,62.4,134.8,1.367446,1.356519,1.3619825,TRUE,TRUE,2.2,,
2015-14-7-10:16:44,62.4,134.8,1.333036,1.345026,1.339031,TRUE,TRUE,2.2,,
2015-14-7-10:16:46,62.4,134.8,1.321566,1.345026,1.333296,TRUE,TRUE,2.2,,
2015-14-7-10:16:47,62.4,134.8,1.298627,1.356519,1.327573,TRUE,TRUE,2.2,,
2015-14-7-10:16:49,62.4,134.8,1.310097,1.368012,1.3390545,TRUE,TRUE,2.2,,
2015-14-7-10:16:50,62.4,134.8,1.310097,1.345026,1.3275615,TRUE,TRUE,2.2,,
2015-14-7-10:16:51,62.4,134.9,1.310097,1.310547,1.310322,TRUE,TRUE,2.2,,
2015-14-7-10:16:53,62.4,134.8,1.321566,1.32204,1.321803,TRUE,TRUE,2.2,,
2015-14-7-10:16:54,62.4,134.8,1.367446,1.32204,1.344743,TRUE,TRUE,2.2,,
2015-14-7-10:16:56,62.4,134.8,1.367446,1.299054,1.33325,TRUE,TRUE,2.2,,
2015-14-7-10:16:57,62.4,134.8,1.367446,1.333533,1.3504895,TRUE,TRUE,2.2,,
