time,temperatura,salida
150,25.4,0
300,25.4,0
450,25.4,0
600,25.4,1
750,25.3,1
900,25.3,1
1050,25.3,0
1200,25.3,0
1350,25.3,0
1500,25.3,0
1650,25.4,0
1800,25.4,0
1950,25.3,0
2100,25.3,0
2250,25.3,0
2400,25.3,0
2550,25.3,0
2700,25.3,0
2850,25.4,0
3000,25.4,0
3150,25.4,0
3300,25.4,0
3450,25.4,0
3600,25.4,0
3750,25.4,0
3900,25.4,0
4050,25.3,0
4200,25.3,0
4350,25.3,0
4500,25.3,0
4650,25.3,0
4800,25.3,0
4950,25.3,0
5100,25.3,0
5250,25.3,0
5400,25.3,0
5550,25.4,0
5700,25.4,0
5850,25.3,0
6000,25.3,0
6150,25.3,0
6300,25.3,0
6450,25.3,0
6600,25.3,0
6750,25.3,0
6900,25.3,0
7050,25.3,0
7200,25.3,0
7350,25.3,0
7500,25.3,0
7650,25.3,0
7800,25.3,0
7950,25.3,0
8100,25.3,0
8250,25.3,0
8400,25.3,0
8550,25.3,0
8700,25.3,0
8850,25.3,0
9000,25.3,0
9150,25.3,0
9300,25.3,0
9450,25.3,0
9600,25.3,0
9750,25.3,0
9900,25.3,0
10050,25.3,0
10200,25.3,0
10350,25.3,0
10500,25.3,0
10650,25.3,0
10800,25.3,0
10950,25.3,0
11100,25.3,0
11250,25.3,0
11400,25.3,0
11550,25.3,0
11700,25.3,0
11850,25.3,0
12000,25.3,0
12150,25.3,0
12300,25.3,0
12450,25.3,0
12600,25.3,0
12750,25.3,0
12900,25.3,0
13050,25.3,0
13200,25.3,0
13350,25.3,0
13500,25.3,0
13650,25.3,0
13800,25.3,0
13950,25.3,0
14100,25.3,0
14250,25.3,0
14400,25.3,0
14550,25.3,0
14700,25.3,0
14850,25.3,0
15000,25.3,0
15150,25.3,0
15300,25.3,0
15450,25.2,0
15600,25.2,0
15750,25.3,0
15900,25.3,0
16050,25.3,0
16200,25.2,0
16350,25.2,0
16500,25.2,0
16650,25.2,0
16800,25.2,0
16950,25.2,0
17100,25.3,0
17250,25.3,0
17400,25.2,0
17550,25.2,0
17700,25.2,0
17850,25.2,0
18000,25.2,0
18150,25.2,0
18300,25.3,0
18450,25.3,0
18600,25.3,0
18750,25.2,0
18900,25.2,0
19050,25.3,0
19200,25.3,0
19350,25.3,0
19500,25.2,0
19650,25.2,0
19800,25.2,0
19950,25.3,0
20100,25.3,0
20250,25.3,0
20400,25.2,0
20550,25.2,0
20700,25.2,0
20850,25.2,0
21000,25.2,0
21150,25.2,0
21300,25.2,0
21450,25.2,0
21600,25.3,0
21750,25.3,0
21900,25.3,0
22050,25.2,0
22200,25.2,0
22350,25.2,0
22500,25.2,0
22650,25.2,0
22800,25.2,0
22950,25.2,0
23100,25.2,0
23250,25.2,0
23400,25.2,0
23550,25.2,0
23700,25.2,0
23850,25.2,0
24000,25.2,0
24150,25.2,0
24300,25.2,0
24450,25.2,0
24600,25.2,0
24750,25.2,0
24900,25.2,0
25050,25.2,0
25200,25.2,0
25350,25.2,0
25500,25.2,0
25650,25.2,0
25800,25.2,0
25950,25.2,0
26100,25.2,0
26250,25.2,0
26400,25.2,0
26550,25.2,0
26700,25.2,0
26850,25.2,0
27000,25.2,0
27150,25.2,0
27300,25.2,0
27450,25.2,0
27600,25.2,0
27750,25.2,0
27900,25.2,0
28050,25.2,0
28200,25.2,0
28350,25.2,0
28500,25.2,0
28650,25.2,0
28800,25.2,0
28950,25.2,0
29100,25.2,0
29250,25.2,0
29400,25.2,0
29550,25.2,0
29700,25.2,0
29850,25.2,0
30000,25.2,0
30150,25.2,0
30300,25.2,0
30450,25.2,0
30600,25.2,0
30750,25.2,0
30900,25.2,0
31050,25.2,0
31200,25.2,0
31350,25.2,0
31500,25.2,0
31650,25.2,0
31800,25.2,0
31950,25.2,0
32100,25.2,0
32250,25.2,0
32400,25.2,0
32550,25.2,0
32700,25.2,0
32850,25.2,0
33000,25.2,0
33150,25.2,0
33300,25.2,0
33450,25.2,0
33600,25.2,0
33750,25.2,0
33900,25.2,0
34050,25.2,0
34200,25.2,0
34350,25.2,0
34500,25.2,0
34650,25.2,0
34800,25.2,0
34950,25.2,0
35100,25.2,0
35250,25.2,0
35400,25.2,0
35550,25.2,0
35700,25.2,0
35850,25.2,0
36000,25.2,0
36150,25.2,0
36300,25.2,0
36450,25.2,0
36600,25.2,0
36750,25.2,0
36900,25.2,0
37050,25.2,0
37200,25.2,0
37350,25.2,0
37500,25.2,0
37650,25.2,0
37800,25.2,0
37950,25.2,0
38100,25.2,0
38250,25.2,0
38400,25.2,0
38550,25.2,0
38700,25.2,0
38850,25.2,0
39000,25.2,1
39150,25.2,1
39300,25.2,1
39450,25.2,0
39600,25.2,1
39750,25.2,1
39900,25.2,1
40050,25.2,1
40200,25.2,1
40350,25.2,1
40500,25.2,1
40650,25.2,1
40800,25.2,1
40950,25.2,1
41100,25.2,1
41250,25.2,1
41400,25.2,1
41550,25.2,1
41700,25.2,1
41850,25.2,1
42000,25.2,1
42150,25.2,1
42300,25.2,1
42450,25.2,1
42600,25.2,1
42750,25.2,1
42900,25.2,1
43050,25.2,1
43200,25.2,1
43350,25.2,1
43500,25.2,1
43650,25.2,1
43800,25.2,1
43950,25.2,1
44100,25.2,1
44250,25.2,1
44400,25.2,1
44550,25.2,1
44700,25.2,1
44850,25.2,1
45000,25.2,1
45150,25.2,1
45300,25.2,1
45450,25.2,1
45600,25.2,1
45750,25.2,1
45900,25.2,1
46050,25.2,1
46200,25.2,1
46350,25.2,1
46500,25.2,1
46650,25.2,1
46800,25.2,1
46950,25.2,1
47100,25.2,1
47250,25.2,1
47400,25.2,1
47550,25.2,1
47700,25.2,1
47850,25.2,1
48000,25.2,1
48150,25.2,1
48300,25.2,1
48450,25.2,1
48600,25.2,1
48750,25.2,1
48900,25.2,1
49050,25.2,1
49200,25.2,1
49350,25.2,1
49500,25.2,1
49650,25.1,1
49800,25.1,1
49950,25.1,1
50100,25.1,1
50250,25.1,1
50400,25.1,1
50550,25.1,1
50700,25.1,1
50850,25.1,1
51000,25.1,1
51150,25.1,1
51300,25.1,1
51450,25.2,1
51600,25.2,1
51750,25.2,1
51900,25.1,1
52050,25.1,1
52200,25.1,1
52350,25.1,1
52500,25.1,1
52650,25.2,1
52800,25.2,1
52950,25.2,1
53100,25.2,1
53250,25.2,1
53400,25.1,1
53550,25.1,1
53700,25.1,1
53850,25.2,1
54000,25.2,1
54150,25.2,1
54300,25.1,1
54450,25.1,1
54600,25.2,1
54750,25.2,1
54900,25.2,1
55050,25.2,1
55200,25.2,1
55350,25.2,1
55500,25.2,1
55650,25.2,1
55800,25.1,1
55950,25.1,1
56100,25.1,1
56250,25.2,1
56400,25.2,1
56550,25.2,1
56700,25.2,1
56850,25.2,1
57000,25.1,1
57150,25.1,1
57300,25.1,1
57450,25.1,1
57600,25.1,1
57750,25.1,1
57900,25.1,1
58050,25.1,1
58200,25.1,1
58350,25.1,1
58500,25.1,1
58650,25.1,1
58800,25.1,1
58950,25.1,1
59100,25.1,1
59250,25.1,1
59400,25.1,1
59550,25.1,1
59700,25.1,1
59850,25.1,1
60000,25.1,1
60150,25.1,1
60300,25.1,1
60450,25.1,1
60600,25.1,1
60750,25.1,1
60900,25.1,1
61050,25.1,1
61200,25.1,1
61350,25.1,1
61500,25.1,1
61650,25.1,1
61800,25.1,1
61950,25.1,1
62100,25.1,1
62250,25.1,1
62400,25.1,1
62550,25.1,1
62700,25.1,1
62850,25.1,1
63000,25.1,1
63150,25.1,1
63300,25.1,1
63450,25.1,1
63600,25.1,1
63750,25.1,1
63900,25.1,1
64050,25.1,1
64200,25.1,1
64350,25.1,1
64500,25.1,1
64650,25.1,1
64800,25.1,1
64950,25.1,1
65100,25.1,1
65250,25.1,1
65400,25.1,1
65550,25.1,1
65700,25.1,1
65850,25.1,1
66000,25.1,1
66150,25.1,1
66300,25.1,1
66450,25.1,1
66600,25.1,1
66750,25,1
66900,25,1
67050,25.1,1
67200,25.1,1
67350,25.1,1
67500,25.1,1
67650,25.1,1
67800,25.1,1
67950,25.1,1
68100,25.1,1
68250,25,1
68400,25,1
68550,25,1
68700,25,1
68850,25,1
69000,25,1
69150,25,1
69300,25,1
69450,25.1,1
69600,25.1,1
69750,25.1,1
69900,25,1
70050,25,1
70200,25,1
70350,25,1
70500,25,1
70650,25.1,1
70800,25.1,1
70950,25.1,1
71100,25,1
71250,25,1
71400,25.1,1
71550,25.1,1
71700,25.1,1
71850,25,1
72000,25,1
72150,25.1,1
72300,25.1,1
72450,25.1,1
72600,25.1,1
72750,25.1,1
72900,25.1,1
73050,25.1,1
73200,25.1,1
73350,25.1,1
73500,25.1,1
73650,25.1,1
73800,25,1
73950,25,1
74100,25,1
74250,25,1
74400,25,1
74550,25,1
74700,25,1
74850,25,1
75000,25,1
75150,25,1
75300,25,1
75450,25,1
75600,25,1
75750,25,1
75900,25,1
76050,25.1,1
76200,25.1,1
76350,25.1,1
76500,25,1
76650,25,1
76800,25,1
76950,25.1,1
77100,25.1,1
77250,25,1
77400,25,1
77550,25,1
77700,25,1
77850,25,1
78000,25,1
78150,25,1
78300,25,1
78450,25.1,1
78600,25.1,1
78750,25.1,1
78900,25.1,1
79050,25.1,1
79200,25.1,1
79350,25.1,1
79500,25.1,1
79650,25.2,1
79800,25.2,1
79950,25.2,1
80100,25.2,1
80250,25.2,1
80400,25.2,1
80550,25.2,1
80700,25.2,1
80850,25.2,1
81000,25.2,1
81150,25.3,1
81300,25.3,1
81450,25.3,1
81600,25.3,1
81750,25.3,1
81900,25.3,1
82050,25.3,1
82200,25.3,1
82350,25.4,1
82500,25.4,1
82650,25.4,1
82800,25.4,1
82950,25.4,1
83100,25.5,1
83250,25.5,1
83400,25.5,1
83550,25.5,1
83700,25.5,1
83850,25.5,1
84000,25.6,1
84150,25.6,1
84300,25.7,1
84450,25.7,1
84600,25.7,1
84750,25.8,1
84900,25.8,1
85050,25.8,1
85200,25.8,1
85350,25.8,1
85500,25.9,1
85650,25.9,1
85800,25.9,1
85950,26,1
86100,26,1
86250,26.1,1
86400,26.1,1
86550,26.1,1
86700,26.2,1
86850,26.2,1
87000,26.2,1
87150,26.3,1
87300,26.3,1
87450,26.4,1
87600,26.4,1
87750,26.4,1
87900,26.5,1
88050,26.5,1
88200,26.7,1
88350,26.7,1
88500,26.7,1
88650,26.8,1
88800,26.8,1
88950,26.9,1
89100,26.9,1
89250,26.9,1
89400,27,1
89550,27,1
89700,27.2,1
89850,27.2,1
90000,27.2,1
90150,27.3,1
90300,27.3,1
90450,27.3,1
90600,27.5,1
90750,27.5,1
90900,27.6,1
91050,27.6,1
91200,27.6,1
91350,27.8,1
91500,27.8,1
91650,27.9,1
91800,27.9,1
91950,27.9,1
92100,28.1,1
92250,28.1,1
92400,28.1,1
92550,28.3,1
92700,28.3,1
92850,28.4,1
93000,28.4,1
93150,28.4,1
93300,28.6,1
93450,28.6,1
93600,28.8,1
93750,28.8,1
93900,28.8,1
94050,29,1
94200,29,1
94350,29.2,1
94500,29.2,1
94650,29.2,1
94800,29.4,1
94950,29.4,1
95100,29.6,1
95250,29.6,1
95400,29.6,1
95550,29.8,1
95700,29.8,1
95850,29.8,1
96000,29.9,1
96150,29.9,1
96300,30.1,1
96450,30.1,1
96600,30.1,1
96750,30.3,1
96900,30.3,1
97050,30.3,1
97200,30.5,1
97350,30.5,1
97500,30.8,1
97650,30.8,1
97800,30.8,1
97950,31,1
98100,31,1
98250,31.2,1
98400,31.2,1
98550,31.2,1
98700,31.5,1
98850,31.5,1
99000,31.5,1
99150,31.7,1
99300,31.7,1
99450,31.9,1
99600,31.9,1
99750,31.9,1
99900,32.1,1
100050,32.1,1
100200,32.4,1
100350,32.4,1
100500,32.4,1
100650,32.6,1
100800,32.6,1
100950,32.9,1
101100,32.9,1
101250,32.9,1
101400,33.1,1
101550,33.1,1
101700,33.1,1
101850,33.3,1
102000,33.3,1
102150,33.6,1
102300,33.6,1
102450,33.6,1
102600,33.8,1
102750,33.8,1
102900,34.1,1
103050,34.1,1
103200,34.1,1
103350,34.3,1
103500,34.3,1
103650,34.3,1
103800,34.6,1
103950,34.6,1
104100,34.8,1
104250,34.8,1
104400,34.8,1
104550,35.1,1
104700,35.1,1
104850,35.4,1
105000,35.4,1
105150,35.4,1
105300,35.6,1
105450,35.6,1
105600,35.9,1
105750,35.9,1
105900,35.9,1
106050,36.2,1
106200,36.2,1
106350,36.2,1
106500,36.5,1
106650,36.5,1
106800,36.7,1
106950,36.7,1
107100,36.7,1
107250,37,1
107400,37,1
107550,37.3,1
107700,37.3,1
107850,37.3,1
108000,37.6,1
108150,37.6,1
108300,37.8,1
108450,37.8,1
108600,37.8,1
108750,38.1,1
108900,38.1,1
109050,38.4,1
109200,38.4,1
109350,38.4,1
109500,38.7,1
109650,38.7,1
109800,38.7,1
109950,39,1
110100,39,1
110250,39.3,1
110400,39.3,1
110550,39.3,1
110700,39.6,1
110850,39.6,1
111000,39.9,1
111150,39.9,1
111300,39.9,1
111450,40.2,1
111600,40.2,1
111750,40.2,1
111900,40.5,1
112050,40.5,1
112200,40.8,1
112350,40.8,1
112500,40.8,1
112650,41.1,1
112800,41.1,1
112950,41.4,1
113100,41.4,1
113250,41.4,1
113400,41.7,1
113550,41.7,1
113700,41.7,1
113850,42,1
114000,42,1
114150,42.2,1
114300,42.2,1
114450,42.2,1
114600,42.6,1
114750,42.6,1
114900,42.8,1
115050,42.8,1
115200,42.8,1
115350,43.1,1
115500,43.1,1
115650,43.1,1
115800,43.4,1
115950,43.4,1
116100,43.8,1
116250,43.8,1
116400,43.8,1
116550,44,1
116700,44,1
116850,44.4,1
117000,44.4,1
117150,44.4,1
117300,44.7,1
117450,44.7,1
117600,44.7,1
117750,45,1
117900,45,1
118050,45.2,1
118200,45.2,1
118350,45.2,1
118500,45.5,1
118650,45.5,1
118800,45.9,1
118950,45.9,1
119100,45.9,1
119250,46.2,1
119400,46.2,1
119550,46.2,1
119700,46.5,1
119850,46.5,1
120000,46.8,1
120150,46.8,1
120300,46.8,1
120450,47.2,1
120600,47.2,1
120750,47.5,1
120900,47.5,1
121050,47.5,1
121200,47.8,1
121350,47.8,1
121500,48.1,1
121650,48.1,1
121800,48.1,1
121950,48.4,1
122100,48.4,1
122250,48.6,1
122400,48.6,1
122550,48.6,1
122700,48.9,1
122850,48.9,1
123000,48.9,1
123150,49.1,1
123300,49.1,1
123450,49.4,1
123600,49.4,1
123750,49.4,1
123900,49.7,1
124050,49.7,1
124200,49.9,1
124350,49.9,1
124500,49.9,1
124650,50.2,1
124800,50.2,1
124950,50.2,1
125100,50.5,1
125250,50.5,1
125400,50.7,1
125550,50.7,1
125700,50.7,1
125850,51,1
126000,51,1
126150,51.2,1
126300,51.2,1
126450,51.2,1
126600,51.5,1
126750,51.5,1
126900,51.5,1
127050,51.8,1
127200,51.8,1
127350,52.1,1
127500,52.1,1
127650,52.1,1
127800,52.4,1
127950,52.4,1
128100,52.4,1
128250,52.6,1
128400,52.6,1
128550,52.9,1
128700,52.9,1
128850,52.9,1
129000,53.2,1
129150,53.2,1
129300,53.5,1
129450,53.5,1
129600,53.5,1
129750,53.8,1
129900,53.8,1
130050,53.8,1
130200,54.1,1
130350,54.1,1
130500,54.4,1
130650,54.4,1
130800,54.4,1
130950,54.7,1
131100,54.7,1
131250,55,1
131400,55,1
131550,55,1
131700,55.3,1
131850,55.3,1
132000,55.7,1
132150,55.7,1
132300,55.7,1
132450,56,1
132600,56,1
132750,56,1
132900,56.2,1
133050,56.2,1
133200,56.5,1
133350,56.5,1
133500,56.5,1
133650,56.8,1
133800,56.8,1
133950,56.8,1
134100,57.1,1
134250,57.1,1
134400,57.4,1
134550,57.4,1
134700,57.4,1
134850,57.7,1
135000,57.7,1
135150,57.7,1
135300,58.1,1
135450,58.1,1
135600,58.4,1
135750,58.4,1
135900,58.7,1
136050,58.7,1
136200,58.7,1
136350,59,1
136500,59,1
136650,59,1
136800,59.3,1
136950,59.3,1
137100,59.5,1
137250,59.5,1
137400,59.5,1
137550,59.8,1
137700,59.8,1
137850,60.1,1
138000,60.1,1
138150,60.1,1
138300,60.4,1
138450,60.4,1
138600,60.4,1
138750,60.7,1
138900,60.7,1
139050,61,1
139200,61,1
139350,61,1
139500,61.3,1
139650,61.3,1
139800,61.3,1
139950,61.6,1
140100,61.6,1
140250,61.8,1
140400,61.8,1
140550,61.8,1
140700,62.1,1
140850,62.1,1
141000,62.4,1
141150,62.4,1
141300,62.4,1
141450,62.7,1
141600,62.7,1
141750,63,1
141900,63,1
142050,63,1
142200,63.2,1
142350,63.2,1
142500,63.2,1
142650,63.5,1
142800,63.5,1
142950,63.8,1
143100,63.8,1
143250,63.8,1
143400,64.1,1
143550,64.1,1
143700,64.1,1
143850,64.4,1
144000,64.4,1
144150,64.6,1
144300,64.6,1
144450,64.6,1
144600,64.8,1
144750,64.8,1
144900,65.2,1
145050,65.2,1
145200,65.2,1
145350,65.5,1
145500,65.5,1
145650,65.8,1
145800,65.8,1
145950,65.8,1
146100,66.2,1
146250,66.2,1
146400,66.2,1
146550,66.5,1
146700,66.5,1
146850,66.8,1
147000,66.8,1
147150,66.8,1
147300,67.2,1
147450,67.2,1
147600,67.2,1
147750,67.4,1
147900,67.4,1
148050,67.8,1
148200,67.8,1
148350,67.8,1
148500,68.1,1
148650,68.1,1
148800,68.1,1
148950,68.4,1
149100,68.4,1
149250,68.7,1
149400,68.7,1
149550,68.7,1
149700,69,1
149850,69,1
150000,69.3,1
150150,69.3,1
150300,69.3,1
150450,69.6,1
150600,69.6,1
150750,69.9,1
150900,69.9,1
151050,69.9,1
151200,70.2,1
151350,70.2,1
151500,70.5,1
151650,70.5,1
151800,70.5,1
151950,70.8,1
152100,70.8,1
152250,70.8,1
152400,71.1,1
152550,71.1,1
152700,71.4,1
152850,71.4,1
153000,71.4,1
153150,71.7,1
153300,71.7,1
153450,71.7,1
153600,72,1
153750,72,1
153900,72.3,1
154050,72.3,1
154200,72.3,1
154350,72.6,1
154500,72.6,1
154650,72.9,1
154800,72.9,1
154950,72.9,1
155100,73.2,1
155250,73.2,1
155400,73.2,1
155550,73.6,1
155700,73.6,1
155850,73.9,1
156000,73.9,1
156150,73.9,1
156300,74.1,1
156450,74.1,1
156600,74.4,1
156750,74.4,1
156900,74.4,1
157050,74.7,1
157200,74.7,1
157350,74.7,1
157500,75,1
157650,75,1
157800,75.2,1
157950,75.2,1
158100,75.2,1
158250,75.5,1
158400,75.5,1
158550,75.7,1
158700,75.7,1
158850,75.7,1
159000,75.9,1
159150,75.9,1
159300,75.9,1
159450,76.2,1
159600,76.2,1
159750,76.5,1
159900,76.5,1
160050,76.5,1
160200,76.8,1
160350,76.8,1
160500,76.8,1
160650,77.1,1
160800,77.1,1
160950,77.4,1
161100,77.4,1
161250,77.4,1
161400,77.7,1
161550,77.7,1
161700,78,1
161850,78,1
162000,78,1
162150,78.3,1
162300,78.3,1
162450,78.3,1
162600,78.5,1
162750,78.5,1
162900,78.9,1
163050,78.9,1
163200,78.9,1
163350,79.2,1
163500,79.2,1
163650,79.5,1
163800,79.5,1
163950,79.5,1
164100,79.7,1
164250,79.7,1
164400,79.7,1
164550,80,1
164700,80,1
164850,80.2,1
165000,80.2,1
165150,80.2,1
165300,80.5,1
165450,80.5,1
165600,80.5,1
165750,80.7,1
165900,80.7,1
166050,81,1
166200,81,1
166350,81,1
166500,81.2,1
166650,81.2,1
166800,81.4,1
166950,81.4,1
167100,81.4,1
167250,81.7,1
167400,81.7,1
167550,82,1
167700,82,1
167850,82,1
168000,82.2,1
168150,82.2,1
168300,82.2,1
168450,82.6,1
168600,82.6,1
168750,82.9,1
168900,82.9,1
169050,82.9,1
169200,83.2,1
169350,83.2,1
169500,83.2,1
169650,83.4,1
169800,83.4,1
169950,83.7,1
170100,83.7,1
170250,83.7,1
170400,83.9,1
170550,83.9,1
170700,84.2,1
170850,84.2,1
171000,84.2,1
171150,84.5,1
171300,84.5,1
171450,84.7,1
171600,84.7,1
171750,84.7,1
171900,85,1
172050,85,1
172200,85,1
172350,85.3,1
172500,85.3,1
172650,85.6,1
172800,85.6,1
172950,85.6,1
173100,85.9,1
173250,85.9,1
173400,86.2,1
173550,86.2,1
173700,86.2,1
173850,86.4,1
174000,86.4,1
174150,86.6,1
174300,86.6,1
174450,86.6,1
174600,86.9,1
174750,86.9,1
174900,86.9,1
175050,87.1,1
175200,87.1,1
175350,87.4,1
175500,87.4,1
175650,87.4,1
175800,87.6,1
175950,87.6,1
176100,87.6,1
176250,87.9,1
176400,87.9,1
176550,88.2,1
176700,88.2,1
176850,88.2,1
177000,88.4,1
177150,88.4,1
177300,88.7,1
177450,88.7,1
177600,88.7,1
177750,88.9,1
177900,88.9,1
178050,89.2,1
178200,89.2,1
178350,89.2,1
178500,89.5,1
178650,89.5,1
178800,89.5,1
178950,89.7,1
179100,89.7,1
179250,90,1
179400,90,1
179550,90,1
179700,90.3,1
179850,90.3,1
180000,90.5,1
180150,90.5,1
180300,90.5,1
180450,90.8,1
180600,90.8,1
180750,91.1,1
180900,91.1,1
181050,91.1,1
181200,91.4,1
181350,91.4,1
181500,91.4,1
181650,91.7,1
181800,91.7,1
181950,91.9,1
182100,91.9,1
182250,91.9,1
182400,92.2,1
182550,92.2,1
182700,92.5,1
182850,92.5,1
183000,92.5,1
183150,92.8,1
183300,92.8,1
183450,93.1,1
183600,93.1,1
183750,93.1,1
183900,93.3,1
184050,93.3,1
184200,93.3,1
184350,93.6,1
184500,93.6,1
184650,93.8,1
184800,93.8,1
184950,93.8,1
185100,94.1,1
185250,94.1,1
185400,94.4,1
185550,94.4,1
185700,94.4,1
185850,94.6,1
186000,94.6,1
186150,94.6,1
186300,94.9,1
186450,94.9,1
186600,95.2,1
186750,95.2,1
186900,95.2,1
187050,95.5,1
187200,95.5,1
187350,95.7,1
187500,95.7,1
187650,95.7,1
187800,96,1
187950,96,1
188100,96.2,1
188250,96.2,1
188400,96.2,1
188550,96.5,1
188700,96.5,1
188850,96.5,1
189000,96.7,1
189150,96.7,1
189300,96.9,1
189450,96.9,1
189600,96.9,1
189750,97.1,1
189900,97.1,1
190050,97.4,1
190200,97.4,1
190350,97.4,1
190500,97.7,1
190650,97.7,1
190800,97.7,1
190950,97.9,1
191100,97.9,1
191250,98.2,1
191400,98.2,1
191550,98.2,1
191700,98.5,1
191850,98.5,1
192000,98.7,1
192150,98.7,1
192300,98.7,1
192450,99,1
192600,99,1
192750,99.2,1
192900,99.2,1
193050,99.2,1
193200,99.5,1
193350,99.5,1
193500,99.5,1
193650,99.7,1
193800,99.7,1
193950,100,1
194100,100,1
194250,100,1
194400,100.2,1
194550,100.2,1
194700,100.5,1
194850,100.5,1
195000,100.5,1
195150,100.7,1
195300,100.7,1
195450,100.7,1
195600,101,1
195750,101,1
195900,101.2,1
196050,101.2,1
196200,101.2,1
196350,101.5,1
196500,101.5,1
196650,101.7,1
196800,101.7,1
196950,101.7,1
197100,101.9,1
197250,101.9,1
197400,101.9,1
197550,102.2,1
197700,102.2,1
197850,102.5,1
198000,102.5,1
198150,102.5,1
198300,102.7,1
198450,102.7,1
198600,102.7,1
198750,103,1
198900,103,1
199050,103.2,1
199200,103.2,1
199350,103.2,1
199500,103.5,1
199650,103.5,1
199800,103.7,1
199950,103.7,1
200100,103.7,1
200250,104,1
200400,104,1
200550,104,1
200700,104.2,1
200850,104.2,1
201000,104.4,1
201150,104.4,1
201300,104.4,1
201450,104.6,1
201600,104.6,1
201750,104.9,1
201900,104.9,1
202050,104.9,1
202200,105.1,1
202350,105.1,1
202500,105.4,1
202650,105.4,1
202800,105.4,1
202950,105.6,1
203100,105.6,1
203250,105.6,1
203400,105.9,1
203550,105.9,1
203700,106.1,1
203850,106.1,1
204000,106.1,1
204150,106.4,1
204300,106.4,1
204450,106.4,1
204600,106.6,1
204750,106.6,1
204900,106.8,1
205050,106.8,1
205200,106.8,1
205350,107,1
205500,107,1
205650,107,1
205800,107.3,1
205950,107.3,1
206100,107.5,1
206250,107.5,1
206400,107.5,1
206550,107.7,1
206700,107.7,1
206850,108,1
207000,108,1
207150,108,1
207300,108.2,1
207450,108.2,1
207600,108.2,1
207750,108.5,0
207900,108.5,1
208050,108.8,1
208200,108.8,1
208350,108.8,1
208500,109,1
208650,109,1
208800,109.2,1
208950,109.2,1
209100,109.2,1
209250,109.4,1
209400,109.4,1
209550,109.4,1
209700,109.7,1
209850,109.7,1
210000,109.9,1
210150,109.9,1
210300,109.9,1
210450,110.2,0
210600,110.2,1
210750,110.2,1
210900,110.4,1
211050,110.4,1
211200,110.6,1
211350,110.6,1
211500,110.6,1
211650,111,0
211800,111,1
211950,111,1
212100,111.2,1
212250,111.2,1
212400,111.5,1
212550,111.5,0
212700,111.5,1
212850,111.7,1
213000,111.7,1
213150,111.7,1
213300,111.9,1
213450,111.9,1
213600,112.1,1
213750,112.1,1
213900,112.1,1
214050,112.4,0
214200,112.4,1
214350,112.4,1
214500,112.6,1
214650,112.6,1
214800,112.8,1
214950,112.8,1
215100,112.8,1
215250,113,1
215400,113,1
215550,113.2,1
215700,113.2,1
215850,113.2,1
216000,113.5,0
216150,113.5,1
216300,113.5,1
216450,113.7,1
216600,113.7,1
216750,114,1
216900,114,0
217050,114,1
217200,114.2,1
217350,114.2,1
217500,114.2,1
217650,114.5,0
217800,114.5,1
217950,114.7,1
218100,114.7,1
218250,114.7,1
218400,114.9,1
218550,114.9,1
218700,114.9,1
218850,115.1,1
219000,115.1,1
219150,115.3,1
219300,115.3,1
219450,115.3,1
219600,115.5,1
219750,115.5,1
219900,115.7,1
220050,115.7,1
220200,115.7,1
220350,116,1
220500,116,0
220650,116.1,1
220800,116.1,1
220950,116.1,1
221100,116.3,1
221250,116.3,1
221400,116.3,1
221550,116.6,0
221700,116.6,1
221850,116.8,1
222000,116.8,1
222150,116.8,1
222300,117,1
222450,117,1
222600,117,1
222750,117.2,1
222900,117.2,1
223050,117.5,1
223200,117.5,0
223350,117.5,1
223500,117.6,1
223650,117.6,1
223800,117.6,1
223950,117.8,1
224100,117.8,1
224250,118,1
224400,118,1
224550,118,1
224700,118.3,0
224850,118.3,1
225000,118.3,1
225150,118.5,1
225300,118.5,1
225450,118.7,1
225600,118.7,1
225750,118.7,1
225900,118.9,1
226050,118.9,1
226200,119,1
226350,119,1
226500,119,1
226650,119.2,1
226800,119.2,1
226950,119.2,1
227100,119.3,1
227250,119.3,1
227400,119.4,1
227550,119.4,1
227700,119.4,1
227850,119.6,1
228000,119.6,1
228150,119.6,1
228300,119.6,1
228450,119.6,1
228600,119.7,1
228750,119.7,1
228900,119.7,1
229050,119.9,1
229200,119.9,1
229350,120,1
229500,120,1
229650,120,1
229800,120.2,1
229950,120.2,1
230100,120.2,1
230250,120.5,0
230400,120.5,1
230550,120.7,1
230700,120.7,1
230850,120.7,1
231000,120.9,1
231150,120.9,1
231300,121.1,1
231450,121.1,1
231600,121.1,1
231750,121.4,1
231900,121.4,0
232050,121.4,1
232200,121.6,1
232350,121.6,1
232500,121.6,1
232650,121.8,1
232800,121.8,1
232950,122,1
233100,122,1
233250,122,1
233400,122.2,1
233550,122.2,1
233700,122.4,1
233850,122.4,1
234000,122.4,1
234150,122.7,1
234300,122.7,0
234450,122.7,1
234600,122.9,1
234750,122.9,1
234900,123.1,1
235050,123.1,1
235200,123.1,1
235350,123.3,1
235500,123.3,1
235650,123.5,1
235800,123.5,1
235950,123.5,1
236100,123.7,1
236250,123.7,1
236400,123.7,1
236550,123.9,0
236700,123.9,1
236850,123.9,1
237000,124,1
237150,124,1
237300,124.3,1
237450,124.3,0
237600,124.3,1
237750,124.5,1
237900,124.5,1
238050,124.5,1
238200,124.6,1
238350,124.6,1
238500,124.9,1
238650,124.9,0
238800,124.9,1
238950,125.1,1
239100,125.1,1
239250,125.1,1
239400,125.3,1
239550,125.3,0
239700,125.3,1
239850,125.4,1
240000,125.4,1
240150,125.7,1
240300,125.7,0
240450,125.7,1
240600,125.8,1
240750,125.8,1
240900,125.8,1
241050,126,1
241200,126,0
241350,126,1
241500,126.2,0
241650,126.2,1
241800,126.2,1
241950,126.4,1
242100,126.4,1
242250,126.6,1
242400,126.6,0
242550,126.6,1
242700,126.8,1
242850,126.8,0
243000,126.8,1
243150,127,1
243300,127,0
243450,127,1
243600,127.1,1
243750,127.1,1
243900,127.1,1
244050,127.3,0
244200,127.3,1
244350,127.5,1
244500,127.5,0
244650,127.5,1
244800,127.7,1
244950,127.7,0
245100,127.7,1
245250,127.9,0
245400,127.9,1
245550,127.9,1
245700,128.1,0
245850,128.1,1
246000,128.2,1
246150,128.2,1
246300,128.2,1
246450,128.5,1
246600,128.5,0
246750,128.5,1
246900,128.7,1
247050,128.7,1
247200,128.7,1
247350,128.9,0
247500,128.9,1
247650,129,1
247800,129,1
247950,129,1
248100,129.2,1
248250,129.2,0
248400,129.2,1
248550,129.4,0
248700,129.4,1
248850,129.4,1
249000,129.5,1
249150,129.5,1
249300,129.6,1
249450,129.6,1
249600,129.6,1
249750,129.8,1
249900,129.8,0
250050,129.8,1
250200,130,0
250350,130,1
250500,130,1
250650,130.1,1
250800,130.1,1
250950,130.2,1
251100,130.2,1
251250,130.2,1
251400,130.4,0
251550,130.4,1
251700,130.5,1
251850,130.5,1
252000,130.5,1
252150,130.6,1
252300,130.6,1
252450,130.6,1
252600,130.8,0
252750,130.8,1
252900,131,1
253050,131,0
253200,131,1
253350,131.2,1
253500,131.2,0
253650,131.2,1
253800,131.3,1
253950,131.3,1
254100,131.4,1
254250,131.4,1
254400,131.4,1
254550,131.5,1
254700,131.5,1
254850,131.6,1
255000,131.6,1
255150,131.6,1
255300,131.8,1
255450,131.8,0
255600,131.8,1
255750,131.9,1
255900,131.9,1
256050,132,1
256200,132,1
256350,132,1
256500,132.2,0
256650,132.2,1
256800,132.3,1
256950,132.3,1
257100,132.3,1
257250,132.5,0
257400,132.5,1
257550,132.6,1
257700,132.6,1
257850,132.6,1
258000,132.8,1
258150,132.8,0
258300,132.8,1
258450,133,0
258600,133,1
258750,133.1,1
258900,133.1,1
259050,133.1,1
259200,133.3,0
259350,133.3,1
259500,133.3,1
259650,133.5,0
259800,133.5,1
259950,133.7,1
260100,133.7,0
260250,133.7,1
260400,133.8,1
260550,133.8,1
260700,134,1
260850,134,0
261000,134,1
261150,134.2,1
261300,134.2,0
261450,134.2,1
261600,134.3,1
261750,134.3,1
261900,134.5,1
262050,134.5,0
262200,134.5,1
262350,134.6,1
262500,134.6,1
262650,134.6,1
262800,134.7,1
262950,134.7,1
263100,134.8,1
263250,134.8,1
263400,134.8,1
263550,135,1
263700,135,0
263850,135.2,1
264000,135.2,0
264150,135.2,1
264300,135.5,1
264450,135.5,0
264600,135.5,1
264750,135.7,0
264900,135.7,1
265050,135.8,1
265200,135.8,1
265350,135.8,1
265500,136,1
265650,136,0
265800,136,1
265950,136.1,1
266100,136.1,1
266250,136.3,1
266400,136.3,0
266550,136.3,1
266700,136.5,0
266850,136.5,1
267000,136.6,1
267150,136.6,1
267300,136.6,1
267450,136.7,1
267600,136.7,1
267750,136.7,1
267900,136.9,0
268050,136.9,1
268200,137,1
268350,137,1
268500,137,1
268650,137.2,0
268800,137.2,1
268950,137.4,1
269100,137.4,0
269250,137.4,1
269400,137.5,1
269550,137.5,1
269700,137.5,1
269850,137.6,1
270000,137.6,1
270150,137.7,1
270300,137.7,1
270450,137.7,1
270600,137.9,0
270750,137.9,1
270900,138,1
271050,138,1
271200,138,1
271350,138.1,1
271500,138.1,1
271650,138.1,1
271800,138.3,0
271950,138.3,1
272100,138.4,1
272250,138.4,1
272400,138.4,1
272550,138.5,1
272700,138.5,1
272850,138.6,1
273000,138.6,1
273150,138.6,1
273300,138.8,1
273450,138.8,0
273600,138.8,1
273750,138.9,1
273900,138.9,1
274050,139.1,1
274200,139.1,0
274350,139.1,1
274500,139.2,1
274650,139.2,1
274800,139.2,1
274950,139.3,1
275100,139.3,1
275250,139.5,1
275400,139.5,0
275550,139.5,1
275700,139.6,1
275850,139.6,1
276000,139.8,1
276150,139.8,0
276300,139.8,1
276450,140,0
276600,140,1
276750,140.2,1
276900,140.2,0
277050,140.2,1
277200,140.3,1
277350,140.3,1
277500,140.3,1
277650,140.4,1
277800,140.4,1
277950,140.5,1
278100,140.5,1
278250,140.5,1
278400,140.5,1
278550,140.5,1
278700,140.6,1
278850,140.6,1
279000,140.6,1
279150,140.8,1
279300,140.8,0
279450,140.8,1
279600,140.9,1
279750,140.9,1
279900,140.9,1
280050,140.9,1
280200,140.9,1
280350,141,1
280500,141,1
280650,141,1
280800,141.2,0
280950,141.2,1
281100,141.4,1
281250,141.4,0
281400,141.4,1
281550,141.6,0
281700,141.6,1
281850,141.6,1
282000,141.8,0
282150,141.8,1
282300,141.9,1
282450,141.9,1
282600,141.9,1
282750,142.1,0
282900,142.1,1
283050,142.2,1
283200,142.2,1
283350,142.2,1
283500,142.3,1
283650,142.3,1
283800,142.5,1
283950,142.5,0
284100,142.5,1
284250,142.6,1
284400,142.6,1
284550,142.6,1
284700,142.7,1
284850,142.7,1
285000,142.8,1
285150,142.8,1
285300,142.8,1
285450,142.9,0
285600,142.9,1
285750,143,1
285900,143,1
286050,143,1
286200,143,1
286350,143,1
286500,143.1,1
286650,143.1,0
286800,143.1,1
286950,143.2,1
287100,143.2,1
287250,143.2,1
287400,143.4,0
287550,143.4,1
287700,143.4,1
287850,143.4,1
288000,143.4,1
288150,143.5,0
288300,143.5,1
288450,143.5,1
288600,143.6,1
288750,143.6,1
288900,143.8,1
289050,143.8,0
289200,143.8,1
289350,143.9,0
289500,143.9,1
289650,144,1
289800,144,0
289950,144,1
290100,144.2,1
290250,144.2,0
290400,144.2,1
290550,144.3,0
290700,144.3,1
290850,144.5,1
291000,144.5,0
291150,144.5,1
291300,144.7,1
291450,144.7,0
291600,144.7,1
291750,144.8,0
291900,144.8,1
292050,144.9,1
292200,144.9,0
292350,144.9,1
292500,145,0
292650,145,1
292800,145,1
292950,145,1
293100,145,1
293250,145,1
293400,145,1
293550,145,1
293700,145.2,0
293850,145.2,1
294000,145.3,1
294150,145.3,0
294300,145.3,1
294450,145.3,1
294600,145.3,1
294750,145.4,1
294900,145.4,1
295050,145.4,1
295200,145.6,0
295350,145.6,1
295500,145.6,1
295650,145.7,0
295800,145.7,1
295950,145.9,1
296100,145.9,0
296250,145.9,1
296400,146.1,0
296550,146.1,1
296700,146.2,1
296850,146.2,0
297000,146.2,1
297150,146.3,1
297300,146.3,0
297450,146.5,1
297600,146.5,0
297750,146.5,1
297900,146.6,1
298050,146.6,0
298200,146.6,1
298350,146.7,0
298500,146.7,1
298650,146.8,1
298800,146.8,0
298950,146.8,1
299100,147,1
299250,147,0
299400,147,1
299550,147.1,0
299700,147.1,1
299850,147.2,1
300000,147.2,0
300150,147.2,1
300300,147.3,0
300450,147.3,1
300600,147.4,1
300750,147.4,0
300900,147.4,1
301050,147.6,1
301200,147.6,0
301350,147.6,1
301500,147.7,0
301650,147.7,1
301800,147.8,1
301950,147.8,0
302100,147.8,1
302250,148,0
302400,148,1
302550,148.1,1
302700,148.1,0
302850,148.1,1
303000,148.2,1
303150,148.2,0
303300,148.2,1
303450,148.4,0
303600,148.4,1
303750,148.5,1
303900,148.5,0
304050,148.5,1
304200,148.6,0
304350,148.6,1
304500,148.8,1
304650,148.8,0
304800,148.8,1
304950,148.9,0
305100,148.9,1
305250,149,1
305400,149,0
305550,149,1
305700,149.2,1
305850,149.2,0
306000,149.2,1
306150,149.2,1
306300,149.2,1
306450,149.3,1
306600,149.3,0
306750,149.3,1
306900,149.4,0
307050,149.4,1
307200,149.5,1
307350,149.5,0
307500,149.5,1
307650,149.6,1
307800,149.6,0
307950,149.6,1
308100,149.7,0
308250,149.7,1
308400,149.8,1
308550,149.8,0
308700,149.8,1
308850,149.9,1
309000,149.9,0
309150,149.9,1
309300,150,0
309450,150,1
309600,150.1,1
309750,150.1,0
309900,150.1,1
310050,150.2,1
310200,150.2,0
310350,150.2,1
310500,150.3,0
310650,150.3,1
310800,150.4,1
310950,150.4,0
311100,150.4,1
311250,150.5,0
311400,150.5,1
311550,150.5,1
311700,150.6,0
311850,150.6,1
312000,150.6,1
312150,150.6,1
312300,150.8,1
312450,150.8,0
312600,150.8,1
312750,150.8,1
312900,150.8,1
313050,150.8,1
313200,150.9,0
313350,150.9,1
313500,151,1
313650,151,0
313800,151,1
313950,151,1
314100,151,1
314250,151.1,1
314400,151.1,0
314550,151.1,1
314700,151.2,0
314850,151.2,1
315000,151.4,1
315150,151.4,0
315300,151.4,1
315450,151.5,1
315600,151.5,0
315750,151.5,1
315900,151.6,0
316050,151.6,1
316200,151.7,1
316350,151.7,0
316500,151.7,1
316650,151.7,1
316800,151.7,1
316950,151.8,1
317100,151.8,0
317250,151.8,1
317400,151.9,1
317550,151.9,0
317700,151.9,1
317850,152,0
318000,152,1
318150,152.1,1
318300,152.1,0
318450,152.1,1
318600,152.2,0
318750,152.2,1
318900,152.3,1
319050,152.3,0
319200,152.3,1
319350,152.3,1
319500,152.3,1
319650,152.3,1
319800,152.5,0
319950,152.5,1
320100,152.6,1
320250,152.6,0
320400,152.6,1
320550,152.6,1
320700,152.6,1
320850,152.6,1
321000,152.7,0
321150,152.7,1
321300,152.8,1
321450,152.8,0
321600,152.8,1
321750,152.8,1
321900,152.8,1
322050,152.8,1
322200,153,0
322350,153,1
322500,153.1,1
322650,153.1,0
322800,153.1,1
322950,153.2,0
323100,153.2,1
323250,153.2,1
323400,153.2,1
323550,153.2,1
323700,153.3,1
323850,153.3,0
324000,153.3,1
324150,153.4,1
324300,153.4,0
324450,153.4,1
324600,153.5,1
324750,153.5,0
324900,153.5,1
325050,153.6,0
325200,153.6,1
325350,153.6,1
325500,153.7,0
325650,153.7,1
325800,153.8,1
325950,153.8,0
326100,153.8,1
326250,153.9,0
326400,153.9,1
326550,153.9,1
326700,154,0
326850,154,1
327000,154,1
327150,154,1
327300,154,1
327450,154.1,1
327600,154.1,0
327750,154.1,1
327900,154.1,1
328050,154.1,1
328200,154.1,1
328350,154.2,1
328500,154.2,0
328650,154.2,1
328800,154.2,1
328950,154.2,1
329100,154.2,1
329250,154.3,0
329400,154.3,1
329550,154.3,1
329700,154.3,1
329850,154.3,1
330000,154.4,1
330150,154.4,0
330300,154.4,1
330450,154.5,1
330600,154.5,0
330750,154.5,1
330900,154.6,0
331050,154.6,1
331200,154.6,1
331350,154.6,1
331500,154.6,1
331650,154.6,1
331800,154.6,1
331950,154.6,1
332100,154.7,0
332250,154.7,1
332400,154.7,1
332550,154.8,0
332700,154.8,1
332850,154.9,1
333000,154.9,0
333150,154.9,1
333300,155,1
333450,155,0
333600,155,1
333750,155,1
333900,155,1
334050,155,1
334200,155.1,0
334350,155.1,1
334500,155.2,1
334650,155.2,0
334800,155.2,1
334950,155.3,1
335100,155.3,0
335250,155.3,1
335400,155.3,1
335550,155.3,1
335700,155.3,1
335850,155.3,1
336000,155.3,1
336150,155.4,1
336300,155.4,0
336450,155.4,1
336600,155.6,1
336750,155.6,0
336900,155.6,1
337050,155.7,1
337200,155.7,0
337350,155.7,1
337500,155.7,1
337650,155.7,1
337800,155.7,1
337950,155.8,0
338100,155.8,1
338250,155.8,1
338400,155.8,1
338550,155.8,1
338700,156,1
338850,156,0
339000,156,1
339150,156,1
339300,156,1
339450,156,1
339600,156.2,0
339750,156.2,1
339900,156.2,1
340050,156.2,1
340200,156.2,1
340350,156.3,1
340500,156.3,0
340650,156.3,1
340800,156.4,1
340950,156.4,0
341100,156.4,1
341250,156.5,0
341400,156.5,1
341550,156.6,1
341700,156.6,0
341850,156.6,1
342000,156.6,1
342150,156.6,1
342300,156.6,1
342450,156.6,1
342600,156.6,1
342750,156.6,1
342900,156.8,0
343050,156.8,1
343200,156.8,1
343350,156.9,0
343500,156.9,1
343650,157,1
343800,157,0
343950,157,1
344100,157,1
344250,157,1
344400,157,1
344550,157.1,1
344700,157.1,0
344850,157.1,1
345000,157.2,0
345150,157.2,1
345300,157.3,1
345450,157.3,0
345600,157.3,1
345750,157.4,1
345900,157.4,0
346050,157.4,1
346200,157.4,1
346350,157.4,1
346500,157.4,1
346650,157.5,0
346800,157.5,1
346950,157.5,1
347100,157.6,0
347250,157.6,1
347400,157.7,1
347550,157.7,0
347700,157.7,1
347850,157.8,1
348000,157.8,0
348150,157.8,1
348300,157.9,1
348450,157.9,0
348600,157.9,1
348750,158,0
348900,158,1
349050,158,1
349200,158.1,0
349350,158.1,1
349500,158.1,1
349650,158.1,1
349800,158.1,1
349950,158.2,1
350100,158.2,0
350250,158.2,1
350400,158.3,0
350550,158.3,1
350700,158.4,1
350850,158.4,0
351000,158.4,1
351150,158.5,1
351300,158.5,0
351450,158.5,1
351600,158.6,1
351750,158.6,0
351900,158.6,1
352050,158.7,0
352200,158.7,1
352350,158.7,1
352500,158.8,0
352650,158.8,1
352800,158.9,1
352950,158.9,0
353100,158.9,1
353250,159,1
353400,159,0
353550,159,1
353700,159.1,0
353850,159.1,1
354000,159.1,1
354150,159.2,0
354300,159.2,1
354450,159.3,1
354600,159.3,0
354750,159.3,1
354900,159.3,1
355050,159.3,1
355200,159.3,1
355350,159.4,0
355500,159.4,1
355650,159.4,1
355800,159.5,0
355950,159.5,1
356100,159.6,1
356250,159.6,0
356400,159.6,1
356550,159.7,1
356700,159.7,0
356850,159.7,0
357000,159.8,0
357150,159.8,1
357300,159.8,1
357450,159.9,0
357600,159.9,0
357750,159.9,1
357900,160,0
358050,160,0
358200,160.1,0
358350,160.1,0
358500,160.1,0
358650,160.1,0
358800,160.1,1
358950,160.1,0
359100,160.1,0
359250,160.1,0
359400,160.1,0
359550,160.2,0
359700,160.2,0
359850,160.3,0
360000,160.3,0
360150,160.3,0
360300,160.4,0
360450,160.4,0
360600,160.4,0
360750,160.4,0
360900,160.4,1
361050,160.4,0
361200,160.5,0
361350,160.5,0
361500,160.5,0
361650,160.5,0
361800,160.5,0
361950,160.5,0
362100,160.5,0
362250,160.5,0
362400,160.6,0
362550,160.6,0
362700,160.6,0
362850,160.7,0
363000,160.7,0
363150,160.7,0
363300,160.7,0
363450,160.7,0
363600,160.7,0
363750,160.7,0
363900,160.7,0
364050,160.8,0
364200,160.8,0
364350,160.8,0
364500,160.8,0
364650,160.8,0
364800,160.8,0
364950,160.8,0
365100,160.8,0
365250,160.9,0
365400,160.9,0
365550,160.9,0
365700,161,0
365850,161,0
366000,161,0
366150,161,0
366300,161,0
366450,161,0
366600,161,0
366750,161,0
366900,161,0
367050,161,0
367200,161,0
367350,161.1,0
367500,161.1,0
367650,161.1,0
367800,161.1,0
367950,161.1,0
368100,161.1,0
368250,161.1,0
368400,161.1,0
368550,161.1,0
368700,161.2,0
368850,161.2,0
369000,161.2,0
369150,161.3,0
369300,161.3,0
369450,161.3,0
369600,161.3,0
369750,161.3,0
369900,161.3,0
370050,161.3,0
370200,161.3,0
370350,161.3,0
370500,161.3,0
370650,161.3,0
370800,161.3,0
370950,161.3,0
371100,161.3,0
371250,161.3,0
371400,161.3,0
371550,161.3,0
371700,161.3,0
371850,161.3,0
372000,161.3,0
372150,161.3,0
372300,161.4,0
372450,161.4,0
372600,161.4,0
372750,161.5,0
372900,161.5,0
373050,161.5,0
373200,161.5,0
373350,161.5,0
373500,161.5,0
373650,161.5,0
373800,161.5,0
373950,161.5,0
374100,161.5,0
374250,161.5,0
374400,161.5,0
374550,161.5,0
374700,161.5,0
374850,161.4,0
375000,161.4,1
375150,161.4,0
375300,161.4,0
375450,161.4,0
375600,161.4,0
375750,161.4,0
375900,161.4,0
376050,161.4,0
376200,161.4,0
376350,161.4,0
376500,161.3,0
376650,161.3,1
376800,161.3,0
376950,161.3,0
377100,161.3,0
377250,161.3,0
377400,161.3,0
377550,161.3,0
377700,161.3,0
377850,161.3,0
378000,161.3,0
378150,161.2,0
378300,161.2,1
378450,161.2,0
378600,161.2,0
378750,161.2,0
378900,161.2,0
379050,161.2,0
379200,161.2,0
379350,161.2,0
379500,161.2,0
379650,161.2,0
379800,161.1,0
379950,161.1,1
380100,161.1,0
380250,161.1,0
380400,161.1,0
380550,161.1,0
380700,161.1,0
380850,161.1,0
381000,161.1,0
381150,161,1
381300,161,0
381450,161,0
381600,161,0
381750,161,0
381900,161,0
382050,161,0
382200,161,0
382350,160.9,1
382500,160.9,0
382650,160.9,0
382800,160.9,0
382950,160.9,0
383100,160.9,0
383250,160.9,0
383400,160.9,0
383550,160.8,0
383700,160.8,1
383850,160.8,0
384000,160.7,1
384150,160.7,0
384300,160.7,0
384450,160.5,1
384600,160.5,0
384750,160.5,0
384900,160.5,0
385050,160.5,0
385200,160.4,0
385350,160.4,1
385500,160.4,0
385650,160.3,0
385800,160.3,1
385950,160.3,0
386100,160.3,0
386250,160.3,0
386400,160.3,0
386550,160.2,1
386700,160.2,1
386850,160.2,0
387000,160.2,0
387150,160.2,0
387300,160.1,0
387450,160.1,1
387600,160.1,1
387750,160,0
387900,160,1
388050,160,1
388200,159.9,1
388350,159.9,0
388500,159.9,0
388650,159.7,1
388800,159.7,1
388950,159.6,1
389100,159.6,1
389250,159.6,1
389400,159.5,1
389550,159.5,1
389700,159.5,1
389850,159.4,1
390000,159.4,1
390150,159.4,1
390300,159.3,1
390450,159.3,1
390600,159.3,1
390750,159.3,1
390900,159.3,1
391050,159.3,1
391200,159.3,1
391350,159.3,1
391500,159.3,1
391650,159.3,1
391800,159.3,1
391950,159.2,1
392100,159.2,1
392250,159.1,1
392400,159.1,1
392550,159.1,1
392700,159,1
392850,159,1
393000,159,1
393150,159,1
393300,159,1
393450,159,1
393600,158.9,1
393750,158.9,1
393900,158.9,1
394050,158.9,1
394200,158.9,1
394350,158.8,1
394500,158.8,1
394650,158.8,1
394800,158.8,1
394950,158.8,1
395100,158.8,1
395250,158.8,1
395400,158.8,1
395550,158.8,1
395700,158.7,1
395850,158.7,1
396000,158.7,1
396150,158.7,1
396300,158.7,1
396450,158.6,1
396600,158.6,1
396750,158.6,1
396900,158.6,1
397050,158.6,1
397200,158.6,1
397350,158.6,1
397500,158.6,1
397650,158.6,1
397800,158.6,1
397950,158.6,1
398100,158.6,1
398250,158.6,1
398400,158.6,1
398550,158.5,1
398700,158.5,1
398850,158.5,1
399000,158.4,1
399150,158.4,1
399300,158.4,1
399450,158.4,1
399600,158.4,1
399750,158.4,1
399900,158.4,1
400050,158.4,1
400200,158.3,1
400350,158.3,1
400500,158.3,1
400650,158.3,1
400800,158.3,1
400950,158.3,1
401100,158.3,1
401250,158.3,1
401400,158.3,1
401550,158.2,1
401700,158.2,1
401850,158.2,1
402000,158.2,1
402150,158.2,1
402300,158.1,1
402450,158.1,1
402600,158.1,1
402750,158.1,1
402900,158.1,1
403050,158.1,1
403200,158.1,1
403350,158.1,1
403500,158.1,1
403650,158.1,1
403800,158.1,1
403950,158.1,1
404100,158.1,1
404250,158.1,1
404400,158.1,1
404550,158.1,1
404700,158.1,1
404850,158.1,1
405000,158.1,1
405150,158.1,1
405300,158.2,0
405450,158.2,1
405600,158.2,1
405750,158.2,1
405900,158.2,1
406050,158.1,1
406200,158.1,1
406350,158.1,1
406500,158.2,1
406650,158.2,0
406800,158.2,1
406950,158.2,1
407100,158.2,1
407250,158.2,1
407400,158.2,1
407550,158.2,1
407700,158.2,1
407850,158.2,1
408000,158.2,1
408150,158.3,1
408300,158.3,0
408450,158.3,1
408600,158.3,1
408750,158.3,1
408900,158.3,1
409050,158.4,0
409200,158.4,1
409350,158.4,1
409500,158.4,1
409650,158.4,1
409800,158.5,1
409950,158.5,0
410100,158.5,1
410250,158.6,0
410400,158.6,1
410550,158.6,1
410700,158.6,1
410850,158.6,1
411000,158.7,1
411150,158.7,0
411300,158.7,1
411450,158.8,1
411600,158.8,0
411750,158.8,1
411900,158.8,1
412050,158.8,1
412200,158.8,1
412350,158.9,0
412500,158.9,1
412650,158.9,1
412800,158.9,1
412950,158.9,1
413100,159,1
413250,159,0
413400,159,1
413550,159,1
413700,159,1
413850,159,1
414000,159,1
414150,159,1
414300,159,1
414450,159,1
414600,159,1
414750,159,1
414900,159,1
415050,159,1
415200,159.1,1
415350,159.1,0
415500,159.1,1
415650,159.3,0
415800,159.3,1
415950,159.3,1
416100,159.4,0
416250,159.4,1
416400,159.5,1
416550,159.5,0
416700,159.5,1
416850,159.6,1
417000,159.6,0
417150,159.6,1
417300,159.6,1
417450,159.6,1
417600,159.6,1
417750,159.8,0
417900,159.8,0
418050,159.9,1
418200,159.9,0
418350,159.9,0
418500,160,0
418650,160,0
418800,160,0
418950,160.1,0
419100,160.1,0
419250,160.1,0
419400,160.2,0
419550,160.2,0
419700,160.2,0
419850,160.2,0
420000,160.2,0
420150,160.3,0
420300,160.3,0
420450,160.3,0
420600,160.5,0
420750,160.5,0
420900,160.5,0
421050,160.5,1
421200,160.5,0
421350,160.5,0
421500,160.6,0
421650,160.6,0
421800,160.7,0
421950,160.7,0
422100,160.7,0
422250,160.7,0
422400,160.7,0
422550,160.7,0
422700,160.7,0
422850,160.7,0
423000,160.8,0
423150,160.8,0
423300,160.8,0
423450,160.9,0
423600,160.9,0
423750,160.9,0
423900,160.9,0
424050,160.9,0
424200,160.9,0
424350,161,0
424500,161,0
424650,161,0
424800,161.1,0
424950,161.1,0
425100,161.1,0
425250,161.1,0
425400,161.1,0
425550,161.2,0
425700,161.2,0
425850,161.2,0
426000,161.3,0
426150,161.3,0
426300,161.3,0
426450,161.3,0
426600,161.3,0
426750,161.4,0
426900,161.4,0
427050,161.4,0
427200,161.5,0
427350,161.5,0
427500,161.5,0
427650,161.5,0
427800,161.5,0
427950,161.5,0
428100,161.6,0
428250,161.6,0
428400,161.6,0
428550,161.6,0
428700,161.6,0
428850,161.7,0
429000,161.7,0
429150,161.7,0
429300,161.8,0
429450,161.8,0
429600,161.8,0
429750,161.8,0
429900,161.8,0
430050,161.8,0
430200,162,0
430350,162,0
430500,162,0
430650,162,0
430800,162,0
430950,161.9,0
431100,161.9,1
431250,161.9,0
431400,161.9,0
431550,161.9,0
431700,161.9,0
431850,161.9,0
432000,161.9,0
432150,162,0
432300,162,0
432450,162,0
432600,162.1,0
432750,162.1,0
432900,162.1,0
433050,162.2,0
433200,162.2,0
433350,162.2,0
433500,162.3,0
433650,162.3,0
433800,162.3,0
433950,162.3,0
434100,162.3,0
434250,162.4,0
434400,162.4,0
434550,162.4,0
434700,162.5,0
434850,162.5,0
435000,162.5,0
435150,162.4,1
435300,162.4,0
435450,162.4,0
435600,162.4,0
435750,162.4,0
435900,162.4,0
436050,162.4,0
436200,162.4,0
436350,162.4,0
436500,162.4,0
436650,162.4,0
436800,162.5,0
436950,162.5,0
437100,162.5,0
437250,162.5,0
437400,162.5,0
437550,162.5,0
437700,162.5,0
437850,162.5,0
438000,162.5,0
438150,162.5,0
438300,162.5,0
438450,162.4,1
438600,162.4,0
438750,162.4,0
438900,162.4,0
439050,162.4,0
439200,162.3,0
439350,162.3,1
439500,162.3,0
439650,162.3,0
439800,162.3,0
439950,162.3,0
440100,162.2,1
440250,162.2,0
440400,162.2,0
440550,162.2,0
440700,162.2,0
440850,162.2,0
441000,162.2,0
441150,162.2,0
441300,162.2,0
441450,162.2,0
441600,162.2,0
441750,162.2,0
441900,162.2,0
442050,162.2,0
442200,162.2,0
442350,162.2,0
442500,162.1,0
442650,162.1,1
442800,162.1,0
442950,162.1,0
443100,162.1,0
443250,162.1,0
443400,162,0
443550,162,1
443700,162,0
443850,162,0
444000,162,0
444150,162,0
444300,162,0
444450,162,0
444600,162,0
444750,162,0
444900,162,0
445050,161.9,0
445200,161.9,1
445350,161.9,0
445500,161.8,1
445650,161.8,0
445800,161.8,0
445950,161.7,1
446100,161.7,0
446250,161.7,0
446400,161.7,0
446550,161.7,0
446700,161.6,0
446850,161.6,1
447000,161.6,0
447150,161.6,0
447300,161.6,0
447450,161.6,0
447600,161.5,1
447750,161.5,0
447900,161.5,0
448050,161.5,0
448200,161.5,0
448350,161.4,0
448500,161.4,1
448650,161.4,0
448800,161.3,1
448950,161.3,0
449100,161.3,0
449250,161.2,1
449400,161.2,0
449550,161.2,0
449700,161.2,0
449850,161.2,0
450000,161.1,0
450150,161.1,1
450300,161.1,0
450450,161.1,0
450600,161.1,0
450750,161.1,0
450900,161.1,0
451050,161.1,0
451200,161,0
451350,161,1
451500,161,0
451650,161,0
451800,161,0
451950,161,0
452100,160.9,1
452250,160.9,0
452400,160.9,0
452550,160.8,1
452700,160.8,0
452850,160.7,0
453000,160.7,1
453150,160.7,0
453300,160.6,0
453450,160.6,1
453600,160.6,0
453750,160.5,1
453900,160.5,0
454050,160.5,0
454200,160.5,0
454350,160.5,0
454500,160.4,0
454650,160.4,1
454800,160.4,0
454950,160.4,0
455100,160.4,0
455250,160.4,0
455400,160.3,0
455550,160.3,1
455700,160.3,1
455850,160.3,0
456000,160.3,0
456150,160.2,0
456300,160.2,1
456450,160.2,1
456600,160.1,0
456750,160.1,1
456900,160.1,1
457050,160.1,0
457200,160.1,0
457350,160.1,0
457500,160.1,0
457650,160.1,0
457800,160.1,0
457950,160.1,0
458100,160.1,0
458250,160,0
458400,160,1
458550,160,1
458700,160,0
458850,160,0
459000,160,0
459150,159.9,1
459300,159.9,1
459450,159.9,1
459600,159.8,1
459750,159.8,1
459900,159.7,1
460050,159.7,1
460200,159.7,1
460350,159.6,1
460500,159.6,1
460650,159.6,1
460800,159.5,1
460950,159.5,1
461100,159.5,1
461250,159.4,1
461400,159.4,1
461550,159.4,1
461700,159.3,1
461850,159.3,1
462000,159.2,1
462150,159.2,1
462300,159.2,1
462450,159,1
462600,159,1
462750,159,1
462900,159,1
463050,159,1
463200,159,1
463350,158.8,1
463500,158.8,1
463650,158.7,1
463800,158.7,1
463950,158.7,1
464100,158.6,1
464250,158.6,1
464400,158.6,1
464550,158.6,1
464700,158.6,1
464850,158.6,1
465000,158.5,1
465150,158.5,1
465300,158.5,1
465450,158.4,1
465600,158.4,1
465750,158.3,1
465900,158.3,1
466050,158.3,1
466200,158.3,1
466350,158.3,1
466500,158.3,1
466650,158.3,1
466800,158.3,1
466950,158.3,1
467100,158.2,1
467250,158.2,1
467400,158.2,1
467550,158.2,1
467700,158.2,1
467850,158.2,1
468000,158.2,1
468150,158.2,1
468300,158.1,1
468450,158.1,1
468600,158.1,1
468750,158.1,1
468900,158.1,1
469050,158.1,1
469200,158.1,1
469350,158.1,1
469500,158,1
469650,158,1
469800,158,1
469950,157.9,1
470100,157.9,1
470250,157.9,1
470400,157.9,1
470550,157.9,1
470700,157.8,1
470850,157.8,1
471000,157.8,1
471150,157.8,1
471300,157.8,1
471450,157.8,1
471600,157.7,1
471750,157.7,1
471900,157.7,1
472050,157.7,1
472200,157.7,1
472350,157.7,1
472500,157.7,1
472650,157.7,1
472800,157.7,1
472950,157.7,1
473100,157.7,1
473250,157.8,1
473400,157.8,0
473550,157.8,1
473700,157.8,1
473850,157.8,1
474000,157.8,1
474150,157.9,0
474300,157.9,1
474450,157.9,1
474600,158,0
474750,158,1
474900,158,1
475050,158,1
475200,158,1
475350,158,1
475500,158,1
475650,158,1
475800,158,1
475950,158,1
476100,158,1
476250,158.1,0
476400,158.1,1
476550,158.1,1
476700,158.1,1
476850,158.1,1
477000,158.2,1
477150,158.2,0
477300,158.2,1
477450,158.2,1
477600,158.2,1
477750,158.2,1
477900,158.3,0
478050,158.3,1
478200,158.3,1
478350,158.3,1
478500,158.3,1
478650,158.4,1
478800,158.4,0
478950,158.4,1
479100,158.4,1
479250,158.4,1
479400,158.4,1
479550,158.5,0
479700,158.5,1
479850,158.6,1
480000,158.6,0
480150,158.6,1
480300,158.6,1
480450,158.6,1
480600,158.6,1
480750,158.6,1
480900,158.6,1
481050,158.6,1
481200,158.7,0
481350,158.7,1
481500,158.8,1
481650,158.8,0
481800,158.8,1
481950,158.8,1
482100,158.8,1
482250,158.8,1
482400,158.9,0
482550,158.9,1
482700,158.9,1
482850,159,0
483000,159,1
483150,159,1
483300,159,1
483450,159,1
483600,159.1,1
483750,159.1,0
483900,159.1,1
484050,159.2,1
484200,159.2,0
484350,159.2,1
484500,159.2,1
484650,159.2,1
484800,159.2,1
484950,159.2,1
485100,159.2,1
485250,159.3,1
485400,159.3,0
485550,159.3,1
485700,159.3,1
485850,159.3,1
486000,159.3,1
486150,159.3,1
486300,159.3,1
486450,159.3,1
486600,159.4,0
486750,159.4,1
486900,159.6,1
487050,159.6,0
487200,159.6,0
487350,159.7,1
487500,159.7,0
487650,159.7,1
487800,159.8,1
487950,159.8,0
488100,159.8,0
488250,159.9,1
488400,159.9,0
488550,159.9,0
488700,159.9,1
488850,159.9,1
489000,160,1
489150,160,0
489300,160,0
489450,160.1,0
489600,160.1,0
489750,160.1,0
489900,160.2,0
490050,160.2,0
490200,160.2,0
490350,160.2,1
490500,160.2,0
490650,160.3,0
490800,160.3,0
490950,160.3,0
491100,160.5,0
491250,160.5,0
491400,160.5,0
491550,160.5,0
491700,160.5,1
491850,160.5,0
492000,160.6,0
492150,160.6,0
492300,160.6,0
492450,160.7,0
492600,160.7,0
492750,160.8,0
492900,160.8,0
493050,160.8,0
493200,160.9,0
493350,160.9,0
493500,160.9,0
493650,161,0
493800,161,0
493950,161,0
494100,161,0
494250,161,0
494400,161.1,0
494550,161.1,0
494700,161.1,0
494850,161.1,0
495000,161.1,0
495150,161.1,0
495300,161.2,0
495450,161.2,0
495600,161.2,0
495750,161.3,0
495900,161.3,0
496050,161.3,0
496200,161.3,0
496350,161.3,0
496500,161.3,0
496650,161.3,0
496800,161.3,0
496950,161.4,0
497100,161.4,0
497250,161.4,0
497400,161.4,0
497550,161.4,0
497700,161.4,0
497850,161.5,0
498000,161.5,0
498150,161.5,0
498300,161.5,0
498450,161.5,0
498600,161.6,0
498750,161.6,0
498900,161.6,0
499050,161.6,0
499200,161.6,0
499350,161.6,0
499500,161.6,0
499650,161.6,0
499800,161.6,0
499950,161.6,0
500100,161.6,0
500250,161.7,0
500400,161.7,0
500550,161.7,0
500700,161.8,0
500850,161.8,0
501000,161.8,0
501150,161.9,0
501300,161.9,0
501450,161.9,0
501600,161.9,0
501750,161.9,0
501900,161.9,0
502050,161.9,0
502200,161.9,0
502350,161.8,0
502500,161.8,1
502650,161.8,0
502800,161.8,0
502950,161.8,0
503100,161.8,0
503250,161.9,0
503400,161.9,0
503550,162,0
503700,162,0
503850,162,0
504000,161.9,0
504150,161.9,1
504300,161.9,0
504450,162,0
504600,162,0
504750,162,0
504900,162,0
505050,162,0
505200,162,0
505350,162,0
505500,162,0
505650,162,0
505800,162,0
505950,162,0
506100,162,0
506250,162,0
506400,162,0
506550,162,0
506700,162,0
506850,162,0
507000,161.9,1
507150,161.9,0
507300,161.9,0
507450,161.9,0
507600,161.9,0
507750,161.8,0
507900,161.8,1
508050,161.8,0
508200,161.8,0
508350,161.8,0
508500,161.8,0
508650,161.7,1
508800,161.7,0
508950,161.7,0
509100,161.7,0
509250,161.7,0
509400,161.7,0
509550,161.7,0
509700,161.7,0
509850,161.6,1
510000,161.6,0
510150,161.6,0
510300,161.6,0
510450,161.6,0
510600,161.5,0
510750,161.5,1
510900,161.5,0
511050,161.4,0
511200,161.4,1
511350,161.4,0
511500,161.4,0
511650,161.4,0
511800,161.4,0
511950,161.3,1
512100,161.3,0
512250,161.4,0
512400,161.4,0
512550,161.4,0
512700,161.5,0
512850,161.5,0
513000,161.5,0
513150,161.4,0
513300,161.4,1
513450,161.4,0
513600,161.4,0
513750,161.4,0
513900,161.4,0
514050,161.4,0
514200,161.4,0
514350,161.4,0
514500,161.4,0
514650,161.4,0
514800,161.4,0
514950,161.4,0
515100,161.4,0
515250,161.5,0
515400,161.5,0
515550,161.5,0
515700,161.5,0
515850,161.5,0
516000,161.4,0
516150,161.4,1
516300,161.4,0
516450,161.5,0
516600,161.5,0
516750,161.5,0
516900,161.5,0
517050,161.5,0
517200,161.5,0
517350,161.4,1
517500,161.4,0
517650,161.4,0
517800,161.3,1
517950,161.3,0
518100,161.3,0
518250,161.3,0
518400,161.3,0
518550,161.3,0
518700,161.3,0
518850,161.3,0
519000,161.3,0
519150,161.3,0
519300,161.3,0
519450,161.2,1
519600,161.2,0
519750,161.2,0
519900,161.2,0
520050,161.2,0
520200,161.1,0
520350,161.1,1
520500,161.1,0
520650,161.1,0
520800,161.1,0
520950,161.1,0
521100,161,1
521250,161,0
521400,161,0
521550,161,0
521700,161,0
521850,160.9,0
522000,160.9,1
522150,160.9,0
522300,160.8,0
522450,160.8,1
522600,160.8,0
522750,160.8,0
522900,160.8,0
523050,160.8,0
523200,160.7,1
523350,160.7,0
523500,160.6,0
523650,160.6,1
523800,160.6,0
523950,160.5,0
524100,160.5,1
524250,160.5,0
524400,160.4,0
524550,160.4,1
524700,160.4,0
524850,160.4,0
525000,160.4,0
525150,160.4,0
525300,160.2,1
525450,160.2,1
525600,160.2,0
525750,160.2,0
525900,160.2,0
526050,160.2,0
526200,160.2,0
526350,160.2,0
526500,160.1,1
526650,160.1,1
526800,160.1,0
526950,160.1,0
527100,160.1,0
527250,160.1,0
527400,160,1
527550,160,1
527700,159.9,1
527850,159.9,1
528000,159.9,1
528150,159.9,1
528300,159.9,0
528450,159.9,1
528600,159.8,1
528750,159.8,1
528900,159.6,1
529050,159.6,1
529200,159.6,1
529350,159.6,1
529500,159.6,0
529650,159.6,1
529800,159.5,1
529950,159.5,1
530100,159.5,1
530250,159.5,1
530400,159.5,1
530550,159.5,1
530700,159.5,1
530850,159.5,1
531000,159.5,1
531150,159.4,1
531300,159.4,1
531450,159.3,1
531600,159.3,1
531750,159.3,1
531900,159.3,1
532050,159.3,1
532200,159.3,1
532350,159.3,1
532500,159.3,1
532650,159.2,1
532800,159.2,1
532950,159.2,1
533100,159,1
533250,159,1
533400,159,1
533550,159,1
533700,159,1
533850,159,1
534000,158.9,1
534150,158.9,1
534300,158.9,1
534450,158.9,1
534600,158.9,1
534750,158.9,1
534900,158.9,1
535050,158.9,1
535200,158.9,1
535350,158.9,1
535500,158.9,1
535650,158.8,1
535800,158.8,1
535950,158.8,1
536100,158.8,1
536250,158.8,1
536400,158.8,1
536550,158.8,1
536700,158.8,1
536850,158.7,1
537000,158.7,1
537150,158.7,1
537300,158.7,1
537450,158.7,1
537600,158.7,1
537750,158.7,1
537900,158.7,1
538050,158.7,1
538200,158.7,1
538350,158.7,1
538500,158.6,1
538650,158.6,1
538800,158.6,1
538950,158.6,1
539100,158.6,1
539250,158.6,1
539400,158.7,0
539550,158.7,1
539700,158.7,1
539850,158.7,1
540000,158.7,1
540150,158.7,1
540300,158.7,1
540450,158.7,1
540600,158.7,1
540750,158.7,1
540900,158.7,1
541050,158.7,1
541200,158.7,1
541350,158.7,1
541500,158.8,0
541650,158.8,1
541800,158.8,1
541950,158.8,1
542100,158.8,1
542250,158.8,1
542400,158.8,1
542550,158.8,1
542700,158.7,1
542850,158.7,1
543000,158.7,1
543150,158.7,1
543300,158.7,1
543450,158.7,1
543600,158.7,1
543750,158.7,1
543900,158.7,1
544050,158.7,1
544200,158.7,1
544350,158.7,1
544500,158.7,1
544650,158.7,1
544800,158.7,1
544950,158.7,1
545100,158.8,1
545250,158.8,0
545400,158.8,1
545550,158.8,1
545700,158.8,1
545850,158.8,1
546000,158.9,1
546150,158.9,0
546300,158.9,1
546450,158.9,1
546600,158.9,1
546750,158.9,1
546900,158.9,1
547050,158.9,1
547200,158.9,1
547350,158.9,1
547500,158.9,1
547650,159,0
547800,159,1
547950,159,1
548100,159,1
548250,159,1
548400,159,1
548550,159,1
548700,159,1
548850,159,1
549000,159,1
549150,159,1
549300,159,1
549450,159,1
549600,159,1
549750,159,1
549900,159,1
550050,159.1,1
550200,159.1,0
550350,159.1,1
550500,159.1,1
550650,159.1,1
550800,159.1,1
550950,159.1,1
551100,159.1,1
551250,159.1,1
551400,159.2,0
551550,159.2,1
551700,159.2,1
551850,159.2,1
552000,159.2,1
552150,159.3,1
552300,159.3,0
552450,159.3,1
552600,159.3,1
552750,159.3,1
552900,159.3,1
553050,159.3,1
553200,159.3,1
553350,159.3,1
553500,159.4,0
553650,159.4,1
553800,159.4,1
553950,159.5,0
554100,159.5,1
554250,159.6,1
554400,159.6,0
554550,159.6,0
554700,159.6,1
554850,159.6,1
555000,159.6,1
555150,159.7,0
555300,159.7,1
555450,159.7,1
555600,159.8,0
555750,159.8,1
555900,159.9,1
556050,159.9,0
556200,159.9,0
556350,160,0
556500,160,1
556650,160,1
556800,160,1
556950,160,1
557100,160.1,1
557250,160.1,0
557400,160.1,0
557550,160.2,0
557700,160.2,1
557850,160.2,0
558000,160.2,1
558150,160.2,0
558300,160.4,0
558450,160.4,0
558600,160.4,0
558750,160.5,0
558900,160.5,1
559050,160.6,0
559200,160.6,0
559350,160.6,0
559500,160.7,0
559650,160.7,0
559800,160.7,0
559950,160.8,0
560100,160.8,0
560250,160.8,0
560400,160.8,0
560550,160.8,0
560700,160.9,0
560850,160.9,0
561000,160.9,0
561150,160.9,0
561300,160.9,0
561450,160.9,0
561600,160.9,0
561750,160.9,0
561900,161,0
562050,161,0
562200,161,0
562350,161.1,0
562500,161.1,0
562650,161.3,0
562800,161.3,0
562950,161.3,0
563100,161.3,0
563250,161.3,0
563400,161.3,0
563550,161.4,0
563700,161.4,0
563850,161.5,0
564000,161.5,0
564150,161.5,0
564300,161.6,0
564450,161.6,0
564600,161.6,0
564750,161.7,0
564900,161.7,0
565050,161.7,0
565200,161.7,0
565350,161.7,0
565500,161.8,0
565650,161.8,0
565800,161.9,0
565950,161.9,0
566100,161.9,0
566250,162,0
566400,162,0
566550,162,0
566700,162,0
566850,162,0
567000,162,0
567150,162,0
567300,162,0
567450,162,0
567600,162,0
567750,162,0
567900,162,0
568050,162,0
568200,162.1,0
568350,162.1,0
568500,162.1,0
568650,162.2,0
568800,162.2,0
568950,162.3,0
569100,162.3,0
569250,162.3,0
569400,162.4,0
569550,162.4,0
569700,162.4,0
569850,162.5,0
570000,162.5,0
570150,162.5,0
570300,162.6,0
570450,162.6,0
570600,162.6,0
570750,162.6,0
570900,162.6,0
571050,162.7,0
571200,162.7,0
571350,162.7,0
571500,162.7,0
571650,162.7,0
571800,162.8,0
571950,162.8,0
572100,162.8,0
572250,162.9,0
572400,162.9,0
572550,162.9,0
572700,162.9,0
572850,162.9,0
573000,162.9,0
573150,162.9,0
573300,162.9,0
573450,162.9,0
573600,162.9,0
573750,162.9,0
573900,162.9,0
574050,162.9,0
574200,162.9,0
574350,162.9,0
574500,162.9,0
574650,162.9,0
574800,162.9,0
574950,162.9,0
575100,162.9,0
575250,162.9,0
575400,162.9,0
575550,162.9,0
575700,162.9,0
575850,162.9,0
576000,163,0
576150,163,0
576300,163,0
576450,163,0
576600,163,0
576750,163,0
576900,163,0
577050,163,0
577200,162.9,0
577350,162.9,1
577500,162.9,0
577650,162.9,0
577800,162.9,0
577950,162.9,0
578100,162.9,0
578250,162.9,0
578400,162.9,0
578550,162.8,1
578700,162.8,0
578850,162.8,0
579000,162.8,0
579150,162.8,0
579300,162.7,0
579450,162.7,1
579600,162.7,0
579750,162.6,0
579900,162.6,1
580050,162.6,0
580200,162.6,0
580350,162.6,0
580500,162.6,0
580650,162.5,1
580800,162.5,0
580950,162.4,0
581100,162.4,1
581250,162.4,0
581400,162.4,0
581550,162.4,0
581700,162.4,0
581850,162.4,0
582000,162.4,0
582150,162.4,0
582300,162.4,0
582450,162.4,0
582600,162.4,0
582750,162.3,1
582900,162.3,0
583050,162.3,0
583200,162.3,0
583350,162.3,0
583500,162.2,1
583650,162.2,0
583800,162.2,0
583950,162.2,0
584100,162.2,0
584250,162.1,0
584400,162.1,1
584550,162.1,0
584700,162,0
584850,162,1
585000,162,0
585150,161.9,0
585300,161.9,1
585450,161.9,0
585600,161.9,0
585750,161.9,0
585900,161.8,0
586050,161.8,1
586200,161.8,0
586350,161.7,0
586500,161.7,1
586650,161.7,0
586800,161.7,0
586950,161.7,0
587100,161.7,0
587250,161.6,1
587400,161.6,0
587550,161.6,0
587700,161.6,0
587850,161.6,0
588000,161.5,0
588150,161.5,1
588300,161.5,0
588450,161.4,0
588600,161.4,1
588750,161.4,0
588900,161.3,0
589050,161.3,1
589200,161.3,0
589350,161.3,0
589500,161.3,0
589650,161.3,0
589800,161.2,1
589950,161.2,0
590100,161.1,0
590250,161.1,1
590400,161.1,0
590550,161.1,0
590700,161.1,0
590850,161.1,0
591000,161.1,0
591150,161.1,0
591300,161.1,0
591450,161.1,0
591600,161.1,0
591750,161,0
591900,161,1
592050,161,0
592200,161,0
592350,161,0
592500,161,0
592650,160.9,1
592800,160.9,0
592950,160.9,0
593100,160.8,1
593250,160.8,0
593400,160.7,0
593550,160.7,1
593700,160.7,0
593850,160.7,0
594000,160.7,0
594150,160.7,0
594300,160.6,1
594450,160.6,0
594600,160.5,0
594750,160.5,1
594900,160.5,0
595050,160.5,0
595200,160.5,0
595350,160.5,0
595500,160.5,0
595650,160.5,0
595800,160.5,0
595950,160.5,0
596100,160.5,0
596250,160.4,0
596400,160.4,1
596550,160.4,0
596700,160.4,0
596850,160.4,0
597000,160.4,0
597150,160.3,0
597300,160.3,1
597450,160.3,0
597600,160.2,1
597750,160.2,0
597900,160.2,0
598050,160.2,0
598200,160.2,0
598350,160.1,0
598500,160.1,1
598650,160.1,1
598800,160,0
598950,160,1
599100,160,1
599250,160,0
599400,160,0
599550,160,0
599700,160,0
599850,160,0
600000,160,0
600150,160,0
600300,160,0
600450,159.9,0
600600,159.9,1
600750,159.9,1
600900,159.7,1
601050,159.7,1
601200,159.7,1
601350,159.6,1
601500,159.6,1
601650,159.6,1
601800,159.5,1
601950,159.5,1
602100,159.5,1
602250,159.5,1
602400,159.5,1
602550,159.4,1
602700,159.4,1
602850,159.4,1
603000,159.3,1
603150,159.3,1
603300,159.3,1
603450,159.3,1
603600,159.3,1
603750,159.3,1
603900,159.2,1
604050,159.2,1
604200,159.2,1
604350,159.2,1
604500,159.2,1
604650,159.1,1
604800,159.1,1
604950,159.1,1
605100,159,1
605250,159,1
605400,159,1
605550,159,1
605700,159,1
605850,159,1
606000,159,1
606150,159,1
606300,158.9,1
606450,158.9,1
606600,158.9,1
606750,158.9,1
606900,158.9,1
607050,158.9,1
607200,158.8,1
607350,158.8,1
607500,158.8,1
607650,158.8,1
607800,158.8,1
607950,158.7,1
608100,158.7,1
608250,158.7,1
608400,158.7,1
608550,158.7,1
608700,158.7,1
608850,158.7,1
609000,158.7,1
609150,158.7,1
609300,158.6,1
609450,158.6,1
609600,158.6,1
609750,158.6,1
609900,158.6,1
610050,158.5,1
610200,158.5,1
610350,158.5,1
610500,158.5,1
610650,158.5,1
610800,158.5,1
610950,158.5,1
611100,158.5,1
611250,158.5,1
611400,158.5,1
611550,158.5,1
611700,158.5,1
611850,158.5,1
612000,158.5,1
612150,158.5,1
612300,158.5,1
612450,158.5,1
612600,158.5,1
612750,158.5,1
612900,158.5,1
613050,158.5,1
613200,158.5,1
613350,158.5,1
613500,158.5,1
613650,158.5,1
613800,158.5,1
613950,158.5,1
614100,158.5,1
614250,158.4,1
614400,158.4,1
614550,158.4,1
614700,158.4,1
614850,158.4,1
615000,158.4,1
615150,158.5,0
615300,158.5,1
615450,158.5,1
615600,158.5,1
615750,158.5,1
615900,158.5,1
616050,158.5,1
616200,158.5,1
616350,158.5,1
616500,158.5,1
616650,158.5,1
616800,158.6,0
616950,158.6,1
617100,158.6,1
617250,158.6,1
617400,158.6,1
617550,158.7,1
617700,158.7,0
617850,158.7,1
618000,158.7,1
618150,158.7,1
618300,158.7,1
618450,158.7,1
618600,158.7,1
618750,158.7,1
618900,158.7,1
619050,158.7,1
619200,158.6,1
619350,158.6,1
619500,158.6,1
619650,158.6,1
619800,158.6,1
619950,158.6,1
620100,158.6,1
620250,158.6,1
620400,158.6,1
620550,158.6,1
620700,158.6,1
620850,158.6,1
621000,158.7,0
621150,158.7,1
621300,158.7,1
621450,158.7,1
621600,158.7,1
621750,158.8,0
621900,158.8,1
622050,158.8,1
622200,158.8,1
622350,158.8,1
622500,158.9,1
622650,158.9,0
622800,158.9,1
622950,159,1
623100,159,0
623250,159,1
623400,159.1,0
623550,159.1,1
623700,159.1,1
623850,159.2,0
624000,159.2,1
624150,159.3,1
624300,159.3,0
624450,159.3,1
624600,159.3,1
624750,159.3,1
624900,159.3,1
625050,159.4,1
625200,159.4,0
625350,159.4,1
625500,159.5,0
625650,159.5,1
625800,159.5,1
625950,159.5,1
626100,159.5,1
626250,159.6,1
626400,159.6,0
626550,159.6,1
626700,159.6,1
626850,159.6,1
627000,159.6,1
627150,159.7,1
627300,159.7,0
627450,159.7,0
627600,159.7,1
627750,159.7,1
627900,159.7,1
628050,159.7,1
628200,159.7,1
628350,159.8,1
628500,159.8,0
628650,159.8,0
628800,159.8,1
628950,159.8,1
629100,159.8,1
629250,159.9,0
629400,159.9,0
629550,159.9,0
629700,160,0
629850,160,0
630000,160,0
630150,160,1
630300,160,1
630450,160.2,1
630600,160.2,0
630750,160.2,0
630900,160.2,1
631050,160.2,1
631200,160.3,1
631350,160.3,0
631500,160.3,0
631650,160.5,0
631800,160.5,0
631950,160.5,0
632100,160.5,0
632250,160.5,1
632400,160.5,0
632550,160.6,0
632700,160.6,0
632850,160.6,0
633000,160.7,0
633150,160.7,0
633300,160.7,0
633450,160.8,0
633600,160.8,0
633750,160.9,0
633900,160.9,0
634050,160.9,0
634200,161,0
634350,161,0
634500,161,0
634650,161.1,0
634800,161.1,0
634950,161.2,0
635100,161.2,0
635250,161.2,0
635400,161.3,0
635550,161.3,0
635700,161.3,0
635850,161.4,0
636000,161.4,0
636150,161.4,0
636300,161.4,0
636450,161.4,0
636600,161.4,0
636750,161.6,0
636900,161.6,0
637050,161.6,0
637200,161.6,0
637350,161.6,0
637500,161.7,0
637650,161.7,0
637800,161.7,0
637950,161.8,0
638100,161.8,0
638250,161.8,0
638400,161.8,0
638550,161.8,0
638700,161.9,0
638850,161.9,0
639000,161.9,0
639150,162,0
639300,162,0
639450,162,0
639600,162,0
639750,162,0
639900,162,0
640050,162.1,0
640200,162.1,0
640350,162.2,0
640500,162.2,0
640650,162.2,0
640800,162.3,0
640950,162.3,0
641100,162.3,0
641250,162.3,0
641400,162.3,0
641550,162.3,0
641700,162.3,0
641850,162.3,0
642000,162.3,0
642150,162.3,0
642300,162.3,0
642450,162.4,0
642600,162.4,0
642750,162.4,0
642900,162.4,0
643050,162.4,0
643200,162.4,0
643350,162.5,0
643500,162.5,0
643650,162.6,0
643800,162.6,0
643950,162.6,0
644100,162.6,0
644250,162.6,0
644400,162.6,0
644550,162.6,0
644700,162.6,0
644850,162.6,0
645000,162.7,0
645150,162.7,0
645300,162.7,0
645450,162.8,0
645600,162.8,0
645750,162.8,0
645900,162.8,0
646050,162.8,0
646200,162.8,0
646350,162.8,0
646500,162.8,0
646650,162.8,0
646800,162.8,0
646950,162.8,0
647100,162.9,0
647250,162.9,0
647400,162.9,0
647550,162.9,0
647700,162.9,0
647850,162.9,0
648000,162.9,0
648150,162.9,0
648300,162.9,0
648450,162.9,0
648600,162.9,0
648750,162.8,1
648900,162.8,0
649050,162.8,0
649200,162.8,0
649350,162.8,0
649500,162.8,0
649650,162.8,0
649800,162.8,0
649950,162.8,0
650100,162.8,0
650250,162.8,0
650400,162.8,0
650550,162.8,0
650700,162.8,0
650850,162.9,0
651000,162.9,0
651150,162.9,0
651300,162.9,0
651450,162.9,0
651600,162.9,0
651750,162.9,0
651900,162.9,0
652050,162.9,0
652200,162.9,0
652350,162.9,0
652500,162.9,0
652650,162.9,0
652800,162.9,0
652950,162.9,0
653100,162.9,0
653250,162.8,0
653400,162.8,1
653550,162.8,0
653700,162.8,0
653850,162.8,0
654000,162.8,0
654150,162.7,1
654300,162.7,0
654450,162.7,0
654600,162.7,0
654750,162.7,0
654900,162.7,0
655050,162.7,0
655200,162.7,0
655350,162.6,0
655500,162.6,1
655650,162.6,0
655800,162.5,0
655950,162.5,1
656100,162.5,0
656250,162.5,0
656400,162.5,0
656550,162.5,0
656700,162.4,1
656850,162.4,0
657000,162.3,0
657150,162.3,1
657300,162.3,0
657450,162.3,0
657600,162.3,0
657750,162.3,0
657900,162.3,0
658050,162.3,0
658200,162.2,0
658350,162.2,1
658500,162.2,0
658650,162.2,0
658800,162.2,0
658950,162.2,0
659100,162.1,0
659250,162.1,1
659400,162.1,0
659550,162,1
659700,162,0
659850,162,0
660000,162,0
660150,162,0
660300,162,0
660450,162,0
660600,162,0
660750,161.9,0
660900,161.9,1
661050,161.9,0
661200,161.9,0
661350,161.9,0
661500,161.9,0
661650,161.8,1
661800,161.8,0
661950,161.7,0
662100,161.7,1
662250,161.7,0
662400,161.7,0
662550,161.7,0
662700,161.7,0
662850,161.6,1
663000,161.6,0
663150,161.6,0
663300,161.6,0
663450,161.6,0
663600,161.5,0
663750,161.5,1
663900,161.5,0
664050,161.4,0
664200,161.4,1
664350,161.4,0
664500,161.3,0
664650,161.3,1
664800,161.3,0
664950,161.3,0
665100,161.3,0
665250,161.3,0
665400,161.1,1
665550,161.1,0
665700,161,0
665850,161,1
666000,161,0
666150,160.9,0
666300,160.9,1
666450,160.9,0
666600,160.8,1
666750,160.8,0
666900,160.8,0
667050,160.7,1
667200,160.7,0
667350,160.7,0
667500,160.7,0
667650,160.7,0
667800,160.6,0
667950,160.6,1
668100,160.6,0
668250,160.5,1
668400,160.5,0
668550,160.5,0
668700,160.5,0
668850,160.5,0
669000,160.5,0
669150,160.5,0
669300,160.5,0
669450,160.5,0
669600,160.5,0
669750,160.5,0
669900,160.5,0
670050,160.5,0
670200,160.5,0
670350,160.5,0
670500,160.5,0
670650,160.5,0
670800,160.5,0
670950,160.5,0
671100,160.4,0
671250,160.4,1
671400,160.4,0
671550,160.3,0
671700,160.3,1
671850,160.3,0
672000,160.3,0
672150,160.3,0
672300,160.2,0
672450,160.2,1
672600,160.2,1
672750,160.2,0
672900,160.2,0
673050,160.2,0
673200,160.2,0
673350,160.2,0
673500,160.2,0
673650,160.1,1
673800,160.1,1
673950,160.1,0
674100,160.1,0
674250,160.1,0
674400,160,0
674550,160,1
674700,160,1
674850,160,0
675000,160,0
675150,160,0
675300,159.9,0
675450,159.9,1
675600,159.9,1
675750,159.8,1
675900,159.8,1
676050,159.8,1
676200,159.8,1
676350,159.8,1
676500,159.6,1
676650,159.6,1
676800,159.6,1
676950,159.5,1
677100,159.5,1
677250,159.5,1
677400,159.5,1
677550,159.5,1
677700,159.4,1
677850,159.4,1
678000,159.4,1
678150,159.3,1
678300,159.3,1
678450,159.3,1
678600,159.3,1
678750,159.3,1
678900,159.3,1
679050,159.1,1
679200,159.1,1
679350,159,1
679500,159,1
679650,159,1
679800,158.9,1
679950,158.9,1
680100,158.9,1
680250,158.8,1
680400,158.8,1
680550,158.8,1
680700,158.6,1
680850,158.6,1
681000,158.6,1
681150,158.6,1
681300,158.6,1
681450,158.6,1
681600,158.6,1
681750,158.6,1
681900,158.5,1
682050,158.5,1
682200,158.5,1
682350,158.5,1
682500,158.5,1
682650,158.5,1
682800,158.4,1
682950,158.4,1
683100,158.4,1
683250,158.3,1
683400,158.3,1
683550,158.3,1
683700,158.3,1
683850,158.3,1
684000,158.2,1
684150,158.2,1
684300,158.2,1
684450,158.2,1
684600,158.2,1
684750,158.2,1
684900,158.1,1
685050,158.1,1
685200,158,1
685350,158,1
685500,158,1
685650,158,1
685800,158,1
685950,158,1
686100,158,1
686250,158,1
686400,158,1
686550,158,1
686700,158,1
686850,158,1
687000,158,1
687150,158,1
687300,158,1
687450,158,1
687600,158,1
687750,158,1
687900,158,1
688050,158,1
688200,158,1
688350,158,1
688500,158.1,1
688650,158.1,0
688800,158.1,1
688950,158.1,1
689100,158.1,1
689250,158.1,1
689400,158.2,0
689550,158.2,1
689700,158.2,1
689850,158.2,1
690000,158.2,1
690150,158.3,1
690300,158.3,0
690450,158.3,1
690600,158.3,1
690750,158.3,1
690900,158.3,1
691050,158.3,1
691200,158.3,1
691350,158.3,1
691500,158.3,1
691650,158.3,1
691800,158.3,1
691950,158.3,1
692100,158.3,1
692250,158.3,1
692400,158.3,1
692550,158.3,1
692700,158.3,1
692850,158.3,1
693000,158.3,1
693150,158.3,1
693300,158.3,1
693450,158.3,1
693600,158.3,1
693750,158.3,1
693900,158.3,1
694050,158.3,1
694200,158.3,1
694350,158.4,1
694500,158.4,0
694650,158.4,1
694800,158.5,0
694950,158.5,1
695100,158.5,1
695250,158.5,1
695400,158.5,1
695550,158.5,1
695700,158.5,1
695850,158.5,1
696000,158.4,1
696150,158.4,1
696300,158.4,1
696450,158.4,1
696600,158.4,1
696750,158.4,1
696900,158.4,1
697050,158.4,1
697200,158.4,1
697350,158.6,0
697500,158.6,1
697650,158.6,1
697800,158.6,1
697950,158.6,1
698100,158.7,0
698250,158.7,1
698400,158.7,1
698550,158.9,0
698700,158.9,1
698850,158.9,1
699000,158.9,1
699150,158.9,1
699300,159,1
699450,159,0
699600,159,1
699750,159.1,0
699900,159.1,1
700050,159.1,1
700200,159.2,0
700350,159.2,1
700500,159.2,1
700650,159.3,0
700800,159.3,1
700950,159.4,1
701100,159.4,0
701250,159.4,1
701400,159.5,0
701550,159.5,1
701700,159.5,1
701850,159.6,0
702000,159.6,1
702150,159.6,1
702300,159.6,1
702450,159.6,1
702600,159.7,1
702750,159.7,0
702900,159.7,0
703050,159.7,1
703200,159.7,1
703350,159.7,1
703500,159.8,1
703650,159.8,0
703800,159.8,0
703950,159.8,1
704100,159.8,1
704250,159.9,1
704400,159.9,0
704550,159.9,0
704700,159.9,0
704850,159.9,1
705000,159.9,1
705150,159.9,1
705300,159.9,1
705450,159.9,1
705600,160,0
705750,160,0
705900,160.1,1
706050,160.1,0
706200,160.1,0
706350,160.2,1
706500,160.2,0
706650,160.2,0
706800,160.2,0
706950,160.2,1
707100,160.2,1
707250,160.3,0
707400,160.3,0
707550,160.3,0
707700,160.4,0
707850,160.4,0
708000,160.5,0
708150,160.5,0
708300,160.5,0
708450,160.5,0
708600,160.5,0
708750,160.5,0
708900,160.6,0
709050,160.6,0
709200,160.6,0
709350,160.7,0
709500,160.7,0
709650,160.7,0
709800,160.7,0
709950,160.7,0
710100,160.8,0
710250,160.8,0
710400,160.8,0
710550,160.9,0
710700,160.9,0
710850,160.9,0
711000,161.1,0
711150,161.1,0
711300,161.2,0
711450,161.2,0
711600,161.2,0
711750,161.3,0
711900,161.3,0
712050,161.3,0
712200,161.4,0
712350,161.4,0
712500,161.4,0
712650,161.5,0
712800,161.5,0
712950,161.5,0
713100,161.5,0
713250,161.5,0
713400,161.6,0
713550,161.6,0
713700,161.6,0
713850,161.6,0
714000,161.6,0
714150,161.6,0
714300,161.7,0
714450,161.7,0
714600,161.8,0
714750,161.8,0
714900,161.8,0
715050,161.8,0
715200,161.8,0
715350,161.8,0
715500,161.9,0
715650,161.9,0
715800,161.9,0
715950,162,0
716100,162,0
716250,162.1,0
716400,162.1,0
716550,162.1,0
716700,162.1,0
716850,162.1,0
717000,162.1,0
717150,162.1,0
717300,162.1,0
717450,162.1,0
717600,162.1,0
717750,162.1,0
717900,162.1,0
718050,162.1,0
718200,162.1,0
718350,162.1,0
718500,162.1,0
718650,162.1,0
718800,162.1,0
718950,162.1,0
719100,162.1,0
719250,162.1,0
719400,162.1,0
719550,162.1,0
719700,162.1,0
719850,162.1,0
720000,162.1,0
720150,162.1,0
720300,162.1,0
720450,162.1,0
720600,162.1,0
720750,162.1,0
720900,162.2,0
721050,162.2,0
721200,162.2,0
721350,162.2,0
721500,162.2,0
721650,162.2,0
721800,162.3,0
721950,162.3,0
722100,162.3,0
722250,162.3,0
722400,162.3,0
722550,162.3,0
722700,162.3,0
722850,162.3,0
723000,162.2,1
723150,162.2,0
723300,162.2,0
723450,162.2,0
723600,162.2,0
723750,162.2,0
723900,162.2,0
724050,162.2,0
724200,162.2,0
724350,162.2,0
724500,162.2,0
724650,162.2,0
724800,162.2,0
724950,162.2,0
725100,162.2,0
725250,162.2,0
725400,162.2,0
725550,162.2,0
725700,162.2,0
725850,162.2,0
726000,162.2,0
726150,162.2,0
726300,162.1,1
726450,162.1,0
726600,162.1,0
726750,162.1,0
726900,162.1,0
727050,162,0
727200,162,1
727350,162,0
727500,162,0
727650,162,0
727800,162,0
727950,162,0
728100,162,0
728250,162,0
728400,162,0
728550,162,0
728700,162,0
728850,162,0
729000,162,0
729150,161.9,0
729300,161.9,1
729450,161.9,0
729600,161.9,0
729750,161.9,0
729900,161.9,0
730050,161.9,0
730200,161.9,0
730350,161.9,0
730500,161.9,0
730650,161.9,0
730800,161.9,0
730950,161.9,0
731100,161.9,0
731250,161.9,0
731400,161.9,0
731550,161.9,0
731700,161.9,0
731850,161.9,0
732000,161.9,0
732150,161.8,1
732300,161.8,0
732450,161.8,0
732600,161.8,0
732750,161.8,0
732900,161.7,0
733050,161.7,1
733200,161.7,0
733350,161.6,1
733500,161.6,0
733650,161.6,0
733800,161.6,0
733950,161.6,0
734100,161.6,0
734250,161.5,1
734400,161.5,0
734550,161.4,0
734700,161.4,1
734850,161.4,0
735000,161.3,1
735150,161.3,0
735300,161.3,0
735450,161.3,0
735600,161.3,0
735750,161.3,0
735900,161.2,1
736050,161.2,0
736200,161.1,0
736350,161.1,1
736500,161.1,0
736650,161.1,0
736800,161.1,0
736950,161.1,0
737100,161,1
737250,161,0
737400,161,0
737550,161.1,0
737700,161.1,0
737850,161,0
738000,161,1
738150,161,0
738300,161,0
738450,161,0
738600,161,0
738750,160.9,1
738900,160.9,0
739050,160.9,0
739200,160.9,0
739350,160.9,0
739500,160.8,0
739650,160.8,1
739800,160.8,0
739950,160.8,0
740100,160.8,0
740250,160.8,0
740400,160.8,0
740550,160.8,0
740700,160.8,0
740850,160.7,1
741000,160.7,0
741150,160.7,0
741300,160.7,0
741450,160.7,0
741600,160.6,0
741750,160.6,1
741900,160.6,0
742050,160.6,0
742200,160.6,0
742350,160.6,0
742500,160.6,0
742650,160.6,0
742800,160.6,0
742950,160.6,0
743100,160.6,0
743250,160.5,0
743400,160.5,1
743550,160.5,0
743700,160.5,0
743850,160.5,0
744000,160.5,0
744150,160.5,0
744300,160.5,0
744450,160.5,0
744600,160.4,1
744750,160.4,0
744900,160.4,0
745050,160.3,1
745200,160.3,0
745350,160.3,0
745500,160.3,0
745650,160.3,0
745800,160.2,0
745950,160.2,1
746100,160.2,0
746250,160.2,0
746400,160.2,0
746550,160.2,0
746700,160.1,1
746850,160.1,1
747000,160.1,0
747150,160.1,0
747300,160.1,0
747450,160.1,0
747600,160.1,0
747750,160.1,0
747900,160.1,0
748050,160.1,0
748200,160.1,0
748350,160,1
748500,160,1
748650,160,0
748800,160,0
748950,160,0
749100,159.9,0
749250,159.9,1
749400,159.9,1
749550,159.9,0
749700,159.9,0
749850,159.9,0
750000,159.8,0
750150,159.8,1
750300,159.8,1
750450,159.7,1
750600,159.7,1
750750,159.6,1
750900,159.6,1
751050,159.6,1
751200,159.5,1
751350,159.5,1
751500,159.5,1
751650,159.4,1
751800,159.4,1
751950,159.4,1
752100,159.3,1
752250,159.3,1
752400,159.3,1
752550,159.3,1
752700,159.3,1
752850,159.2,1
753000,159.2,1
753150,159.2,1
753300,159.1,1
753450,159.1,1
753600,159.1,1
753750,159,1
753900,159,1
754050,159,1
754200,159,1
754350,159,1
754500,159,1
754650,158.9,1
754800,158.9,1
754950,158.9,1
755100,158.9,1
755250,158.9,1
755400,158.9,1
755550,158.9,1
755700,158.9,1
755850,158.8,1
756000,158.8,1
756150,158.8,1
756300,158.8,1
756450,158.8,1
756600,158.8,1
756750,158.8,1
756900,158.8,1
757050,158.8,1
757200,158.8,1
757350,158.8,1
757500,158.7,1
757650,158.7,1
757800,158.6,1
757950,158.6,1
758100,158.6,1
758250,158.6,1
758400,158.6,1
758550,158.6,1
758700,158.5,1
758850,158.5,1
759000,158.5,1
759150,158.5,1
759300,158.5,1
759450,158.4,1
759600,158.4,1
759750,158.4,1
759900,158.4,1
760050,158.4,1
760200,158.4,1
760350,158.3,1
760500,158.3,1
760650,158.3,1
760800,158.3,1
760950,158.3,1
761100,158.3,1
761250,158.3,1
761400,158.3,1
761550,158.3,1
761700,158.3,1
761850,158.3,1
762000,158.3,1
762150,158.3,1
762300,158.3,1
762450,158.3,1
762600,158.3,1
762750,158.3,1
762900,158.3,1
763050,158.3,1
763200,158.3,1
763350,158.3,1
763500,158.3,1
763650,158.3,1
763800,158.3,1
763950,158.3,1
764100,158.3,1
764250,158.3,1
764400,158.3,1
764550,158.3,1
764700,158.3,1
764850,158.3,1
765000,158.3,1
765150,158.3,1
765300,158.3,1
765450,158.3,1
765600,158.3,1
765750,158.3,1
765900,158.3,1
766050,158.3,1
766200,158.3,1
766350,158.3,1
766500,158.3,1
766650,158.3,1
766800,158.3,1
766950,158.3,1
767100,158.3,1
767250,158.3,1
767400,158.3,1
767550,158.3,1
767700,158.3,1
767850,158.3,1
768000,158.3,1
768150,158.3,1
768300,158.4,0
768450,158.4,1
768600,158.4,1
768750,158.4,1
768900,158.4,1
769050,158.5,1
769200,158.5,0
769350,158.5,1
769500,158.6,1
769650,158.6,0
769800,158.6,1
769950,158.6,1
770100,158.6,1
770250,158.6,1
770400,158.6,1
770550,158.6,1
770700,158.7,1
770850,158.7,0
771000,158.7,1
771150,158.7,1
771300,158.7,1
771450,158.7,1
771600,158.7,1
771750,158.7,1
771900,158.7,1
772050,158.8,1
772200,158.8,0
772350,158.8,1
772500,158.9,0
772650,158.9,1
772800,159,1
772950,159,0
773100,159,1
773250,159.1,1
773400,159.1,0
773550,159.1,1
773700,159.2,1
773850,159.2,0
774000,159.2,1
774150,159.3,0
774300,159.3,1
774450,159.3,1
774600,159.4,0
774750,159.4,1
774900,159.5,1
775050,159.5,0
775200,159.5,1
775350,159.5,1
775500,159.5,1
775650,159.5,1
775800,159.6,0
775950,159.6,1
776100,159.6,1
776250,159.6,1
776400,159.6,1
776550,159.8,1
776700,159.8,0
776850,159.8,0
777000,159.9,1
777150,159.9,0
777300,159.9,0
777450,160,0
777600,160,1
777750,160,1
777900,160,1
778050,160,1
778200,160.1,1
778350,160.1,0
778500,160.1,0
778650,160.2,0
778800,160.2,0
778950,160.2,0
779100,160.3,0
779250,160.3,0
779400,160.3,0
779550,160.4,0
779700,160.4,0
779850,160.4,0
780000,160.4,0
780150,160.4,0
780300,160.5,0
780450,160.5,0
780600,160.5,0
780750,160.5,0
780900,160.5,0
781050,160.5,0
781200,160.6,0
781350,160.6,0
781500,160.6,0
781650,160.6,0
781800,160.6,0
781950,160.7,0
782100,160.7,0
782250,160.7,0
782400,160.7,0
782550,160.7,0
782700,160.7,0
782850,160.8,0
783000,160.8,0
783150,160.8,0
783300,161,0
783450,161,0
783600,161,0
783750,161,0
783900,161,0
784050,161.1,0
784200,161.1,0
784350,161.1,0
784500,161.2,0
784650,161.2,0
784800,161.2,0
784950,161.2,0
785100,161.2,0
785250,161.2,0
785400,161.2,0
785550,161.2,0
785700,161.3,0
785850,161.3,0
786000,161.3,0
786150,161.3,0
786300,161.3,0
786450,161.3,0
786600,161.4,0
786750,161.4,0
786900,161.4,0
787050,161.4,0
787200,161.4,0
787350,161.5,0
787500,161.5,0
787650,161.5,0
787800,161.5,0
787950,161.5,0
788100,161.5,0
788250,161.6,0
788400,161.6,0
788550,161.6,0
788700,161.6,0
788850,161.6,0
789000,161.7,0
789150,161.7,0
789300,161.7,0
789450,161.7,0
789600,161.7,0
789750,161.7,0
789900,161.8,0
790050,161.8,0
790200,161.8,0
790350,161.9,0
790500,161.9,0
790650,161.9,0
790800,161.9,0
790950,161.9,0
791100,161.9,0
791250,161.9,0
791400,161.9,0
791550,162,0
791700,162,0
791850,162,0
792000,162,0
792150,162,0
792300,162,0
792450,162,0
792600,162,0
792750,162.1,0
792900,162.1,0
793050,162.1,0
793200,162.1,0
793350,162.1,0
793500,162.1,0
793650,162.2,0
793800,162.2,0
793950,162.2,0
794100,162.2,0
794250,162.2,0
794400,162.3,0
794550,162.3,0
794700,162.3,0
794850,162.3,0
795000,162.3,0
795150,162.3,0
795300,162.3,0
795450,162.3,0
795600,162.3,0
795750,162.3,0
795900,162.3,0
796050,162.3,0
796200,162.3,0
796350,162.3,0
796500,162.3,0
796650,162.3,0
796800,162.3,0
796950,162.4,0
797100,162.4,0
797250,162.4,0
797400,162.4,0
797550,162.4,0
797700,162.4,0
797850,162.4,0
798000,162.4,0
798150,162.4,0
798300,162.4,0
798450,162.4,0
798600,162.4,0
798750,162.4,0
798900,162.4,0
799050,162.3,1
799200,162.3,0
799350,162.3,0
799500,162.3,0
799650,162.3,0
799800,162.3,0
799950,162.3,0
800100,162.3,0
800250,162.4,0
800400,162.4,0
800550,162.4,0
800700,162.3,1
800850,162.3,0
801000,162.3,0
801150,162.3,0
801300,162.3,0
801450,162.3,0
801600,162.3,0
801750,162.3,0
801900,162.3,0
802050,162.3,0
802200,162.3,0
802350,162.3,0
802500,162.3,0
802650,162.3,0
802800,162.2,1
802950,162.2,0
803100,162.2,0
803250,162.2,0
803400,162.2,0
803550,162.1,0
803700,162.1,1
803850,162.1,0
804000,162.1,0
804150,162.1,0
804300,162.1,0
804450,162.1,0
804600,162.1,0
804750,162.1,0
804900,162,1
805050,162,0
805200,162,0
805350,162,0
805500,162,0
805650,161.9,0
805800,161.9,1
805950,161.9,0
806100,161.9,0
806250,161.9,0
806400,161.9,0
806550,161.8,1
806700,161.8,0
806850,161.8,0
807000,161.8,0
807150,161.8,0
807300,161.7,0
807450,161.7,1
807600,161.7,0
807750,161.6,0
807900,161.6,1
808050,161.6,0
808200,161.6,0
808350,161.6,0
808500,161.6,0
808650,161.5,1
808800,161.5,0
808950,161.4,0
809100,161.4,1
809250,161.4,0
809400,161.4,0
809550,161.4,0
809700,161.4,0
809850,161.3,0
810000,161.3,1
810150,161.3,0
810300,161.3,0
810450,161.3,0
810600,161.2,0
810750,161.2,1
810900,161.2,0
811050,161.1,0
811200,161.1,1
811350,161.1,0
811500,161,1
811650,161,0
811800,161,0
811950,160.9,1
812100,160.9,0
812250,160.8,0
812400,160.8,1
812550,160.8,0
812700,160.7,0
812850,160.7,1
813000,160.7,0
813150,160.6,0
813300,160.6,1
813450,160.6,0
813600,160.6,0
813750,160.6,0
813900,160.5,0
814050,160.5,1
814200,160.5,0
814350,160.4,0
814500,160.4,1
814650,160.4,0
814800,160.3,0
814950,160.3,1
815100,160.3,1
815250,160.2,1
815400,160.2,0
815550,160.2,0
815700,160.1,1
815850,160.1,1
816000,160.1,0
816150,160.1,0
816300,160.1,0
816450,160.1,0
816600,160.1,0
816750,160.1,0
816900,160.1,0
817050,160.1,0
817200,160,0
817350,160,1
817500,160,1
817650,160,0
817800,160,0
817950,160,0
818100,159.9,0
818250,159.9,1
818400,159.9,1
818550,159.8,1
818700,159.8,1
818850,159.8,1
819000,159.6,1
819150,159.6,1
819300,159.6,1
819450,159.6,0
819600,159.6,1
819750,159.5,1
819900,159.5,1
820050,159.5,1
820200,159.4,1
820350,159.4,1
820500,159.4,1
820650,159.3,1
820800,159.3,1
820950,159.3,1
821100,159.3,1
821250,159.3,1
821400,159.3,1
821550,159.3,1
821700,159.3,1
821850,159.2,1
822000,159.2,1
822150,159.2,1
822300,159.1,1
822450,159.1,1
822600,159.1,1
822750,159,1
822900,159,1
823050,159,1
823200,159,1
823350,159,1
823500,158.9,1
823650,158.9,1
823800,158.9,1
823950,158.8,1
824100,158.8,1
824250,158.8,1
824400,158.7,1
824550,158.7,1
824700,158.7,1
824850,158.6,1
825000,158.6,1
825150,158.6,1
825300,158.6,1
825450,158.6,1
825600,158.5,1
825750,158.5,1
825900,158.5,1
826050,158.4,1
826200,158.4,1
826350,158.4,1
826500,158.4,1
826650,158.4,1
826800,158.3,1
826950,158.3,1
827100,158.3,1
827250,158.3,1
827400,158.3,1
827550,158.3,1
827700,158.3,1
827850,158.3,1
828000,158.3,1
828150,158.3,1
828300,158.3,1
828450,158.3,1
828600,158.3,1
828750,158.3,1
828900,158.3,1
829050,158.3,1
829200,158.3,1
829350,158.3,1
829500,158.3,1
829650,158.3,1
829800,158.2,1
829950,158.2,1
830100,158.2,1
830250,158.1,1
830400,158.1,1
830550,158.1,1
830700,158.1,1
830850,158.1,1
831000,158.1,1
831150,158.1,1
831300,158.1,1
831450,158.1,1
831600,158.1,1
831750,158.1,1
831900,158.1,1
832050,158.1,1
832200,158.1,1
832350,158.1,1
832500,158.1,1
832650,158.1,1
832800,158.1,1
832950,158.1,1
833100,158.1,1
833250,158.1,1
833400,158.1,1
833550,158.1,1
833700,158.1,1
833850,158.2,1
834000,158.2,0
834150,158.2,1
834300,158.2,1
834450,158.2,1
834600,158.2,1
834750,158.3,0
834900,158.3,1
835050,158.3,1
835200,158.3,1
835350,158.3,1
835500,158.3,1
835650,158.3,1
835800,158.3,1
835950,158.4,1
836100,158.4,0
836250,158.4,1
836400,158.4,1
836550,158.4,1
836700,158.4,1
836850,158.4,1
837000,158.4,1
837150,158.4,1
837300,158.4,1
837450,158.4,1
837600,158.4,1
837750,158.4,1
837900,158.4,1
838050,158.4,1
838200,158.4,1
838350,158.4,1
838500,158.5,1
838650,158.5,0
838800,158.5,1
838950,158.6,0
839100,158.6,1
839250,158.6,1
839400,158.7,0
839550,158.7,1
839700,158.8,1
839850,158.8,0
840000,158.8,1
840150,158.8,1
840300,158.8,1
840450,158.8,1
840600,159,0
840750,159,1
840900,159,1
841050,159,1
841200,159,1
841350,159.2,1
841500,159.2,0
841650,159.2,1
841800,159.3,1
841950,159.3,0
842100,159.3,1
842250,159.4,0
842400,159.4,1
842550,159.5,1
842700,159.5,0
842850,159.5,1
843000,159.6,1
843150,159.6,0
843300,159.6,1
843450,159.7,1
843600,159.7,0
843750,159.7,1
843900,159.8,0
844050,159.8,1
844200,159.8,1
844350,159.8,1
844500,159.8,1
844650,159.9,1
844800,159.9,0
844950,159.9,0
845100,160,0
845250,160,1
845400,160,1
845550,160,1
845700,160,1
845850,160,1
846000,160,1
846150,160,1
846300,160.1,1
846450,160.1,0
846600,160.1,0
846750,160.1,0
846900,160.1,1
847050,160.1,1
847200,160.2,0
847350,160.2,0
847500,160.2,0
847650,160.3,0
847800,160.3,0
847950,160.3,0
848100,160.3,0
848250,160.3,0
848400,160.3,0
848550,160.3,0
848700,160.3,0
848850,160.5,0
849000,160.5,0
849150,160.5,0
849300,160.6,0
849450,160.6,0
849600,160.6,0
849750,160.7,0
849900,160.7,0
850050,160.7,0
850200,160.7,0
850350,160.7,0
850500,160.8,0
850650,160.8,0
850800,160.8,0
850950,160.9,0
851100,160.9,0
851250,160.9,0
851400,161,0
851550,161,0
851700,161,0
851850,161.1,0
852000,161.1,0
852150,161.2,0
852300,161.2,0
852450,161.2,0
852600,161.3,0
852750,161.3,0
852900,161.3,0
853050,161.4,0
853200,161.4,0
853350,161.6,0
853500,161.6,0
853650,161.6,0
853800,161.7,0
853950,161.7,0
854100,161.7,0
854250,161.8,0
854400,161.8,0
854550,161.8,0
854700,161.8,0
854850,161.8,0
855000,161.9,0
855150,161.9,0
855300,161.9,0
855450,162,0
855600,162,0
855750,162,0
855900,162,0
856050,162,0
856200,162,0
856350,162.1,0
856500,162.1,0
856650,162.1,0
856800,162.2,0
856950,162.2,0
857100,162.3,0
857250,162.3,0
857400,162.3,0
857550,162.3,0
857700,162.3,0
857850,162.3,0
858000,162.4,0
858150,162.4,0
858300,162.4,0
858450,162.5,0
858600,162.5,0
858750,162.5,0
858900,162.5,0
859050,162.5,0
859200,162.5,0
859350,162.5,0
859500,162.5,0
859650,162.5,0
859800,162.5,0
859950,162.5,0
860100,162.5,0
860250,162.5,0
860400,162.5,0
860550,162.5,0
860700,162.5,0
860850,162.6,0
861000,162.6,0
861150,162.6,0
861300,162.7,0
861450,162.7,0
861600,162.7,0
861750,162.8,0
861900,162.8,0
862050,162.8,0
862200,162.8,0
862350,162.8,0
862500,162.9,0
862650,162.9,0
862800,162.9,0
862950,162.9,0
863100,162.9,0
863250,162.9,0
863400,163,0
863550,163,0
863700,163,0
863850,163,0
864000,163,0
864150,163,0
864300,163,0
864450,163,0
864600,163,0
864750,163,0
864900,163,0
865050,163,0
865200,163,0
865350,163,0
865500,163,0
865650,163,0
865800,163,0
865950,163,0
866100,163,0
866250,163,0
866400,163,0
866550,163,0
866700,163,0
866850,163,0
867000,163,0
867150,162.9,0
867300,162.9,1
867450,162.9,0
867600,162.9,0
867750,162.9,0
867900,162.9,0
868050,162.8,1
868200,162.8,0
868350,162.8,0
868500,162.8,0
868650,162.8,0
868800,162.8,0
868950,162.8,0
869100,162.8,0
869250,162.7,1
869400,162.7,0
869550,162.7,0
869700,162.7,0
869850,162.7,0
870000,162.6,0
870150,162.6,1
870300,162.6,0
870450,162.6,0
870600,162.6,0
870750,162.6,0
870900,162.6,0
871050,162.6,0
871200,162.6,0
871350,162.6,0
871500,162.6,0
871650,162.6,0
871800,162.6,0
871950,162.6,0
872100,162.6,0
872250,162.6,0
872400,162.6,0
872550,162.6,0
872700,162.6,0
872850,162.6,0
873000,162.5,1
873150,162.5,0
873300,162.4,0
873450,162.4,1
873600,162.4,0
873750,162.4,0
873900,162.4,0
874050,162.4,0
874200,162.3,1
874350,162.3,0
874500,162.3,0
874650,162.3,0
874800,162.3,0
874950,162.3,0
875100,162.3,0
875250,162.3,0
875400,162.3,0
875550,162.3,0
875700,162.3,0
875850,162.3,0
876000,162.3,0
876150,162.3,0
876300,162.2,1
876450,162.2,0
876600,162.2,0
876750,162.2,0
876900,162.2,0
877050,162.1,0
877200,162.1,1
877350,162.1,0
877500,162.1,0
877650,162.1,0
877800,162.1,0
877950,162,1
878100,162,0
878250,162,0
878400,162,0
878550,162,0
878700,161.9,0
878850,161.9,1
879000,161.9,0
879150,161.8,0
879300,161.8,1
879450,161.8,0
879600,161.7,0
879750,161.7,1
879900,161.7,0
880050,161.6,1
880200,161.6,0
880350,161.6,0
880500,161.6,0
880650,161.6,0
880800,161.5,0
880950,161.5,1
881100,161.5,0
881250,161.5,0
881400,161.5,0
881550,161.5,0
881700,161.4,1
881850,161.4,0
882000,161.3,0
882150,161.3,1
882300,161.3,0
882450,161.3,0
882600,161.3,0
882750,161.3,0
882900,161.2,0
883050,161.2,1
883200,161.2,0
883350,161.1,1
883500,161.1,0
883650,161,0
883800,161,1
883950,161,0
884100,161,0
884250,161,0
884400,161,0
884550,161,0
884700,161,0
884850,161,0
885000,160.9,1
885150,160.9,0
885300,160.9,0
885450,160.8,1
885600,160.8,0
885750,160.7,0
885900,160.7,1
886050,160.7,0
886200,160.7,0
886350,160.7,0
886500,160.7,0
886650,160.7,0
886800,160.7,0
886950,160.7,0
887100,160.6,1
887250,160.6,0
887400,160.6,0
887550,160.5,1
887700,160.5,0
887850,160.5,0
888000,160.5,0
888150,160.5,0
888300,160.4,0
888450,160.4,1
888600,160.4,0
888750,160.3,0
888900,160.3,1
889050,160.3,1
889200,160.2,1
889350,160.2,0
889500,160.2,0
889650,160.1,1
889800,160.1,1
889950,160,0
890100,160,1
890250,160,1
890400,159.9,1
890550,159.9,1
890700,159.9,0
890850,159.7,1
891000,159.7,1
891150,159.6,1
891300,159.6,1
891450,159.6,1
891600,159.5,1
891750,159.5,1
891900,159.5,1
892050,159.4,1
892200,159.4,1
892350,159.4,1
892500,159.4,1
892650,159.4,1
892800,159.3,1
892950,159.3,1
893100,159.3,1
893250,159.3,1
893400,159.3,1
893550,159.3,1
893700,159.3,1
893850,159.3,1
894000,159.3,1
894150,159.3,1
894300,159.3,1
894450,159.3,1
894600,159.2,1
894750,159.2,1
894900,159.1,1
895050,159.1,1
895200,159.1,1
895350,159,1
895500,159,1
895650,159,1
895800,159,1
895950,159,1
896100,159,1
896250,158.9,1
896400,158.9,1
896550,158.9,1
896700,158.8,1
896850,158.8,1
897000,158.7,1
897150,158.7,1
897300,158.7,1
897450,158.6,1
897600,158.6,1
897750,158.6,1
897900,158.5,1
898050,158.5,1
898200,158.5,1
898350,158.4,1
898500,158.4,1
898650,158.4,1
898800,158.4,1
898950,158.4,1
899100,158.3,1
899250,158.3,1
899400,158.3,1
899550,158.3,1
899700,158.3,1
899850,158.2,1
900000,158.2,1
900150,158.2,1
900300,158.1,1
900450,158.1,1
900600,158.1,1
900750,158.1,1
900900,158.1,1
901050,158.1,1
901200,158,1
901350,158,1
901500,158,1
901650,158,1
901800,158,1
901950,158,1
902100,158,1
902250,158,1
902400,157.9,1
902550,157.9,1
902700,157.9,1
902850,157.8,1
903000,157.8,1
903150,157.8,1
903300,157.8,1
903450,157.8,1
903600,157.8,1
903750,157.8,1
903900,157.8,1
904050,157.8,1
904200,157.8,1
904350,157.8,1
904500,157.8,1
904650,157.8,1
904800,157.8,1
904950,157.8,1
905100,157.8,1
905250,157.8,1
905400,157.8,1
905550,157.8,1
905700,157.9,1
905850,157.9,0
906000,157.9,1
906150,157.9,1
906300,157.9,1
906450,157.9,1
906600,157.9,1
906750,157.9,1
906900,157.9,1
907050,158,0
907200,158,1
907350,158,1
907500,158.1,0
907650,158.1,1
907800,158.2,1
907950,158.2,0
908100,158.2,1
908250,158.2,1
908400,158.2,1
908550,158.2,1
908700,158.3,1
908850,158.3,0
909000,158.3,1
909150,158.3,1
909300,158.3,1
909450,158.3,1
909600,158.3,1
909750,158.3,1
909900,158.3,1
910050,158.3,1
910200,158.3,1
910350,158.3,1
910500,158.3,1
910650,158.3,1
910800,158.3,1
910950,158.3,1
911100,158.4,1
911250,158.4,0
911400,158.4,1
911550,158.4,1
911700,158.4,1
911850,158.4,1
912000,158.5,0
912150,158.5,1
912300,158.5,1
912450,158.6,0
912600,158.6,1
912750,158.6,1
912900,158.6,1
913050,158.6,1
913200,158.6,1
913350,158.6,1
913500,158.6,1
913650,158.8,1
913800,158.8,0
913950,158.8,1
914100,158.8,1
914250,158.8,1
914400,158.8,1
914550,158.8,1
914700,158.8,1
914850,158.9,1
915000,158.9,0
915150,158.9,1
915300,158.9,1
915450,158.9,1
915600,158.9,1
915750,159,0
915900,159,1
916050,159,1
916200,159,1
916350,159,1
916500,159.1,1
916650,159.1,0
916800,159.1,1
916950,159.3,1
917100,159.3,0
917250,159.3,1
917400,159.4,0
917550,159.4,1
917700,159.4,1
917850,159.5,0
918000,159.5,1
918150,159.5,1
918300,159.6,0
918450,159.6,1
918600,159.6,1
918750,159.6,1
918900,159.6,1
919050,159.7,0
919200,159.7,1
919350,159.7,1
919500,159.8,0
919650,159.8,0
919800,160,1
919950,160,0
920100,160,0
920250,160,1
920400,160,1
920550,160,1
920700,160,1
920850,160,1
921000,160,1
921150,160.1,0
921300,160.1,0
921450,160.1,0
921600,160.2,0
921750,160.2,0
921900,160.2,0
922050,160.2,1
922200,160.2,0
922350,160.4,0
922500,160.4,0
922650,160.4,0
922800,160.5,0
922950,160.5,0
923100,160.5,0
923250,160.6,0
923400,160.6,0
923550,160.6,0
923700,160.7,0
923850,160.7,0
924000,160.8,0
924150,160.8,0
924300,160.8,0
924450,160.9,0
924600,160.9,0
924750,160.9,0
924900,161,0
925050,161,0
925200,161,0
925350,161.1,0
925500,161.1,0
925650,161.1,0
925800,161.1,0
925950,161.1,0
926100,161.2,0
926250,161.2,0
926400,161.2,0
926550,161.3,0
926700,161.3,0
926850,161.3,0
927000,161.3,0
927150,161.3,0
927300,161.3,0
927450,161.4,0
927600,161.4,0
927750,161.5,0
927900,161.5,0
928050,161.5,0
928200,161.6,0
928350,161.6,0
928500,161.6,0
928650,161.6,0
928800,161.6,0
928950,161.7,0
929100,161.7,0
929250,161.7,0
929400,161.7,0
929550,161.7,0
929700,161.7,0
929850,161.8,0
930000,161.8,0
930150,161.8,0
930300,161.9,0
930450,161.9,0
930600,161.9,0
930750,162,0
930900,162,0
931050,162.1,0
931200,162.1,0
931350,162.1,0
931500,162.1,0
931650,162.1,0
931800,162.1,0
931950,162.2,0
932100,162.2,0
932250,162.2,0
932400,162.3,0
932550,162.3,0
932700,162.3,0
932850,162.3,0
933000,162.3,0
933150,162.4,0
933300,162.4,0
933450,162.4,0
933600,162.4,0
933750,162.4,0
933900,162.4,0
934050,162.4,0
934200,162.4,0
934350,162.4,0
934500,162.5,0
934650,162.5,0
934800,162.5,0
934950,162.6,0
935100,162.6,0
935250,162.6,0
935400,162.6,0
935550,162.6,0
935700,162.6,0
935850,162.6,0
936000,162.6,0
936150,162.6,0
936300,162.6,0
936450,162.7,0
936600,162.7,0
936750,162.7,0
936900,162.7,0
937050,162.7,0
937200,162.7,0
937350,162.7,0
937500,162.7,0
937650,162.7,0
937800,162.7,0
937950,162.7,0
938100,162.7,0
938250,162.7,0
938400,162.7,0
938550,162.7,0
938700,162.7,0
938850,162.7,0
939000,162.7,0
939150,162.7,0
939300,162.8,0
939450,162.8,0
939600,162.8,0
939750,162.8,0
939900,162.8,0
940050,162.8,0
940200,162.8,0
940350,162.8,0
940500,162.8,0
940650,162.9,0
940800,162.9,0
940950,162.9,0
941100,162.9,0
941250,162.9,0
941400,162.9,0
941550,162.9,0
941700,162.9,0
941850,162.9,0
942000,162.9,0
942150,162.9,0
942300,163,0
942450,163,0
942600,163,0
942750,163,0
942900,163,0
943050,163,0
943200,163,0
943350,163,0
943500,163,0
943650,163,0
943800,163,0
943950,163,0
944100,163,0
944250,163,0
944400,163,0
944550,163,0
944700,162.9,0
944850,162.9,1
945000,162.9,0
945150,162.9,0
945300,162.9,0
945450,162.8,0
945600,162.8,1
945750,162.8,0
945900,162.8,0
946050,162.8,0
946200,162.8,0
946350,162.8,0
946500,162.8,0
946650,162.7,0
946800,162.7,1
946950,162.7,0
947100,162.7,0
947250,162.7,0
947400,162.7,0
947550,162.6,1
947700,162.6,0
947850,162.6,0
948000,162.6,0
948150,162.6,0
948300,162.6,0
948450,162.6,0
948600,162.6,0
948750,162.6,0
948900,162.6,0
949050,162.5,0
949200,162.5,1
949350,162.5,0
949500,162.5,0
949650,162.5,0
949800,162.5,0
949950,162.4,1
