time,temperatura
150,60.8
300,60.7
450,60.7
600,60.7
750,60.6
900,60.6
1050,60.6
1200,60.6
1350,60.6
1500,60.5
1650,60.5
1800,60.5
1950,60.5
2100,60.5
2250,60.4
2400,60.4
2550,60.4
2700,60.4
2850,60.4
3000,60.3
3150,60.3
3300,60.3
3450,60.3
3600,60.3
3750,60.3
3900,60.3
4050,60.3
4200,60.3
4350,60.3
4500,60.3
4650,60.3
4800,60.3
4950,60.4
5100,60.4
5250,60.4
5400,60.4
5550,60.4
5700,60.5
5850,60.5
6000,60.5
6150,60.5
6300,60.5
6450,60.6
6600,60.6
6750,60.6
6900,60.6
7050,60.6
7200,60.6
7350,60.6
7500,60.6
7650,60.6
7800,60.6
7950,60.6
8100,60.7
8250,60.7
8400,60.7
8550,60.7
8700,60.7
8850,60.7
9000,60.7
9150,60.7
9300,60.8
9450,60.8
9600,60.8
9750,60.8
9900,60.8
10050,60.9
10200,60.9
10350,60.8
10500,60.8
10650,60.8
10800,60.8
10950,60.8
11100,60.8
11250,60.9
11400,60.9
11550,61
11700,61
11850,61
12000,61
12150,61
12300,61.2
12450,61.2
12600,61.2
12750,61.2
12900,61.2
13050,61.4
13200,61.4
13350,61.4
13500,61.4
13650,61.4
13800,61.4
13950,61.4
14100,61.4
14250,61.4
14400,61.4
14550,61.4
14700,61.5
14850,61.5
15000,61.6
15150,61.6
15300,61.6
15450,61.7
15600,61.7
15750,61.7
15900,61.8
16050,61.8
16200,61.8
16350,61.8
16500,61.8
16650,62
16800,62
16950,62.1
17100,62.1
17250,62.1
17400,62.2
17550,62.2
17700,62.3
17850,62.3
18000,62.3
18150,62.4
18300,62.4
18450,62.5
18600,62.5
18750,62.5
18900,62.7
19050,62.7
19200,62.7
19350,62.8
19500,62.8
19650,63
19800,63
19950,63
20100,63.1
20250,63.1
20400,63.2
20550,63.2
20700,63.2
20850,63.4
21000,63.4
21150,63.4
21300,63.6
21450,63.6
21600,63.7
21750,63.7
21900,63.7
22050,63.9
22200,63.9
22350,63.9
22500,64.1
22650,64.1
22800,64.2
22950,64.2
23100,64.2
23250,64.4
23400,64.4
23550,64.5
23700,64.5
23850,64.5
24000,64.7
24150,64.7
24300,64.9
24450,64.9
24600,64.9
24750,65
24900,65
25050,65
25200,65.2
25350,65.2
25500,65.5
25650,65.5
25800,65.5
25950,65.7
26100,65.7
26250,65.7
26400,65.9
26550,65.9
26700,66.1
26850,66.1
27000,66.1
27150,66.3
27300,66.3
27450,66.5
27600,66.5
27750,66.5
27900,66.7
28050,66.7
28200,66.9
28350,66.9
28500,66.9
28650,67.1
28800,67.1
28950,67.3
29100,67.3
29250,67.3
29400,67.5
29550,67.5
29700,67.5
29850,67.8
30000,67.8
30150,68
30300,68
30450,68
30600,68.1
30750,68.1
30900,68.1
31050,68.2
31200,68.2
31350,68.4
31500,68.4
31650,68.4
31800,68.6
31950,68.6
32100,68.8
32250,68.8
32400,68.8
32550,69.1
32700,69.1
32850,69.3
33000,69.3
33150,69.3
33300,69.6
33450,69.6
33600,69.8
33750,69.8
33900,69.8
34050,70
34200,70
34350,70
34500,70.3
34650,70.3
34800,70.5
34950,70.5
35100,70.5
35250,70.7
35400,70.7
35550,70.7
35700,71
35850,71
36000,71.3
36150,71.3
36300,71.3
36450,71.5
36600,71.5
36750,71.5
36900,71.8
37050,71.8
37200,72.1
37350,72.1
37500,72.1
37650,72.3
37800,72.3
37950,72.5
38100,72.5
38250,72.5
38400,72.8
38550,72.8
38700,72.8
38850,73.1
39000,73.1
39150,73.3
39300,73.3
39450,73.3
39600,73.6
39750,73.6
39900,73.8
40050,73.8
40200,73.8
40350,74.1
40500,74.1
40650,74.3
40800,74.3
40950,74.3
41100,74.6
41250,74.6
41400,74.9
41550,74.9
41700,74.9
41850,75.1
42000,75.1
42150,75.4
42300,75.4
42450,75.4
42600,75.6
42750,75.6
42900,75.6
43050,75.9
43200,75.9
43350,76.2
43500,76.2
43650,76.2
43800,76.4
43950,76.4
44100,76.4
44250,76.7
44400,76.7
44550,77
44700,77
44850,77
45000,77.2
45150,77.2
45300,77.5
45450,77.5
45600,77.5
45750,77.8
45900,77.8
46050,78
46200,78
46350,78
46500,78.3
46650,78.3
46800,78.3
46950,78.6
47100,78.6
47250,78.9
47400,78.9
47550,78.9
47700,79.2
47850,79.2
48000,79.4
48150,79.4
48300,79.4
48450,79.7
48600,79.7
48750,80
48900,80
49050,80
49200,80.3
49350,80.3
49500,80.3
49650,80.5
49800,80.5
49950,80.8
50100,80.8
50250,80.8
50400,81.1
50550,81.1
50700,81.4
50850,81.4
51000,81.4
51150,81.6
51300,81.6
51450,81.9
51600,81.9
51750,81.9
51900,82.1
52050,82.1
52200,82.1
52350,82.4
52500,82.4
52650,82.7
52800,82.7
52950,82.7
53100,82.9
53250,82.9
53400,82.9
53550,83.2
53700,83.2
53850,83.5
54000,83.5
54150,83.5
54300,83.7
54450,83.7
54600,84
54750,84
54900,84
55050,84.2
55200,84.2
55350,84.2
55500,84.5
55650,84.5
55800,84.8
55950,84.8
56100,85
56250,85
56400,85
56550,85.3
56700,85.3
56850,85.3
57000,85.6
57150,85.6
57300,85.9
57450,85.9
57600,85.9
57750,86.2
57900,86.2
58050,86.4
58200,86.4
58350,86.4
58500,86.7
58650,86.7
58800,86.7
58950,87
59100,87
59250,87.2
59400,87.2
59550,87.2
59700,87.5
59850,87.5
60000,87.8
60150,87.8
60300,87.8
60450,88.1
60600,88.1
60750,88.1
60900,88.4
61050,88.4
61200,88.7
61350,88.7
61500,88.7
61650,89
61800,89
61950,89.2
62100,89.2
62250,89.2
62400,89.5
62550,89.5
62700,89.5
62850,89.8
63000,89.8
63150,90.1
63300,90.1
63450,90.1
63600,90.4
63750,90.4
63900,90.6
64050,90.6
64200,90.6
64350,90.9
64500,90.9
64650,90.9
64800,91.1
64950,91.1
65100,91.4
65250,91.4
65400,91.4
65550,91.7
65700,91.7
65850,91.7
66000,92
66150,92
66300,92.2
66450,92.2
66600,92.2
66750,92.6
66900,92.6
67050,92.8
67200,92.8
67350,92.8
67500,93
67650,93
67800,93
67950,93.3
68100,93.3
68250,93.6
68400,93.6
68550,93.6
68700,93.8
68850,93.8
69000,94.1
69150,94.1
69300,94.1
69450,94.4
69600,94.4
69750,94.6
69900,94.6
70050,94.6
70200,94.8
70350,94.8
70500,95.1
70650,95.1
70800,95.1
70950,95.3
71100,95.3
71250,95.3
71400,95.6
71550,95.6
71700,95.9
71850,95.9
72000,95.9
72150,96.2
72300,96.2
72450,96.4
72600,96.4
72750,96.4
72900,96.7
73050,96.7
73200,96.7
73350,96.8
73500,96.8
73650,97.1
73800,97.1
73950,97.1
74100,97.4
74250,97.4
74400,97.4
74550,97.6
74700,97.6
74850,97.8
75000,97.8
75150,97.8
75300,98.1
75450,98.1
75600,98.4
75750,98.4
75900,98.4
76050,98.6
76200,98.6
76350,98.9
76500,98.9
76650,98.9
76800,99.1
76950,99.1
77100,99.1
77250,99.4
77400,99.4
77550,99.7
77700,99.7
77850,99.7
78000,99.9
78150,99.9
78300,100.2
78450,100.2
78600,100.2
78750,100.5
78900,100.5
79050,100.7
79200,100.7
79350,100.7
79500,101
79650,101
79800,101
79950,101.2
80100,101.2
80250,101.5
80400,101.5
80550,101.5
80700,101.8
80850,101.8
81000,102
81150,102
81300,102
81450,102.3
81600,102.3
81750,102.3
81900,102.5
82050,102.5
82200,102.8
82350,102.8
82500,102.8
82650,103
82800,103
82950,103.3
83100,103.3
83250,103.3
83400,103.5
83550,103.5
83700,103.8
83850,103.8
84000,103.8
84150,104.1
84300,104.1
84450,104.1
84600,104.3
84750,104.3
84900,104.6
85050,104.6
85200,104.6
85350,104.9
85500,104.9
85650,105.2
85800,105.2
85950,105.2
86100,105.4
86250,105.4
86400,105.4
86550,105.7
86700,105.7
86850,105.9
87000,105.9
87150,105.9
87300,106.1
87450,106.1
87600,106.4
87750,106.4
87900,106.4
88050,106.7
88200,106.7
88350,106.7
88500,106.9
88650,106.9
88800,107.2
88950,107.2
89100,107.2
89250,107.4
89400,107.4
89550,107.4
89700,107.6
89850,107.6
90000,107.9
90150,107.9
90300,107.9
90450,108.1
90600,108.1
90750,108.3
90900,108.3
91050,108.3
91200,108.6
91350,108.6
91500,108.6
91650,108.8
91800,108.8
91950,109.1
92100,109.1
92250,109.1
92400,109.3
92550,109.3
92700,109.6
92850,109.6
93000,109.6
93150,109.9
93300,109.9
93450,110.1
93600,110.1
93750,110.1
93900,110.3
94050,110.3
94200,110.3
94350,110.6
94500,110.6
94650,110.9
94800,110.9
94950,110.9
95100,111.1
95250,111.1
95400,111.4
95550,111.4
95700,111.4
95850,111.6
96000,111.6
96150,111.6
96300,111.9
96450,111.9
96600,112.1
96750,112.1
96900,112.1
97050,112.3
97200,112.3
97350,112.6
97500,112.6
97650,112.6
97800,112.8
97950,112.8
98100,113.1
98250,113.1
98400,113.1
98550,113.3
98700,113.3
98850,113.6
99000,113.6
99150,113.6
99300,113.8
99450,113.8
99600,113.8
99750,114.1
99900,114.1
100050,114.3
100200,114.3
100350,114.3
100500,114.5
100650,114.5
100800,114.7
100950,114.7
101100,114.7
101250,114.9
101400,114.9
101550,114.9
101700,115.1
101850,115.1
102000,115.3
102150,115.3
102300,115.3
102450,115.5
102600,115.5
102750,115.5
102900,115.7
103050,115.7
103200,115.9
103350,115.9
103500,115.9
103650,116.2
103800,116.2
103950,116.4
104100,116.4
104250,116.4
104400,116.6
104550,116.6
104700,116.9
104850,116.9
105000,116.9
105150,117.1
105300,117.1
105450,117.1
105600,117.3
105750,117.3
105900,117.3
106050,117.5
106200,117.5
106350,117.7
106500,117.7
106650,117.7
106800,117.9
106950,117.9
107100,117.9
107250,118.1
107400,118.1
107550,118.1
107700,118.3
107850,118.3
108000,118.5
108150,118.5
108300,118.5
108450,118.7
108600,118.7
108750,118.7
108900,119
109050,119
109200,119
109350,119.2
109500,119.2
109650,119.2
109800,119.4
109950,119.4
110100,119.6
110250,119.6
110400,119.6
110550,119.8
110700,119.8
110850,119.8
111000,120
111150,120
111300,120
111450,120.2
111600,120.2
111750,120.2
111900,120.4
112050,120.4
112200,120.4
112350,120.6
112500,120.6
112650,120.8
112800,120.8
112950,120.8
113100,121
113250,121
113400,121
113550,121.1
113700,121.1
113850,121.1
114000,121.3
114150,121.3
114300,121.6
114450,121.6
114600,121.6
114750,121.8
114900,121.8
115050,121.8
115200,122
115350,122
115500,122
115650,122.2
115800,122.2
115950,122.2
116100,122.5
116250,122.5
116400,122.7
116550,122.7
116700,122.7
116850,122.8
117000,122.8
117150,122.8
117300,123
117450,123
117600,123
117750,123.3
117900,123.3
118050,123.3
118200,123.5
118350,123.5
118500,123.7
118650,123.7
118800,123.7
118950,124
119100,124
119250,124
119400,124.3
119550,124.3
119700,124.3
119850,124.4
120000,124.4
120150,124.4
120300,124.6
120450,124.6
120600,124.6
120750,124.8
120900,124.8
121050,125
121200,125
121350,125
121500,125.2
121650,125.2
121800,125.2
121950,125.5
122100,125.5
122250,125.5
122400,125.7
122550,125.7
122700,125.7
122850,125.8
123000,125.8
123150,126
123300,126
123450,126
123600,126.2
123750,126.2
123900,126.2
124050,126.4
124200,126.4
124350,126.4
124500,126.5
124650,126.5
124800,126.5
124950,126.7
125100,126.7
125250,127
125400,127
125550,127
125700,127.1
125850,127.1
126000,127.1
126150,127.3
126300,127.3
126450,127.3
126600,127.6
126750,127.6
126900,127.6
127050,127.8
127200,127.8
127350,128
127500,128
127650,128
127800,128.1
127950,128.1
128100,128.1
128250,128.3
128400,128.3
128550,128.3
128700,128.5
128850,128.5
129000,128.7
129150,128.7
129300,128.7
129450,128.9
129600,128.9
129750,128.9
129900,129
130050,129
130200,129
130350,129.2
130500,129.2
130650,129.2
130800,129.4
130950,129.4
131100,129.4
131250,129.6
131400,129.6
131550,129.6
131700,129.9
131850,129.9
132000,130.1
132150,130.1
132300,130.1
132450,130.2
132600,130.2
132750,130.2
132900,130.4
133050,130.4
133200,130.4
133350,130.6
133500,130.6
133650,130.7
133800,130.7
133950,130.7
134100,130.8
134250,130.8
134400,130.8
134550,131
134700,131
134850,131
135000,131.2
135150,131.2
135300,131.3
135450,131.3
135600,131.3
135750,131.5
135900,131.5
136050,131.5
136200,131.7
136350,131.7
136500,131.7
136650,131.9
136800,131.9
136950,131.9
137100,132.1
137250,132.1
137400,132.3
137550,132.3
137700,132.3
137850,132.5
138000,132.5
138150,132.5
138300,132.6
138450,132.6
138600,132.6
138750,132.7
138900,132.7
139050,132.7
139200,132.9
139350,132.9
139500,132.9
139650,133
139800,133
139950,133.2
140100,133.2
140250,133.2
140400,133.3
140550,133.3
140700,133.3
140850,133.5
141000,133.5
141150,133.5
141300,133.6
141450,133.6
141600,133.6
141750,133.7
141900,133.7
142050,133.7
142200,133.9
142350,133.9
142500,134
142650,134
142800,134
142950,134.2
143100,134.2
143250,134.2
143400,134.3
143550,134.3
143700,134.3
143850,134.5
144000,134.5
144150,134.7
144300,134.7
144450,134.7
144600,134.8
144750,134.8
144900,134.8
145050,134.9
145200,134.9
145350,134.9
145500,135.1
145650,135.1
145800,135.1
145950,135.3
146100,135.3
146250,135.5
146400,135.5
146550,135.5
146700,135.6
146850,135.6
147000,135.6
147150,135.8
147300,135.8
147450,135.8
147600,135.9
147750,135.9
147900,135.9
148050,136
148200,136
148350,136.2
148500,136.2
148650,136.2
148800,136.3
148950,136.3
149100,136.3
149250,136.5
149400,136.5
149550,136.5
149700,136.6
149850,136.6
150000,136.6
150150,136.8
150300,136.8
150450,136.8
150600,137
150750,137
150900,137.1
151050,137.1
151200,137.1
151350,137.2
151500,137.2
151650,137.2
151800,137.3
151950,137.3
152100,137.3
152250,137.5
152400,137.5
152550,137.6
152700,137.6
152850,137.6
153000,137.8
153150,137.8
153300,137.8
153450,138
153600,138
153750,138
153900,138.1
154050,138.1
154200,138.1
154350,138.3
154500,138.3
154650,138.4
154800,138.4
154950,138.4
155100,138.6
155250,138.6
155400,138.6
155550,138.7
155700,138.7
155850,138.7
156000,138.9
156150,138.9
156300,138.9
156450,139.1
156600,139.1
156750,139.2
156900,139.2
157050,139.2
157200,139.3
157350,139.3
157500,139.3
157650,139.5
157800,139.5
157950,139.5
158100,139.7
158250,139.7
158400,139.7
158550,139.9
158700,139.9
158850,139.9
159000,140
159150,140
159300,140.2
159450,140.2
159600,140.2
159750,140.3
159900,140.3
160050,140.3
160200,140.4
160350,140.4
160500,140.4
160650,140.6
160800,140.6
160950,140.6
161100,140.7
161250,140.7
161400,140.8
161550,140.8
161700,140.8
161850,141
162000,141
162150,141
162300,141.1
162450,141.1
162600,141.1
162750,141.3
162900,141.3
163050,141.4
163200,141.4
163350,141.4
163500,141.6
163650,141.6
163800,141.6
163950,141.7
164100,141.7
164250,141.7
164400,141.9
164550,141.9
164700,141.9
164850,142
165000,142
165150,142
165300,142.2
165450,142.2
165600,142.3
165750,142.3
165900,142.3
166050,142.4
166200,142.4
166350,142.4
166500,142.6
166650,142.6
166800,142.6
166950,142.6
167100,142.6
167250,142.7
167400,142.7
167550,142.7
167700,142.8
167850,142.8
168000,142.8
168150,142.9
168300,142.9
168450,142.9
168600,143
168750,143
168900,143
169050,143.1
169200,143.1
169350,143.3
169500,143.3
169650,143.3
169800,143.4
169950,143.4
170100,143.4
170250,143.6
170400,143.6
170550,143.7
170700,143.7
170850,143.7
171000,143.9
171150,143.9
171300,144
171450,144
171600,144
171750,144.2
171900,144.2
172050,144.2
172200,144.3
172350,144.3
172500,144.4
172650,144.4
172800,144.4
172950,144.5
173100,144.5
173250,144.7
173400,144.7
173550,144.7
173700,144.7
173850,144.7
174000,144.7
174150,144.9
174300,144.9
174450,145
174600,145
174750,145
174900,145.2
175050,145.2
175200,145.3
175350,145.3
175500,145.3
175650,145.5
175800,145.5
175950,145.5
176100,145.6
176250,145.6
176400,145.7
176550,145.7
176700,145.7
176850,145.9
177000,145.9
177150,145.9
177300,146
177450,146
177600,146.2
177750,146.2
177900,146.2
178050,146.3
178200,146.3
178350,146.5
178500,146.5
178650,146.5
178800,146.6
178950,146.6
179100,146.6
179250,146.8
179400,146.8
179550,147
179700,147
179850,147
180000,147.1
180150,147.1
180300,147.2
180450,147.2
180600,147.2
180750,147.3
180900,147.3
181050,147.3
181200,147.5
181350,147.5
181500,147.6
181650,147.6
181800,147.6
181950,147.7
182100,147.7
182250,147.9
182400,147.9
182550,147.9
182700,148
182850,148
183000,148
183150,148.2
183300,148.2
183450,148.2
183600,148.2
183750,148.2
183900,148.3
184050,148.3
184200,148.3
184350,148.5
184500,148.5
184650,148.5
184800,148.5
184950,148.5
185100,148.7
185250,148.7
185400,148.8
185550,148.8
185700,148.8
185850,148.9
186000,148.9
186150,148.9
186300,149
186450,149
186600,149.1
186750,149.1
186900,149.1
187050,149.1
187200,149.1
187350,149.2
187500,149.2
187650,149.2
187800,149.2
187950,149.2
188100,149.2
188250,149.2
188400,149.2
188550,149.3
188700,149.3
188850,149.3
189000,149.5
189150,149.5
189300,149.5
189450,149.5
189600,149.5
189750,149.7
189900,149.7
190050,149.7
190200,149.7
190350,149.7
190500,149.7
190650,149.8
190800,149.8
190950,149.9
191100,149.9
191250,149.9
191400,150
191550,150
191700,150
191850,150
192000,150
192150,150
192300,150
192450,150
192600,150.1
192750,150.1
192900,150.2
193050,150.2
193200,150.2
193350,150.3
193500,150.3
193650,150.4
193800,150.4
193950,150.4
194100,150.5
194250,150.5
194400,150.6
194550,150.6
194700,150.6
194850,150.6
195000,150.6
195150,150.6
195300,150.7
195450,150.7
195600,150.7
195750,150.7
195900,150.7
196050,150.9
196200,150.9
196350,150.9
196500,151
196650,151
196800,151
196950,151
197100,151
197250,151.2
197400,151.2
197550,151.2
197700,151.2
197850,151.2
198000,151.2
198150,151.3
198300,151.3
198450,151.3
198600,151.3
198750,151.3
198900,151.5
199050,151.5
199200,151.5
199350,151.5
199500,151.5
199650,151.6
199800,151.6
199950,151.6
200100,151.7
200250,151.7
200400,151.8
200550,151.8
200700,151.9
200850,151.9
201000,151.9
201150,152.1
201300,152.1
201450,152.1
201600,152.2
201750,152.2
201900,152.3
202050,152.3
202200,152.3
202350,152.3
202500,152.3
202650,152.4
202800,152.4
202950,152.4
203100,152.5
203250,152.5
203400,152.5
203550,152.6
203700,152.6
203850,152.6
204000,152.6
204150,152.6
204300,152.7
204450,152.7
204600,152.7
204750,152.8
204900,152.8
205050,152.9
205200,152.9
205350,152.9
205500,152.9
205650,152.9
205800,152.9
205950,153
206100,153
206250,153.1
206400,153.1
206550,153.1
206700,153.2
206850,153.2
207000,153.2
207150,153.2
207300,153.2
207450,153.3
207600,153.3
207750,153.3
207900,153.4
208050,153.4
208200,153.5
208350,153.5
208500,153.5
208650,153.6
208800,153.6
208950,153.7
209100,153.7
209250,153.7
209400,153.9
209550,153.9
209700,153.9
209850,154
210000,154
210150,154.1
210300,154.1
210450,154.1
210600,154.3
210750,154.3
210900,154.3
211050,154.3
211200,154.3
211350,154.4
211500,154.4
211650,154.4
211800,154.5
211950,154.5
212100,154.6
212250,154.6
212400,154.6
212550,154.7
212700,154.7
212850,154.7
213000,154.8
213150,154.8
213300,155
213450,155
213600,155
213750,155.1
213900,155.1
214050,155.3
214200,155.3
214350,155.3
214500,155.4
214650,155.4
214800,155.4
214950,155.6
215100,155.6
215250,155.7
215400,155.7
215550,155.7
215700,155.9
215850,155.9
216000,155.9
216150,156
216300,156
216450,156.1
216600,156.1
216750,156.1
216900,156.2
217050,156.2
217200,156.3
217350,156.3
217500,156.3
217650,156.4
217800,156.4
217950,156.4
218100,156.5
218250,156.5
218400,156.5
218550,156.5
218700,156.5
218850,156.7
219000,156.7
219150,156.8
219300,156.8
219450,156.8
219600,156.9
219750,156.9
219900,156.9
220050,157
220200,157
220350,157
220500,157
220650,157
220800,157.2
220950,157.2
221100,157.2
221250,157.2
221400,157.2
221550,157.3
221700,157.3
221850,157.3
222000,157.4
222150,157.4
222300,157.4
222450,157.4
222600,157.4
222750,157.6
222900,157.6
223050,157.7
223200,157.7
223350,157.7
223500,157.7
223650,157.7
223800,157.7
223950,157.8
224100,157.8
224250,157.9
224400,157.9
224550,157.9
224700,158
224850,158
225000,158
225150,158
225300,158
225450,158
225600,158
225750,158
225900,158.2
226050,158.2
226200,158.2
226350,158.3
226500,158.3
226650,158.4
226800,158.4
226950,158.4
227100,158.5
227250,158.5
227400,158.5
227550,158.5
227700,158.5
227850,158.6
228000,158.6
228150,158.6
228300,158.6
228450,158.6
228600,158.6
228750,158.6
228900,158.6
229050,158.7
229200,158.7
229350,158.8
229500,158.8
229650,158.8
229800,158.9
229950,158.9
230100,158.9
230250,158.9
230400,158.9
230550,159
230700,159
230850,159
231000,159.1
231150,159.1
231300,159.2
231450,159.2
231600,159.2
231750,159.3
231900,159.3
232050,159.3
232200,159.4
232350,159.4
232500,159.5
232650,159.5
232800,159.5
232950,159.6
233100,159.6
233250,159.6
233400,159.8
233550,159.8
233700,159.9
233850,159.9
234000,159.9
234150,159.9
234300,159.9
234450,159.9
234600,160
234750,160
234900,160
235050,160
235200,160
235350,160.1
235500,160.1
235650,160.1
235800,160.1
235950,160.1
236100,160.2
236250,160.2
236400,160.2
236550,160.3
236700,160.3
236850,160.5
237000,160.5
237150,160.5
237300,160.6
237450,160.6
237600,160.7
237750,160.7
237900,160.7
238050,160.7
238200,160.7
238350,160.7
238500,160.8
238650,160.8
238800,160.9
238950,160.9
239100,160.9
239250,160.9
239400,160.9
239550,160.9
239700,160.9
239850,160.9
240000,161
240150,161
240300,161
240450,161
240600,161
240750,161
240900,161
241050,161
241200,161
241350,161
241500,161
241650,161
241800,161
241950,161
242100,161
242250,161
242400,161
242550,161
242700,161.1
242850,161.1
243000,161.1
243150,161.1
243300,161.1
243450,161.1
243600,161.1
243750,161.1
243900,161.1
244050,161.1
244200,161.1
244350,161.2
244500,161.2
244650,161.2
244800,161.2
244950,161.2
245100,161.3
245250,161.3
245400,161.3
245550,161.4
245700,161.4
245850,161.4
246000,161.5
246150,161.5
246300,161.5
246450,161.5
246600,161.5
246750,161.5
246900,161.5
247050,161.5
247200,161.5
247350,161.5
247500,161.5
247650,161.5
247800,161.6
247950,161.6
248100,161.6
248250,161.7
248400,161.7
248550,161.8
248700,161.8
248850,161.8
249000,161.8
249150,161.8
249300,161.8
249450,161.8
249600,161.8
249750,161.8
249900,161.8
250050,161.8
250200,161.8
250350,161.8
250500,161.8
250650,161.8
250800,161.8
250950,161.8
251100,161.8
251250,161.8
251400,161.8
251550,161.8
251700,161.8
251850,161.8
252000,161.8
252150,161.8
252300,161.8
252450,161.8
252600,161.7
252750,161.7
252900,161.7
253050,161.7
253200,161.7
253350,161.7
253500,161.7
253650,161.7
253800,161.6
253950,161.6
254100,161.6
254250,161.6
254400,161.6
254550,161.6
254700,161.6
254850,161.6
255000,161.6
255150,161.6
255300,161.6
255450,161.6
255600,161.6
255750,161.6
255900,161.6
256050,161.6
256200,161.6
256350,161.6
256500,161.6
256650,161.6
256800,161.6
256950,161.6
257100,161.6
257250,161.5
257400,161.5
257550,161.5
257700,161.5
257850,161.5
258000,161.5
258150,161.4
258300,161.4
258450,161.3
258600,161.3
258750,161.3
258900,161.2
259050,161.2
259200,161.1
259350,161.1
259500,161.1
259650,161
259800,161
259950,161
260100,161
260250,161
260400,161
260550,161
260700,161
260850,161
261000,161
261150,161
261300,161
261450,161
261600,160.9
261750,160.9
261900,160.9
262050,160.8
262200,160.8
262350,160.7
262500,160.7
262650,160.7
262800,160.6
262950,160.6
263100,160.6
263250,160.6
263400,160.6
263550,160.6
263700,160.6
263850,160.6
264000,160.4
264150,160.4
264300,160.4
264450,160.4
264600,160.4
264750,160.2
264900,160.2
265050,160.2
265200,160.2
265350,160.2
265500,160.2
265650,160.1
265800,160.1
265950,160
266100,160
266250,160
266400,159.9
266550,159.9
266700,159.8
266850,159.8
267000,159.8
267150,159.7
267300,159.7
267450,159.7
267600,159.7
267750,159.7
267900,159.7
268050,159.6
268200,159.6
268350,159.6
268500,159.6
268650,159.6
268800,159.5
268950,159.5
269100,159.5
269250,159.5
269400,159.5
269550,159.5
269700,159.4
269850,159.4
270000,159.4
270150,159.3
270300,159.3
270450,159.3
270600,159.3
270750,159.3
270900,159.3
271050,159.1
271200,159.1
271350,159.1
271500,159.1
271650,159.1
271800,159
271950,159
272100,159
272250,158.9
272400,158.9
272550,158.9
272700,158.8
272850,158.8
273000,158.8
273150,158.7
273300,158.7
273450,158.6
273600,158.6
273750,158.6
273900,158.5
274050,158.5
274200,158.5
274350,158.4
274500,158.4
274650,158.4
274800,158.3
274950,158.3
275100,158.3
275250,158.3
275400,158.3
275550,158.2
275700,158.2
275850,158.2
276000,158.2
276150,158.2
276300,158.1
276450,158.1
276600,158.1
276750,158.1
276900,158.1
277050,158
277200,158
277350,158
277500,158
277650,158
277800,158
277950,157.9
278100,157.9
278250,157.9
278400,157.9
278550,157.9
278700,157.9
278850,157.9
279000,157.9
279150,157.8
279300,157.8
279450,157.8
279600,157.8
279750,157.8
279900,157.8
280050,157.8
280200,157.8
280350,157.8
280500,157.8
280650,157.8
280800,157.8
280950,157.8
281100,157.8
281250,157.8
281400,157.7
281550,157.7
281700,157.7
281850,157.7
282000,157.7
282150,157.7
282300,157.7
282450,157.7
282600,157.7
282750,157.7
282900,157.7
283050,157.7
283200,157.7
283350,157.7
283500,157.7
283650,157.7
283800,157.7
283950,157.7
284100,157.7
284250,157.7
284400,157.7
284550,157.7
284700,157.8
284850,157.8
285000,157.8
285150,157.8
285300,157.8
285450,157.9
285600,157.9
285750,158
285900,158
286050,158
286200,158
286350,158
286500,158
286650,158
286800,158
286950,158.1
287100,158.1
287250,158.1
287400,158.1
287550,158.1
287700,158.1
287850,158.1
288000,158.1
288150,158.2
288300,158.2
288450,158.2
288600,158.2
288750,158.2
288900,158.2
289050,158.3
289200,158.3
289350,158.3
289500,158.3
289650,158.3
289800,158.3
289950,158.3
290100,158.3
290250,158.4
290400,158.4
290550,158.4
290700,158.4
290850,158.4
291000,158.5
291150,158.5
291300,158.6
291450,158.6
291600,158.6
291750,158.7
291900,158.7
292050,158.7
292200,158.7
292350,158.7
292500,158.8
292650,158.8
292800,158.8
292950,158.9
293100,158.9
293250,158.9
293400,159
293550,159
293700,159.1
293850,159.1
294000,159.1
294150,159.2
294300,159.2
294450,159.2
294600,159.3
294750,159.3
294900,159.3
295050,159.3
295200,159.3
295350,159.4
295500,159.4
295650,159.5
295800,159.5
295950,159.5
296100,159.6
296250,159.6
296400,159.6
296550,159.7
296700,159.7
296850,159.8
297000,159.8
297150,159.8
297300,160
297450,160
297600,160
297750,160
297900,160
298050,160.1
298200,160.1
298350,160.1
298500,160.2
298650,160.2
298800,160.2
298950,160.3
299100,160.3
299250,160.4
299400,160.4
299550,160.4
299700,160.4
299850,160.4
300000,160.5
300150,160.5
300300,160.5
300450,160.6
300600,160.6
300750,160.6
300900,160.6
301050,160.6
301200,160.7
301350,160.7
301500,160.7
301650,160.8
301800,160.8
301950,160.8
302100,160.9
302250,160.9
302400,161
302550,161
302700,161
302850,161.1
303000,161.1
303150,161.1
303300,161.2
303450,161.2
303600,161.3
303750,161.3
303900,161.3
304050,161.3
304200,161.3
304350,161.3
304500,161.4
304650,161.4
304800,161.5
304950,161.5
305100,161.5
305250,161.6
305400,161.6
305550,161.6
305700,161.6
305850,161.6
306000,161.8
306150,161.8
306300,161.9
306450,161.9
306600,161.9
306750,161.9
306900,161.9
307050,161.9
307200,162
307350,162
307500,162.1
307650,162.1
307800,162.1
307950,162.1
308100,162.1
308250,162.1
308400,162.1
308550,162.1
308700,162.1
308850,162.2
309000,162.2
309150,162.2
309300,162.2
309450,162.2
309600,162.3
309750,162.3
309900,162.4
310050,162.4
310200,162.4
310350,162.5
310500,162.5
310650,162.5
310800,162.6
310950,162.6
311100,162.7
311250,162.7
311400,162.7
311550,162.7
311700,162.7
311850,162.7
312000,162.8
312150,162.8
312300,162.9
312450,162.9
312600,162.9
312750,163
312900,163
313050,163
313200,163
313350,163
313500,163
313650,163
313800,163
313950,163
314100,163
314250,163
314400,163
314550,163
314700,163
314850,163
315000,163
315150,163
315300,163
315450,163
315600,163
315750,163
315900,163
316050,163
316200,163
316350,163
316500,163
316650,163
316800,163
316950,163
317100,163
317250,163
317400,163
317550,163
317700,163
317850,163
318000,163
318150,163
318300,163
318450,163
318600,162.9
318750,162.9
318900,162.9
319050,162.9
319200,162.9
319350,162.9
319500,162.9
319650,162.9
319800,162.9
319950,162.9
320100,162.9
320250,162.9
320400,162.9
320550,162.9
320700,162.9
320850,162.9
321000,162.8
321150,162.8
321300,162.8
321450,162.8
321600,162.8
321750,162.7
321900,162.7
322050,162.7
322200,162.7
322350,162.7
322500,162.7
322650,162.7
322800,162.7
322950,162.6
323100,162.6
323250,162.6
323400,162.6
323550,162.6
323700,162.6
323850,162.6
324000,162.6
324150,162.5
324300,162.5
324450,162.5
324600,162.5
324750,162.5
324900,162.4
325050,162.4
325200,162.4
325350,162.3
325500,162.3
325650,162.1
325800,162.1
325950,162.1
326100,162.1
326250,162.1
326400,162.1
326550,162
326700,162
326850,162
327000,162
327150,162
327300,161.9
327450,161.9
327600,161.9
327750,161.8
327900,161.8
328050,161.7
328200,161.7
328350,161.7
328500,161.6
328650,161.6
328800,161.4
328950,161.4
329100,161.4
329250,161.3
329400,161.3
329550,161.3
329700,161.1
329850,161.1
330000,161
330150,161
330300,161
330450,160.8
330600,160.8
330750,160.8
330900,160.8
331050,160.8
331200,160.7
331350,160.7
331500,160.7
331650,160.5
331800,160.5
331950,160.5
332100,160.5
332250,160.5
332400,160.4
332550,160.4
332700,160.4
332850,160.3
333000,160.3
333150,160.2
333300,160.2
333450,160.2
333600,160.1
333750,160.1
333900,160.1
334050,160
334200,160
334350,160
334500,160
334650,160
334800,160
334950,160
335100,159.9
335250,159.9
335400,159.9
335550,159.9
335700,159.9
335850,159.9
336000,159.9
336150,159.9
336300,159.8
336450,159.8
336600,159.8
336750,159.8
336900,159.8
337050,159.8
337200,159.7
337350,159.7
337500,159.7
337650,159.7
337800,159.7
337950,159.5
338100,159.5
338250,159.5
338400,159.4
338550,159.4
338700,159.3
338850,159.3
339000,159.3
339150,159.2
339300,159.2
339450,159.2
339600,159.2
339750,159.2
339900,159.1
340050,159.1
340200,159.1
340350,159.1
340500,159.1
340650,159
340800,159
340950,159
341100,159
341250,159
341400,159
341550,159
341700,159
341850,158.9
342000,158.9
342150,158.9
342300,158.8
342450,158.8
342600,158.8
342750,158.8
342900,158.8
343050,158.7
343200,158.7
343350,158.7
343500,158.7
343650,158.7
343800,158.6
343950,158.6
344100,158.6
344250,158.6
344400,158.6
344550,158.6
344700,158.6
344850,158.6
345000,158.6
345150,158.6
345300,158.6
345450,158.6
345600,158.6
345750,158.6
345900,158.6
346050,158.6
346200,158.6
346350,158.6
346500,158.6
346650,158.6
346800,158.6
346950,158.6
347100,158.6
347250,158.6
347400,158.6
347550,158.6
347700,158.6
347850,158.6
348000,158.6
348150,158.6
348300,158.6
348450,158.6
348600,158.6
348750,158.6
348900,158.6
349050,158.6
349200,158.6
349350,158.6
349500,158.6
349650,158.6
349800,158.7
349950,158.7
350100,158.7
350250,158.7
350400,158.7
350550,158.8
350700,158.8
350850,158.8
351000,158.9
351150,158.9
351300,158.9
351450,158.9
351600,158.9
351750,159
351900,159
352050,159
352200,159
352350,159
352500,159.1
352650,159.1
352800,159.1
352950,159.1
353100,159.1
353250,159.3
353400,159.3
353550,159.3
353700,159.2
353850,159.2
354000,159.2
354150,159.3
354300,159.3
354450,159.3
354600,159.3
354750,159.3
354900,159.3
355050,159.3
355200,159.3
355350,159.3
355500,159.3
355650,159.3
355800,159.3
355950,159.3
356100,159.4
356250,159.4
356400,159.4
356550,159.4
356700,159.4
356850,159.5
357000,159.5
357150,159.5
357300,159.5
357450,159.5
357600,159.6
357750,159.6
357900,159.6
358050,159.7
358200,159.7
358350,159.7
358500,159.8
358650,159.8
358800,159.8
358950,160
359100,160
359250,160
359400,160
359550,160
359700,160.1
359850,160.1
360000,160.1
360150,160.1
360300,160.1
360450,160.2
360600,160.2
360750,160.2
360900,160.3
361050,160.3
361200,160.4
361350,160.4
361500,160.4
361650,160.5
361800,160.5
361950,160.5
362100,160.5
362250,160.5
362400,160.6
362550,160.6
362700,160.6
362850,160.7
363000,160.7
363150,160.7
363300,160.7
363450,160.7
363600,160.8
363750,160.8
363900,160.9
364050,160.9
364200,160.9
364350,161
364500,161
364650,161
364800,161
364950,161
365100,161
365250,161
365400,161
365550,161
365700,161
365850,161
366000,161.1
366150,161.1
366300,161.1
366450,161.1
366600,161.1
366750,161.2
366900,161.2
367050,161.2
367200,161.2
367350,161.2
367500,161.2
367650,161.2
367800,161.2
367950,161.2
368100,161.2
368250,161.2
368400,161.2
368550,161.2
368700,161.3
368850,161.3
369000,161.3
369150,161.3
369300,161.3
369450,161.3
369600,161.3
369750,161.3
369900,161.4
370050,161.4
370200,161.4
370350,161.4
370500,161.4
370650,161.4
370800,161.4
370950,161.4
371100,161.5
371250,161.5
371400,161.5
371550,161.5
371700,161.5
371850,161.6
372000,161.6
372150,161.6
372300,161.6
372450,161.6
372600,161.6
372750,161.6
372900,161.6
373050,161.6
373200,161.6
373350,161.6
373500,161.6
373650,161.6
373800,161.6
373950,161.6
374100,161.6
374250,161.6
374400,161.6
374550,161.6
374700,161.7
374850,161.7
375000,161.6
375150,161.6
375300,161.6
375450,161.6
375600,161.6
375750,161.6
375900,161.6
376050,161.6
376200,161.6
376350,161.6
376500,161.6
376650,161.6
376800,161.6
376950,161.6
377100,161.7
377250,161.7
377400,161.7
377550,161.7
377700,161.7
377850,161.8
378000,161.8
378150,161.9
378300,161.9
378450,161.9
378600,161.9
378750,161.9
378900,161.9
379050,162
379200,162
379350,162
379500,162
379650,162
379800,162
379950,162
380100,162
380250,162
380400,162
380550,162
380700,162
380850,162
381000,162
381150,162
381300,162
381450,162
381600,162
381750,162.1
381900,162.1
382050,162.1
382200,162
382350,162
382500,162
382650,162
382800,162
382950,161.9
383100,161.9
383250,161.9
383400,161.8
383550,161.8
383700,161.8
383850,161.8
384000,161.8
384150,161.8
384300,161.8
384450,161.8
384600,161.7
384750,161.7
384900,161.7
385050,161.7
385200,161.7
385350,161.7
385500,161.7
385650,161.7
385800,161.6
385950,161.6
386100,161.6
386250,161.6
386400,161.6
386550,161.6
386700,161.6
386850,161.6
387000,161.6
387150,161.6
387300,161.5
387450,161.5
387600,161.5
387750,161.4
387900,161.4
388050,161.3
388200,161.3
388350,161.3
388500,161.2
388650,161.2
388800,161.2
388950,161.1
389100,161.1
389250,161
389400,161
389550,161
389700,161
389850,161
390000,161
390150,160.9
390300,160.9
390450,160.8
390600,160.8
390750,160.8
390900,160.7
391050,160.7
391200,160.7
391350,160.7
391500,160.7
391650,160.6
391800,160.6
391950,160.6
392100,160.5
392250,160.5
392400,160.4
392550,160.4
392700,160.4
392850,160.3
393000,160.3
393150,160.2
393300,160.2
393450,160.2
393600,160.2
393750,160.2
393900,160.2
394050,160
394200,160
394350,160
394500,160
394650,160
394800,160
394950,160
395100,160
395250,160
395400,160
395550,159.8
395700,159.8
395850,159.8
396000,159.7
396150,159.7
396300,159.7
396450,159.6
396600,159.6
396750,159.4
396900,159.4
397050,159.4
397200,159.3
397350,159.3
397500,159.3
397650,159.3
397800,159.3
397950,159.2
398100,159.2
398250,159.2
398400,159.3
398550,159.3
398700,159.3
398850,159.3
399000,159.3
399150,159.3
399300,159.3
399450,159.3
399600,159.3
399750,159.3
399900,159.3
400050,159.3
400200,159.3
400350,159.2
400500,159.2
400650,159.1
400800,159.1
400950,159.1
401100,159.1
401250,159.1
401400,159.1
401550,159.1
401700,159.1
401850,159
402000,159
402150,159
402300,159
402450,159
402600,159
402750,159
402900,159
403050,159
403200,159
403350,159
403500,159
403650,159
403800,159
403950,159
404100,159
404250,159
404400,159
404550,159
404700,158.9
404850,158.9
405000,158.9
405150,158.8
405300,158.8
405450,158.8
405600,158.8
405750,158.8
405900,158.8
406050,158.8
406200,158.7
406350,158.7
406500,158.7
406650,158.8
406800,158.8
406950,158.7
407100,158.7
407250,158.7
407400,158.7
407550,158.7
407700,158.7
407850,158.7
408000,158.7
408150,158.7
408300,158.7
408450,158.7
408600,158.6
408750,158.6
408900,158.6
409050,158.6
409200,158.6
409350,158.6
409500,158.6
409650,158.6
409800,158.6
409950,158.6
410100,158.6
410250,158.6
410400,158.6
410550,158.5
410700,158.5
410850,158.5
411000,158.5
411150,158.5
411300,158.5
411450,158.6
411600,158.6
411750,158.5
411900,158.5
412050,158.5
412200,158.6
412350,158.6
412500,158.6
412650,158.6
412800,158.6
412950,158.6
413100,158.6
413250,158.6
413400,158.6
413550,158.6
413700,158.6
413850,158.6
414000,158.6
414150,158.6
414300,158.6
414450,158.6
414600,158.7
414750,158.7
414900,158.8
415050,158.8
415200,158.8
415350,158.8
415500,158.8
415650,158.8
415800,158.8
415950,158.8
416100,158.8
416250,158.8
416400,158.8
416550,158.9
416700,158.9
416850,159
417000,159
417150,159
417300,159.1
417450,159.1
417600,159.1
417750,159.2
417900,159.2
418050,159.3
418200,159.3
418350,159.3
418500,159.3
418650,159.3
418800,159.3
418950,159.4
419100,159.4
419250,159.5
419400,159.5
419550,159.5
419700,159.6
419850,159.6
420000,159.6
420150,159.6
420300,159.6
420450,159.7
420600,159.7
420750,159.7
420900,159.7
421050,159.7
421200,159.7
421350,159.8
421500,159.8
421650,159.8
421800,159.8
421950,159.8
422100,159.9
422250,159.9
422400,160
422550,160
422700,160
422850,160.1
423000,160.1
423150,160.1
423300,160.2
423450,160.2
423600,160.2
423750,160.2
423900,160.2
424050,160.2
424200,160.2
424350,160.2
424500,160.4
424650,160.4
424800,160.4
424950,160.4
425100,160.4
425250,160.5
425400,160.5
425550,160.5
425700,160.5
425850,160.5
426000,160.5
426150,160.5
426300,160.5
426450,160.6
426600,160.6
426750,160.6
426900,160.6
427050,160.6
427200,160.7
427350,160.7
427500,160.7
427650,160.9
427800,160.9
427950,161
428100,161
428250,161
428400,161.1
428550,161.1
428700,161.1
428850,161.1
429000,161.1
429150,161.2
429300,161.2
429450,161.2
429600,161.3
429750,161.3
429900,161.3
430050,161.3
430200,161.3
430350,161.4
430500,161.4
430650,161.4
430800,161.5
430950,161.5
431100,161.6
431250,161.6
431400,161.6
431550,161.6
431700,161.6
431850,161.6
432000,161.6
432150,161.6
432300,161.7
432450,161.7
432600,161.7
432750,161.8
432900,161.8
433050,161.8
433200,161.9
433350,161.9
433500,162
433650,162
433800,162
433950,162
434100,162
434250,162
434400,162
434550,162
434700,162
434850,162
435000,162.1
435150,162.1
435300,162.1
435450,162.2
435600,162.2
435750,162.2
435900,162.2
436050,162.2
436200,162.3
436350,162.3
436500,162.3
436650,162.3
436800,162.3
436950,162.3
437100,162.3
437250,162.3
437400,162.3
437550,162.3
437700,162.3
437850,162.3
438000,162.3
438150,162.3
438300,162.2
438450,162.2
438600,162.2
438750,162.2
438900,162.2
439050,162.3
439200,162.3
439350,162.3
439500,162.3
439650,162.3
439800,162.3
439950,162.3
440100,162.3
440250,162.3
440400,162.3
440550,162.3
440700,162.3
440850,162.3
441000,162.3
441150,162.3
441300,162.3
441450,162.4
441600,162.4
441750,162.4
441900,162.3
442050,162.3
442200,162.3
442350,162.3
442500,162.3
442650,162.3
442800,162.3
442950,162.2
443100,162.2
443250,162.2
443400,162.2
443550,162.2
443700,162.2
443850,162.2
444000,162.2
444150,162.3
444300,162.3
444450,162.3
444600,162.3
444750,162.3
444900,162.1
445050,162.1
445200,162.1
445350,162
445500,162
445650,162
445800,161.9
445950,161.9
446100,161.8
446250,161.8
446400,161.8
446550,161.7
446700,161.7
446850,161.7
447000,161.6
447150,161.6
447300,161.6
447450,161.6
447600,161.6
447750,161.6
447900,161.6
448050,161.5
448200,161.5
448350,161.5
448500,161.4
448650,161.4
448800,161.3
448950,161.3
449100,161.3
449250,161.3
449400,161.3
449550,161.3
449700,161.2
449850,161.2
450000,161.2
450150,161.1
450300,161.1
450450,160.9
450600,160.9
450750,160.9
450900,160.8
451050,160.8
451200,160.7
451350,160.7
451500,160.7
451650,160.6
451800,160.6
451950,160.6
452100,160.5
452250,160.5
452400,160.4
452550,160.4
452700,160.4
452850,160.4
453000,160.4
453150,160.4
453300,160.3
453450,160.3
453600,160.2
453750,160.2
453900,160.2
454050,160.2
454200,160.2
454350,160.1
454500,160.1
454650,160.1
454800,160.1
454950,160.1
455100,160.1
455250,160.1
455400,160.1
455550,160
455700,160
455850,160
456000,160
456150,160
456300,159.9
456450,159.9
456600,159.9
456750,159.9
456900,159.9
457050,159.9
457200,159.8
457350,159.8
457500,159.7
457650,159.7
457800,159.7
457950,159.7
458100,159.7
458250,159.7
458400,159.6
458550,159.6
458700,159.6
458850,159.6
459000,159.6
459150,159.5
459300,159.5
459450,159.5
459600,159.5
459750,159.5
459900,159.4
460050,159.4
460200,159.4
460350,159.4
460500,159.4
460650,159.3
460800,159.3
460950,159.3
461100,159.3
461250,159.3
461400,159.3
461550,159.2
461700,159.2
461850,159.1
462000,159.1
462150,159.1
462300,159.1
462450,159.1
462600,159.1
462750,159.1
462900,159.1
463050,159.1
463200,159.1
463350,159.1
463500,159.1
463650,159.1
463800,159.1
463950,159.1
464100,159.1
464250,159.1
464400,159.1
464550,159.1
464700,159.1
464850,159.1
465000,159.1
465150,159.1
465300,159.1
465450,159.1
465600,159.1
465750,159.1
465900,159.1
466050,159.1
466200,159.1
466350,159.1
466500,159.1
466650,159.2
466800,159.2
466950,159.2
467100,159.2
467250,159.2
467400,159.2
467550,159.2
467700,159.2
467850,159.2
468000,159.2
468150,159.2
468300,159.2
468450,159.2
468600,159.1
468750,159.1
468900,159.1
469050,159.2
469200,159.2
469350,159.2
469500,159.2
469650,159.2
469800,159.2
469950,159.2
470100,159.2
470250,159.2
470400,159.2
470550,159.3
470700,159.3
470850,159.3
471000,159.4
471150,159.4
471300,159.4
471450,159.4
471600,159.4
471750,159.5
471900,159.5
472050,159.5
472200,159.6
472350,159.6
472500,159.6
472650,159.6
472800,159.6
472950,159.6
473100,159.6
473250,159.6
473400,159.6
473550,159.6
473700,159.6
473850,159.6
474000,159.6
474150,159.6
474300,159.6
474450,159.6
474600,159.6
474750,159.6
474900,159.7
475050,159.7
475200,159.7
475350,159.8
475500,159.8
475650,159.8
475800,159.8
475950,159.8
476100,159.8
476250,159.8
476400,159.8
476550,159.8
476700,159.8
476850,159.8
477000,159.8
477150,159.8
477300,159.8
477450,159.8
477600,159.8
477750,159.8
477900,159.8
478050,159.8
478200,159.8
478350,159.8
478500,159.9
478650,159.9
478800,159.9
478950,159.9
479100,159.9
479250,160
479400,160
479550,160
479700,160.1
479850,160.1
480000,160.2
480150,160.2
480300,160.2
480450,160.3
480600,160.3
480750,160.3
480900,160.4
481050,160.4
481200,160.5
481350,160.5
481500,160.5
481650,160.6
481800,160.6
481950,160.6
482100,160.7
482250,160.7
482400,160.8
482550,160.8
482700,160.8
482850,161
483000,161
483150,161
483300,161
483450,161
483600,161.1
483750,161.1
483900,161.1
484050,161.3
484200,161.3
484350,161.3
484500,161.3
484650,161.3
484800,161.4
484950,161.4
485100,161.5
485250,161.5
485400,161.5
485550,161.5
485700,161.5
485850,161.5
486000,161.6
486150,161.6
486300,161.7
486450,161.7
486600,161.7
486750,161.7
486900,161.7
487050,161.7
487200,161.8
487350,161.8
487500,161.8
487650,161.8
487800,161.8
487950,161.8
488100,161.8
488250,161.8
488400,161.8
488550,161.8
488700,161.9
488850,161.9
489000,161.9
489150,161.9
489300,161.9
489450,161.9
489600,161.9
489750,161.9
489900,162
490050,162
490200,162
490350,162
490500,162
490650,162
490800,162
490950,162
491100,162.1
491250,162.1
491400,162.1
491550,162.1
491700,162.1
491850,162.2
492000,162.2
492150,162.2
492300,162.2
492450,162.2
492600,162.1
492750,162.1
492900,162.1
493050,162.2
493200,162.2
493350,162.2
493500,162.2
493650,162.2
493800,162.2
493950,162.2
494100,162.2
494250,162.3
494400,162.3
494550,162.3
494700,162.2
494850,162.2
495000,162.2
495150,162.2
495300,162.2
495450,162.2
495600,162.2
495750,162.2
495900,162.2
496050,162.2
496200,162.3
496350,162.3
496500,162.3
496650,162.3
496800,162.3
496950,162.3
497100,162.3
497250,162.3
497400,162.3
497550,162.3
497700,162.3
497850,162.3
498000,162.3
498150,162.3
498300,162.3
498450,162.3
498600,162.2
498750,162.2
498900,162.2
499050,162.2
499200,162.2
499350,162.3
499500,162.3
499650,162.3
499800,162.3
499950,162.3
500100,162.3
500250,162.3
500400,162.3
500550,162.2
500700,162.2
500850,162.2
501000,162.2
501150,162.2
501300,162.2
501450,162.2
501600,162.2
501750,162.1
501900,162.1
502050,162.1
502200,162.2
502350,162.2
502500,162.2
502650,162.2
502800,162.2
502950,162.2
503100,162.2
503250,162.1
503400,162.1
503550,162.1
503700,162.1
503850,162.1
504000,162.1
504150,162.1
504300,162.1
504450,162.1
504600,162.1
504750,162.1
504900,162.1
505050,162.1
505200,162.1
505350,162.1
505500,162.1
505650,162.1
505800,162.1
505950,162.1
506100,162.1
506250,162.1
506400,162.1
506550,162
506700,162
506850,162
507000,162
507150,162
507300,161.9
507450,161.9
507600,161.9
507750,161.9
507900,161.9
508050,161.7
508200,161.7
508350,161.7
508500,161.7
508650,161.7
508800,161.6
508950,161.6
509100,161.6
509250,161.6
509400,161.6
509550,161.6
509700,161.6
509850,161.6
510000,161.5
510150,161.5
510300,161.5
510450,161.5
510600,161.5
510750,161.5
510900,161.4
511050,161.4
511200,161.3
511350,161.3
511500,161.3
511650,161.2
511800,161.2
511950,161.2
512100,161.2
512250,161.2
512400,161.1
512550,161.1
512700,161.1
512850,161.1
513000,161.1
513150,161
513300,161
513450,161
513600,160.9
513750,160.9
513900,160.8
514050,160.8
514200,160.8
514350,160.8
514500,160.8
514650,160.8
514800,160.8
514950,160.8
515100,160.7
515250,160.7
515400,160.7
515550,160.7
515700,160.7
515850,160.7
516000,160.6
516150,160.6
516300,160.5
516450,160.5
516600,160.5
516750,160.4
516900,160.4
517050,160.4
517200,160.3
517350,160.3
517500,160.3
517650,160.3
517800,160.3
517950,160.2
518100,160.2
518250,160.2
518400,160.2
518550,160.2
518700,160.2
518850,160.2
519000,160.1
519150,160.1
519300,160.1
519450,160.1
519600,160.1
519750,160.1
519900,160
520050,160
520200,160
520350,160
520500,160
520650,160
520800,160
520950,160
521100,160
521250,160
521400,160
521550,160
521700,160
521850,159.9
522000,159.9
522150,159.8
522300,159.8
522450,159.8
522600,159.7
522750,159.7
522900,159.7
523050,159.6
523200,159.6
523350,159.5
523500,159.5
523650,159.5
523800,159.5
523950,159.5
524100,159.5
524250,159.4
524400,159.4
524550,159.3
524700,159.3
524850,159.3
525000,159.3
525150,159.3
525300,159.2
525450,159.2
525600,159.2
525750,159.1
525900,159.1
526050,159.1
526200,159.1
526350,159.1
526500,159
526650,159
526800,159
526950,158.9
527100,158.9
527250,158.8
527400,158.8
527550,158.8
527700,158.7
527850,158.7
528000,158.7
528150,158.6
528300,158.6
528450,158.5
528600,158.5
528750,158.5
528900,158.4
529050,158.4
529200,158.4
529350,158.3
529500,158.3
529650,158.4
529800,158.4
529950,158.4
530100,158.3
530250,158.3
530400,158.3
530550,158.3
530700,158.3
530850,158.3
531000,158.3
531150,158.3
531300,158.3
531450,158.3
531600,158.3
531750,158.3
531900,158.3
532050,158.3
532200,158.3
532350,158.3
532500,158.3
532650,158.3
532800,158.2
532950,158.2
533100,158.2
533250,158.2
533400,158.2
533550,158.2
533700,158.3
533850,158.3
534000,158.3
534150,158.3
534300,158.3
534450,158.3
534600,158.3
534750,158.3
534900,158.3
535050,158.3
535200,158.4
535350,158.4
535500,158.4
535650,158.4
535800,158.4
535950,158.4
536100,158.5
536250,158.5
536400,158.5
536550,158.5
536700,158.5
536850,158.4
537000,158.4
537150,158.5
537300,158.5
537450,158.5
537600,158.4
537750,158.4
537900,158.4
538050,158.5
538200,158.5
538350,158.6
538500,158.6
538650,158.6
538800,158.6
538950,158.6
539100,158.6
539250,158.6
539400,158.6
539550,158.6
539700,158.6
539850,158.6
540000,158.6
540150,158.6
540300,158.6
540450,158.6
540600,158.6
540750,158.6
540900,158.6
541050,158.6
541200,158.8
541350,158.8
541500,158.9
541650,158.9
541800,158.9
541950,158.9
542100,158.9
542250,158.8
542400,158.8
542550,158.8
542700,158.9
542850,158.9
543000,158.9
543150,158.9
543300,158.9
543450,159
543600,159
543750,159
543900,159
544050,159
544200,159
544350,159.1
544500,159.1
544650,159.1
544800,159.1
544950,159.1
545100,159.1
545250,159.1
545400,159.1
545550,159.2
545700,159.2
545850,159.2
546000,159.2
546150,159.3
546300,159.3
546450,159.3
546600,159.3
546750,159.3
546900,159.3
547050,159.5
547200,159.5
547350,159.5
547500,159.5
547650,159.5
547800,159.6
547950,159.6
548100,159.6
548250,159.6
548400,159.6
548550,159.7
548700,159.7
548850,159.7
549000,159.7
549150,159.7
549300,159.7
549450,159.8
549600,159.8
549750,159.9
549900,159.9
550050,159.9
550200,160
550350,160
550500,160
550650,160.2
550800,160.2
550950,160.2
551100,160.2
551250,160.2
551400,160.2
551550,160.2
551700,160.2
551850,160.3
552000,160.3
552150,160.4
552300,160.4
552450,160.4
552600,160.5
552750,160.5
552900,160.5
553050,160.6
553200,160.6
553350,160.7
553500,160.7
553650,160.7
553800,160.7
553950,160.7
554100,160.7
554250,160.7
554400,160.7
554550,160.8
554700,160.8
554850,160.8
555000,160.9
555150,160.9
555300,160.9
555450,160.9
555600,160.9
555750,161
555900,161
556050,161.1
556200,161.1
556350,161.1
556500,161.2
556650,161.2
556800,161.2
556950,161.2
557100,161.2
557250,161.3
557400,161.3
557550,161.3
557700,161.3
557850,161.3
558000,161.3
558150,161.4
558300,161.4
558450,161.5
558600,161.5
558750,161.5
558900,161.6
559050,161.6
559200,161.7
559350,161.7
559500,161.7
559650,161.8
559800,161.8
559950,161.8
560100,161.9
560250,161.9
560400,162
560550,162
560700,162
560850,162
561000,162
561150,162
561300,162.2
561450,162.2
561600,162.3
561750,162.3
561900,162.3
562050,162.3
562200,162.3
562350,162.3
562500,162.4
562650,162.4
562800,162.5
562950,162.5
563100,162.5
563250,162.5
563400,162.5
563550,162.5
563700,162.4
563850,162.4
564000,162.5
564150,162.5
564300,162.5
564450,162.6
564600,162.6
564750,162.6
564900,162.6
565050,162.6
565200,162.5
565350,162.5
565500,162.5
565650,162.5
565800,162.5
565950,162.6
566100,162.6
566250,162.6
566400,162.6
566550,162.6
566700,162.6
566850,162.6
567000,162.6
567150,162.6
567300,162.6
567450,162.6
567600,162.7
567750,162.7
567900,162.7
568050,162.7
568200,162.7
568350,162.8
568500,162.8
568650,162.8
568800,162.8
568950,162.8
569100,162.8
569250,162.8
569400,162.8
569550,162.7
569700,162.7
569850,162.7
570000,162.6
570150,162.6
570300,162.6
570450,162.6
570600,162.6
570750,162.5
570900,162.5
571050,162.5
571200,162.4
571350,162.4
571500,162.4
571650,162.4
571800,162.4
571950,162.4
572100,162.4
572250,162.4
572400,162.3
572550,162.3
572700,162.3
572850,162.3
573000,162.3
573150,162.2
573300,162.2
573450,162.1
573600,162.1
573750,162.1
573900,162
574050,162
574200,162
574350,162
574500,162
574650,162
574800,162
574950,162
575100,161.9
575250,161.9
575400,161.8
575550,161.8
575700,161.8
575850,161.8
576000,161.8
576150,161.8
576300,161.7
576450,161.7
576600,161.7
576750,161.7
576900,161.7
577050,161.6
577200,161.6
577350,161.6
577500,161.6
577650,161.6
577800,161.5
577950,161.5
578100,161.5
578250,161.5
578400,161.5
578550,161.4
578700,161.4
578850,161.4
579000,161.4
579150,161.4
579300,161.4
579450,161.3
579600,161.3
579750,161.3
579900,161.3
580050,161.3
580200,161.2
580350,161.2
580500,161.2
580650,161.1
580800,161.1
580950,161.1
581100,161.1
581250,161.1
581400,161.1
581550,161.1
581700,161.1
581850,161
582000,161
582150,161
582300,161
582450,161
582600,160.9
582750,160.9
582900,160.9
583050,160.8
583200,160.8
583350,160.7
583500,160.7
583650,160.7
583800,160.7
583950,160.7
584100,160.6
584250,160.6
584400,160.6
584550,160.5
584700,160.5
584850,160.5
585000,160.5
585150,160.5
585300,160.4
585450,160.4
585600,160.4
585750,160.3
585900,160.3
586050,160.3
586200,160.3
586350,160.3
586500,160.2
586650,160.2
586800,160.2
586950,160.1
587100,160.1
587250,160.1
587400,160.1
587550,160.1
587700,160.1
587850,160.1
588000,160
588150,160
588300,160
588450,160
588600,160
588750,160
588900,159.9
589050,159.9
589200,159.9
589350,159.9
589500,159.9
589650,159.8
589800,159.8
589950,159.8
590100,159.8
590250,159.8
590400,159.7
590550,159.7
590700,159.7
590850,159.6
591000,159.6
591150,159.6
591300,159.5
591450,159.5
591600,159.5
591750,159.5
591900,159.5
592050,159.4
592200,159.4
592350,159.4
592500,159.4
592650,159.4
592800,159.3
592950,159.3
593100,159.3
593250,159.3
593400,159.3
593550,159.3
593700,159.2
593850,159.2
594000,159.2
594150,159.2
594300,159.2
594450,159.1
594600,159.1
594750,159.1
594900,159
595050,159
595200,159
595350,159
595500,159
595650,158.9
595800,158.9
595950,158.9
596100,158.9
596250,158.9
596400,158.8
596550,158.8
596700,158.8
596850,158.8
597000,158.8
597150,158.8
597300,158.8
597450,158.8
597600,158.7
597750,158.7
597900,158.7
598050,158.7
598200,158.7
598350,158.7
598500,158.7
598650,158.7
598800,158.7
598950,158.7
599100,158.7
599250,158.6
599400,158.6
599550,158.6
599700,158.6
599850,158.6
600000,158.6
600150,158.6
600300,158.6
600450,158.6
600600,158.6
600750,158.5
600900,158.5
601050,158.5
601200,158.5
601350,158.5
601500,158.5
601650,158.6
601800,158.6
601950,158.5
602100,158.5
602250,158.5
602400,158.5
602550,158.5
602700,158.5
602850,158.5
603000,158.5
603150,158.5
603300,158.5
603450,158.5
603600,158.5
603750,158.5
603900,158.5
604050,158.5
604200,158.5
604350,158.6
604500,158.6
604650,158.6
604800,158.6
604950,158.6
605100,158.7
605250,158.7
605400,158.7
605550,158.8
605700,158.8
605850,158.8
606000,158.8
606150,158.8
606300,158.9
606450,158.9
606600,158.9
606750,158.9
606900,158.9
607050,159
607200,159
607350,159
607500,159.1
607650,159.1
607800,159.2
607950,159.2
608100,159.2
608250,159.3
608400,159.3
608550,159.3
608700,159.4
608850,159.4
609000,159.5
609150,159.5
609300,159.5
609450,159.6
609600,159.6
609750,159.6
609900,159.7
610050,159.7
610200,159.8
610350,159.8
610500,159.8
610650,159.8
610800,159.8
610950,159.8
611100,159.9
611250,159.9
611400,160
611550,160
611700,160
611850,160.1
612000,160.1
612150,160.2
612300,160.2
612450,160.2
612600,160.3
612750,160.3
612900,160.3
613050,160.3
613200,160.3
613350,160.4
613500,160.4
613650,160.4
613800,160.5
613950,160.5
614100,160.5
614250,160.6
614400,160.6
614550,160.7
614700,160.7
614850,160.7
615000,160.8
615150,160.8
615300,160.8
615450,160.8
615600,160.8
615750,160.9
615900,160.9
616050,160.9
616200,161
616350,161
616500,161
616650,161
616800,161
616950,161.1
617100,161.1
617250,161.1
617400,161.2
617550,161.2
617700,161.2
617850,161.2
618000,161.2
618150,161.2
618300,161.2
618450,161.2
618600,161.3
618750,161.3
618900,161.3
619050,161.3
619200,161.3
619350,161.3
619500,161.3
619650,161.3
619800,161.3
619950,161.3
620100,161.3
620250,161.3
620400,161.3
620550,161.4
620700,161.4
620850,161.4
621000,161.4
621150,161.4
621300,161.4
621450,161.4
621600,161.4
621750,161.4
621900,161.4
622050,161.5
622200,161.5
622350,161.5
622500,161.6
622650,161.6
622800,161.7
622950,161.7
623100,161.7
623250,161.7
623400,161.7
623550,161.7
623700,161.9
623850,161.9
624000,161.9
624150,161.9
624300,161.9
624450,162
624600,162
624750,162
624900,162
625050,162
625200,162
625350,162
625500,162
625650,162.1
625800,162.1
625950,162.1
626100,162.1
626250,162.1
626400,162.2
626550,162.2
626700,162.2
626850,162.2
627000,162.2
627150,162.2
627300,162.2
627450,162.2
627600,162.2
627750,162.2
627900,162.2
628050,162.2
628200,162.2
628350,162.2
628500,162.2
628650,162.2
628800,162.2
628950,162.2
629100,162.2
629250,162.2
629400,162.2
629550,162.2
629700,162.2
629850,162.2
630000,162.2
630150,162.2
630300,162.2
630450,162.2
630600,162.2
630750,162.2
630900,162.2
631050,162.2
631200,162.2
631350,162.2
631500,162.2
631650,162.2
631800,162.2
631950,162.2
632100,162.2
632250,162.2
632400,162.1
632550,162.1
632700,162.1
632850,162.1
633000,162.1
633150,162
633300,162
633450,162
633600,162
633750,162
633900,162
634050,162
634200,162
634350,162
634500,162
634650,161.9
634800,161.9
634950,161.9
635100,161.9
635250,161.9
635400,161.9
635550,161.9
635700,161.9
635850,161.9
636000,161.9
636150,161.9
636300,161.9
636450,161.9
636600,161.8
636750,161.8
636900,161.8
637050,161.7
637200,161.7
637350,161.7
637500,161.6
637650,161.6
637800,161.5
637950,161.5
638100,161.5
638250,161.5
638400,161.5
638550,161.5
638700,161.4
638850,161.4
639000,161.4
639150,161.4
639300,161.4
639450,161.3
639600,161.3
639750,161.3
639900,161.2
640050,161.2
640200,161.1
640350,161.1
640500,161.1
640650,161.1
640800,161.1
640950,161.1
641100,161.1
641250,161.1
641400,161
641550,161
641700,161
641850,161
642000,161
642150,160.9
642300,160.9
642450,160.9
642600,160.9
642750,160.9
642900,160.8
643050,160.8
643200,160.8
643350,160.7
643500,160.7
643650,160.7
643800,160.7
643950,160.7
644100,160.5
644250,160.5
644400,160.5
644550,160.5
644700,160.5
644850,160.5
645000,160.5
645150,160.5
645300,160.4
645450,160.4
645600,160.4
645750,160.4
645900,160.4
646050,160.2
646200,160.2
646350,160.2
646500,160.2
646650,160.2
646800,160.2
646950,160
647100,160
647250,159.9
647400,159.9
647550,159.9
647700,159.9
647850,159.9
648000,159.9
648150,159.9
648300,159.9
648450,159.8
648600,159.8
648750,159.8
648900,159.8
649050,159.8
649200,159.8
649350,159.8
649500,159.8
649650,159.7
649800,159.7
649950,159.7
650100,159.7
650250,159.7
650400,159.7
650550,159.7
650700,159.7
650850,159.7
651000,159.7
651150,159.7
651300,159.6
651450,159.6
651600,159.5
651750,159.5
651900,159.5
652050,159.5
652200,159.5
652350,159.5
652500,159.4
652650,159.4
652800,159.3
652950,159.3
653100,159.3
653250,159.3
653400,159.3
653550,159.3
653700,159.3
653850,159.3
654000,159.2
654150,159.2
654300,159.2
654450,159.1
654600,159.1
654750,159
654900,159
655050,159
655200,159
655350,159
655500,159
655650,159
655800,159
655950,158.9
656100,158.9
656250,158.9
656400,158.8
656550,158.8
656700,158.7
656850,158.7
657000,158.7
657150,158.7
657300,158.7
657450,158.7
657600,158.6
657750,158.6
657900,158.6
658050,158.6
658200,158.6
658350,158.6
658500,158.6
658650,158.6
658800,158.6
658950,158.6
659100,158.6
659250,158.6
659400,158.6
659550,158.6
659700,158.6
659850,158.6
660000,158.6
660150,158.6
660300,158.6
660450,158.6
660600,158.6
660750,158.6
660900,158.6
661050,158.6
661200,158.6
661350,158.6
661500,158.7
661650,158.7
661800,158.7
661950,158.7
662100,158.7
662250,158.7
662400,158.7
662550,158.7
662700,158.7
662850,158.7
663000,158.7
663150,158.7
663300,158.7
663450,158.7
663600,158.7
663750,158.7
663900,158.8
664050,158.8
664200,158.8
664350,158.9
664500,158.9
664650,159
664800,159
664950,159
665100,159
665250,159
665400,159
665550,159
665700,159
665850,159.1
666000,159.1
666150,159.1
666300,159.1
666450,159.1
666600,159.1
666750,159.1
666900,159.1
667050,159.1
667200,159.1
667350,159.1
667500,159.2
667650,159.2
667800,159.3
667950,159.3
668100,159.3
668250,159.4
668400,159.4
668550,159.4
668700,159.4
668850,159.4
669000,159.5
669150,159.5
669300,159.5
669450,159.6
669600,159.6
669750,159.6
669900,159.6
670050,159.6
670200,159.6
670350,159.6
670500,159.6
670650,159.6
670800,159.6
670950,159.7
671100,159.7
671250,159.7
671400,159.7
671550,159.7
671700,159.8
671850,159.8
672000,159.8
672150,159.8
672300,159.8
672450,159.8
672600,159.9
672750,159.9
672900,160
673050,160
673200,160
673350,160.1
673500,160.1
673650,160.1
673800,160.2
673950,160.2
674100,160.2
674250,160.2
674400,160.2
674550,160.3
674700,160.3
674850,160.3
675000,160.4
675150,160.4
675300,160.4
675450,160.4
675600,160.4
675750,160.5
675900,160.5
676050,160.5
676200,160.7
676350,160.7
676500,160.7
676650,160.7
676800,160.7
676950,160.9
677100,160.9
677250,161
677400,161
677550,161
677700,161.1
677850,161.1
678000,161.1
678150,161.2
678300,161.2
678450,161.3
678600,161.3
678750,161.3
678900,161.4
679050,161.4
679200,161.4
679350,161.4
679500,161.4
679650,161.5
679800,161.5
679950,161.5
680100,161.6
680250,161.6
680400,161.7
680550,161.7
680700,161.7
680850,161.7
681000,161.7
681150,161.7
681300,161.9
681450,161.9
681600,161.9
681750,161.9
681900,161.9
682050,162
682200,162
682350,162
682500,162
682650,162
682800,162.2
682950,162.2
683100,162.2
683250,162.2
683400,162.2
683550,162.2
683700,162.3
683850,162.3
684000,162.3
684150,162.3
684300,162.3
684450,162.3
684600,162.3
684750,162.3
684900,162.3
685050,162.3
685200,162.3
685350,162.3
685500,162.3
685650,162.4
685800,162.4
685950,162.4
686100,162.4
686250,162.4
686400,162.5
686550,162.5
686700,162.5
686850,162.5
687000,162.5
687150,162.5
687300,162.5
687450,162.5
687600,162.5
687750,162.5
687900,162.5
688050,162.5
688200,162.5
688350,162.6
688500,162.6
688650,162.6
688800,162.6
688950,162.6
689100,162.6
689250,162.6
689400,162.6
689550,162.6
689700,162.6
689850,162.6
690000,162.7
690150,162.7
690300,162.6
690450,162.6
690600,162.6
690750,162.6
690900,162.6
691050,162.6
691200,162.6
691350,162.6
691500,162.6
691650,162.6
691800,162.6
691950,162.7
692100,162.7
692250,162.7
692400,162.7
692550,162.7
692700,162.6
692850,162.6
693000,162.6
693150,162.6
693300,162.6
693450,162.6
693600,162.6
693750,162.6
693900,162.6
694050,162.6
694200,162.6
694350,162.6
694500,162.6
694650,162.6
694800,162.6
694950,162.6
695100,162.6
695250,162.6
695400,162.6
695550,162.6
695700,162.6
695850,162.6
696000,162.6
696150,162.6
696300,162.6
696450,162.6
696600,162.5
696750,162.5
696900,162.5
697050,162.4
697200,162.4
697350,162.4
697500,162.4
697650,162.4
697800,162.4
697950,162.4
698100,162.4
698250,162.4
698400,162.4
698550,162.3
698700,162.3
698850,162.3
699000,162.3
699150,162.3
699300,162.3
699450,162.3
699600,162.3
699750,162.2
699900,162.2
700050,162.2
700200,162.2
700350,162.2
700500,162.2
700650,162.1
700800,162.1
700950,162
701100,162
701250,162
701400,161.9
701550,161.9
701700,161.8
701850,161.8
702000,161.8
702150,161.7
702300,161.7
702450,161.7
702600,161.6
702750,161.6
702900,161.5
703050,161.5
703200,161.5
703350,161.4
703500,161.4
703650,161.4
703800,161.3
703950,161.3
704100,161.2
704250,161.2
704400,161.2
704550,161.2
704700,161.2
704850,161
705000,161
705150,161
705300,160.9
705450,160.9
705600,160.9
705750,160.8
705900,160.8
706050,160.8
706200,160.8
706350,160.8
706500,160.7
706650,160.7
706800,160.7
706950,160.7
707100,160.7
707250,160.6
707400,160.6
707550,160.6
707700,160.6
707850,160.6
708000,160.5
708150,160.5
708300,160.5
708450,160.3
708600,160.3
708750,160.3
708900,160.2
709050,160.2
709200,160.1
709350,160.1
709500,160.1
709650,160
709800,160
709950,160
710100,160
710250,160
710400,160
710550,160
710700,160
710850,159.9
711000,159.9
711150,159.8
711300,159.8
711450,159.8
711600,159.8
711750,159.8
711900,159.8
712050,159.7
712200,159.7
712350,159.7
712500,159.7
712650,159.7
712800,159.6
712950,159.6
713100,159.6
713250,159.6
713400,159.6
713550,159.6
713700,159.6
713850,159.6
714000,159.6
714150,159.6
714300,159.5
714450,159.5
714600,159.5
714750,159.4
714900,159.4
715050,159.4
715200,159.4
715350,159.4
715500,159.3
715650,159.3
715800,159.3
715950,159.2
716100,159.2
716250,159.2
716400,159.1
716550,159.1
716700,159
716850,159
717000,159
717150,159
717300,159
717450,159
717600,158.9
717750,158.9
717900,158.8
718050,158.8
718200,158.8
718350,158.8
718500,158.8
718650,158.8
718800,158.8
718950,158.8
719100,158.7
719250,158.7
719400,158.7
719550,158.7
719700,158.7
719850,158.6
720000,158.6
720150,158.6
720300,158.7
720450,158.7
720600,158.6
720750,158.6
720900,158.6
721050,158.6
721200,158.6
721350,158.6
721500,158.6
721650,158.6
721800,158.6
721950,158.6
722100,158.6
722250,158.7
722400,158.7
722550,158.7
722700,158.7
722850,158.7
723000,158.8
723150,158.8
723300,158.8
723450,158.8
723600,158.8
723750,158.9
723900,158.9
724050,158.9
724200,158.9
724350,158.9
724500,158.9
724650,158.8
724800,158.8
724950,158.9
725100,158.9
725250,158.9
725400,158.8
725550,158.8
725700,158.8
725850,158.9
726000,158.9
726150,158.9
726300,158.9
726450,158.9
726600,159
726750,159
726900,159
727050,159
727200,159
727350,159.1
727500,159.1
727650,159.1
727800,159.2
727950,159.2
728100,159.2
728250,159.2
728400,159.2
728550,159.2
728700,159.2
728850,159.2
729000,159.3
729150,159.3
729300,159.3
729450,159.3
729600,159.3
729750,159.4
729900,159.4
730050,159.4
730200,159.5
730350,159.5
730500,159.6
730650,159.6
730800,159.6
730950,159.6
731100,159.6
731250,159.6
731400,159.7
731550,159.7
731700,159.8
731850,159.8
732000,159.8
732150,159.9
732300,159.9
732450,159.9
732600,160
732750,160
732900,160
733050,160
733200,160
733350,160
733500,160
733650,160
733800,160.1
733950,160.1
734100,160.2
734250,160.2
734400,160.2
734550,160.2
734700,160.2
734850,160.2
735000,160.2
735150,160.2
735300,160.3
735450,160.3
735600,160.3
735750,160.4
735900,160.4
736050,160.4
736200,160.4
736350,160.4
736500,160.5
736650,160.5
736800,160.5
736950,160.5
737100,160.5
737250,160.6
737400,160.6
737550,160.6
737700,160.6
737850,160.6
738000,160.6
738150,160.7
738300,160.7
738450,160.7
738600,160.7
738750,160.8
738900,160.8
739050,160.8
739200,160.8
739350,160.8
739500,160.8
739650,160.8
739800,160.8
739950,160.8
740100,160.9
740250,160.9
740400,161
740550,161
740700,161
740850,161.1
741000,161.1
741150,161.1
741300,161.2
741450,161.2
741600,161.3
741750,161.3
741900,161.3
742050,161.4
742200,161.4
742350,161.4
742500,161.4
742650,161.4
742800,161.5
742950,161.5
743100,161.5
743250,161.5
743400,161.5
743550,161.4
743700,161.4
743850,161.4
744000,161.5
744150,161.5
744300,161.5
744450,161.5
744600,161.5
744750,161.5
744900,161.5
745050,161.5
745200,161.6
745350,161.6
745500,161.6
745650,161.6
745800,161.6
745950,161.6
746100,161.6
746250,161.6
746400,161.6
746550,161.6
746700,161.6
746850,161.6
747000,161.6
747150,161.6
747300,161.6
747450,161.6
747600,161.6
747750,161.6
747900,161.6
748050,161.6
748200,161.6
748350,161.6
748500,161.6
748650,161.5
748800,161.5
748950,161.5
749100,161.5
749250,161.5
749400,161.5
749550,161.5
749700,161.5
749850,161.5
750000,161.5
750150,161.5
750300,161.4
750450,161.4
750600,161.4
750750,161.4
750900,161.4
751050,161.3
751200,161.3
751350,161.3
751500,161.3
751650,161.3
751800,161.2
751950,161.2
752100,161.2
752250,161.2
752400,161.2
752550,161.2
752700,161.2
752850,161.2
753000,161.1
753150,161.1
753300,161.1
753450,161.2
753600,161.2
753750,161
753900,161
754050,161
754200,161
754350,161
754500,161
754650,161.1
754800,161.1
754950,161.1
755100,161.1
755250,161.1
755400,161
755550,161
755700,161
755850,161
756000,161
756150,161
756300,161
756450,161
756600,160.9
756750,160.9
756900,160.8
757050,160.8
757200,160.8
757350,160.8
757500,160.8
757650,160.7
757800,160.7
757950,160.7
758100,160.6
758250,160.6
758400,160.6
758550,160.6
758700,160.6
758850,160.6
759000,160.6
759150,160.6
759300,160.6
759450,160.6
759600,160.6
759750,160.6
759900,160.6
760050,160.6
760200,160.6
760350,160.6
760500,160.6
760650,160.6
760800,160.6
760950,160.6
761100,160.6
761250,160.6
761400,160.6
761550,160.6
761700,160.6
761850,160.6
762000,160.6
762150,160.5
762300,160.5
762450,160.5
762600,160.5
762750,160.5
762900,160.5
763050,160.5
763200,160.4
763350,160.4
763500,160.4
763650,160.3
763800,160.3
763950,160.3
764100,160.2
764250,160.2
764400,160.2
764550,160.2
764700,160.2
764850,160.1
765000,160.1
765150,160.1
765300,160.1
765450,160.1
765600,160
765750,160
765900,160
766050,160
766200,160
766350,160
766500,160
766650,160
766800,159.9
766950,159.9
767100,159.9
767250,159.7
767400,159.7
767550,159.6
767700,159.6
767850,159.6
768000,159.6
768150,159.6
768300,159.6
768450,159.5
768600,159.5
768750,159.5
768900,159.5
769050,159.5
769200,159.4
769350,159.4
769500,159.4
769650,159.4
769800,159.4
769950,159.3
770100,159.3
770250,159.3
770400,159.2
770550,159.2
770700,159.1
770850,159.1
771000,159.1
771150,159.1
771300,159.1
771450,159.1
771600,159.1
771750,159.1
771900,159
772050,159
772200,159
772350,159
772500,159
772650,159
772800,159
772950,159
773100,159
773250,159
773400,159
773550,158.9
773700,158.9
773850,158.9
774000,158.9
774150,158.9
774300,158.9
774450,158.9
774600,158.9
774750,158.9
774900,158.9
775050,158.9
775200,158.8
775350,158.8
775500,158.8
775650,158.8
775800,158.8
775950,158.8
776100,158.8
776250,158.8
776400,158.8
776550,158.8
776700,158.8
776850,158.8
777000,158.8
777150,158.8
777300,158.8
777450,158.8
777600,158.8
777750,158.8
777900,158.8
778050,158.8
778200,158.8
778350,158.8
778500,158.8
778650,158.9
778800,158.9
778950,158.9
779100,158.9
779250,158.9
779400,159
779550,159
779700,159
779850,158.9
780000,158.9
780150,158.9
780300,159
780450,159
780600,159
780750,159
780900,159
781050,159
781200,159
781350,159
781500,159.1
781650,159.1
781800,159
781950,159
782100,159
782250,159.1
782400,159.1
782550,159.1
782700,159.1
782850,159.1
783000,159.2
783150,159.2
783300,159.2
783450,159.2
783600,159.2
783750,159.1
783900,159.1
784050,159.1
784200,159.1
784350,159.1
784500,159.1
784650,159.2
784800,159.2
784950,159.1
785100,159.1
785250,159.1
785400,159.2
785550,159.2
785700,159.3
785850,159.3
786000,159.3
786150,159.3
786300,159.3
786450,159.4
786600,159.4
786750,159.4
786900,159.5
787050,159.5
787200,159.5
787350,159.5
787500,159.5
787650,159.6
787800,159.6
787950,159.6
788100,159.6
788250,159.6
788400,159.6
788550,159.7
788700,159.7
788850,159.8
789000,159.8
789150,159.8
789300,159.9
789450,159.9
789600,159.9
789750,159.9
789900,159.9
790050,160
790200,160
790350,160
790500,160
790650,160
790800,160
790950,160
791100,160
791250,160.1
791400,160.1
791550,160.1
791700,160.1
791850,160.1
792000,160.2
792150,160.2
792300,160.2
792450,160.2
792600,160.2
792750,160.2
792900,160.3
793050,160.3
793200,160.5
793350,160.5
793500,160.5
793650,160.5
793800,160.5
793950,160.5
794100,160.5
794250,160.5
794400,160.6
794550,160.6
794700,160.6
794850,160.6
795000,160.6
795150,160.7
795300,160.7
795450,160.7
795600,160.7
795750,160.7
795900,160.8
796050,160.8
796200,160.8
796350,160.9
796500,160.9
796650,160.9
796800,161
796950,161
797100,161.1
797250,161.1
797400,161.1
797550,161.2
797700,161.2
797850,161.3
798000,161.3
798150,161.3
798300,161.5
798450,161.5
798600,161.5
798750,161.6
798900,161.6
799050,161.6
799200,161.6
799350,161.6
799500,161.7
799650,161.7
799800,161.8
799950,161.8
800100,161.8
800250,161.9
800400,161.9
800550,161.9
800700,161.9
800850,161.9
801000,162
801150,162
801300,162
801450,162.1
801600,162.1
801750,162.1
801900,162.1
802050,162.1
802200,162.1
802350,162.1
802500,162.1
802650,162.2
802800,162.2
802950,162.2
803100,162.2
803250,162.2
803400,162.2
803550,162.3
803700,162.3
803850,162.3
804000,162.3
804150,162.3
804300,162.3
804450,162.3
804600,162.4
804750,162.4
804900,162.4
805050,162.4
805200,162.4
805350,162.4
805500,162.4
805650,162.4
805800,162.6
805950,162.6
806100,162.6
806250,162.6
806400,162.6
806550,162.6
806700,162.6
806850,162.6
807000,162.6
807150,162.6
807300,162.6
807450,162.5
807600,162.5
807750,162.5
807900,162.5
808050,162.5
808200,162.4
808350,162.4
808500,162.4
808650,162.4
808800,162.4
808950,162.3
809100,162.3
809250,162.3
809400,162.3
809550,162.3
809700,162.3
809850,162.2
810000,162.2
810150,162.1
810300,162.1
810450,162.1
810600,162.1
810750,162.1
810900,162.1
811050,162.1
811200,162.1
811350,162
811500,162
811650,162
811800,162
811950,162
812100,162
812250,162
812400,162
812550,162
812700,162
812850,162
813000,162
813150,162
813300,162
813450,162
813600,162
813750,162
813900,162
814050,162
814200,161.9
814350,161.9
814500,161.9
814650,161.9
814800,161.9
814950,161.9
815100,161.9
815250,161.8
815400,161.8
815550,161.8
815700,161.8
815850,161.8
816000,161.8
816150,161.8
816300,161.8
816450,161.7
816600,161.7
816750,161.7
816900,161.6
817050,161.6
817200,161.6
817350,161.5
817500,161.5
817650,161.4
817800,161.4
817950,161.4
818100,161.3
818250,161.3
818400,161.2
818550,161.2
818700,161.2
818850,161.2
819000,161.2
819150,161.2
819300,161.2
819450,161.2
819600,161.2
819750,161.2
819900,161.2
820050,161.2
820200,161.2
820350,161.2
820500,161.2
820650,161.2
820800,161.2
820950,161.2
821100,161.2
821250,161.1
821400,161.1
821550,161.1
821700,161.1
821850,161.1
822000,161
822150,161
822300,161
822450,160.9
822600,160.9
822750,160.8
822900,160.8
823050,160.8
823200,160.8
823350,160.8
823500,160.7
823650,160.7
823800,160.7
823950,160.7
824100,160.7
824250,160.6
824400,160.6
824550,160.6
824700,160.6
824850,160.6
825000,160.6
825150,160.5
825300,160.5
825450,160.5
825600,160.5
825750,160.5
825900,160.4
826050,160.4
826200,160.4
826350,160.3
826500,160.3
826650,160.2
826800,160.2
